Rk,Player,Nation,Pos,Squad,Age,Born,90s,Performance CrdY,Performance CrdR,Performance 2CrdY,Performance Fls,Performance Fld,Performance Off,Performance Crs,Performance Int,Performance TklW,Performance PKwon,Performance PKcon,Performance OG,Performance Recov,Aerial Duels Won,Aerial Duels Lost,Aerial Duels Won%
1,Max Aarons,eng ENG,DF,Bournemouth,23,2000,13.7,1,0,0,12,26,2,13,8,19,0,1,0,75,5,11,31.3
2,Joshua Acheampong,eng ENG,DF,Chelsea,17,2006,0.1,0,0,0,0,0,0,0,0,0,0,0,0,1,0,1,0.0
3,Tyler Adams,us USA,MF,Bournemouth,24,1999,1.3,0,0,0,0,3,0,1,4,3,0,0,0,7,2,3,40.0
4,Tosin Adarabioyo,eng ENG,DF,Fulham,25,1997,18.0,2,0,0,10,5,0,1,25,11,0,0,0,43,56,28,66.7
5,Elijah Adebayo,eng ENG,FW,Luton Town,25,1998,15.8,1,0,0,27,16,13,5,6,1,0,0,0,34,43,43,50.0
6,Simon Adingra,ci CIV,FW,Brighton,21,2002,24.7,3,0,0,29,19,17,76,19,20,1,0,0,118,8,12,40.0
7,Nayef Aguerd,ma MAR,DF,West Ham,27,1996,20.6,3,1,1,10,6,0,5,17,14,0,1,0,102,48,32,60.0
8,Brandon Aguilera,cr CRC,FW,Nott'ham Forest,20,2003,0.1,0,0,0,3,0,0,0,0,0,0,0,0,0,0,0,
9,Naouirou Ahamada,fr FRA,"MF,FW",Crystal Palace,21,2002,3.9,4,1,1,9,6,1,6,2,9,0,0,0,30,3,3,50.0
10,Anel Ahmedhodžić,ba BIH,DF,Sheffield Utd,24,1999,29.4,11,1,1,34,13,2,6,35,36,0,0,0,107,51,37,58.0
11,Ola Aina,ng NGA,DF,Nott'ham Forest,26,1996,18.8,3,0,0,18,25,2,28,18,31,0,1,0,97,16,12,57.1
12,Rayan Aït-Nouri,dz ALG,"DF,MF",Wolves,22,2001,25.9,7,0,0,25,53,8,41,15,44,1,1,0,136,21,25,45.7
13,Kristoffer Ajer,no NOR,DF,Brentford,25,1998,20.4,5,0,0,25,10,1,22,25,21,0,0,0,60,63,23,73.3
14,Manuel Akanji,ch SUI,"DF,MF",Manchester City,28,1995,27.9,4,1,1,17,19,0,9,23,28,0,0,0,142,27,27,50.0
15,Nathan Aké,nl NED,DF,Manchester City,28,1995,22.7,0,0,0,10,18,0,11,14,16,0,0,0,119,46,28,62.2
16,Thiago Alcántara,es ESP,MF,Liverpool,32,1991,0.1,0,0,0,0,0,0,0,0,0,0,0,0,0,0,0,
17,Trent Alexander-Arnold,eng ENG,DF,Liverpool,24,1998,23.9,6,0,0,9,9,2,168,31,26,0,0,0,176,8,6,57.1
18,Alisson,br BRA,GK,Liverpool,30,1992,28.0,1,0,0,1,5,0,0,0,0,0,0,0,36,6,2,75.0
19,Miguel Almirón,py PAR,FW,Newcastle Utd,29,1994,21.5,2,0,0,16,22,10,24,10,24,0,0,0,97,6,7,46.2
20,Edson Álvarez,mx MEX,MF,West Ham,25,1997,26.4,11,0,0,33,15,1,4,42,39,0,1,0,164,30,34,46.9
21,Julián Álvarez,ar ARG,"MF,FW",Manchester City,23,2000,29.4,2,0,0,23,13,2,137,2,13,2,0,0,98,4,24,14.3
22,Zeki Amdouni,ch SUI,FW,Burnley,22,2000,21.7,2,0,0,22,39,2,8,9,18,1,0,0,79,15,56,21.1
23,Sofyan Amrabat,ma MAR,"MF,DF",Manchester Utd,26,1996,10.4,6,0,0,24,10,0,7,8,16,0,0,0,60,5,6,45.5
24,Joachim Andersen,dk DEN,DF,Crystal Palace,27,1996,37.9,7,0,0,43,23,1,31,41,35,0,0,0,193,89,46,65.9
25,Elliot Anderson,eng ENG,"MF,FW",Newcastle Utd,20,2002,11.4,3,0,0,21,19,1,19,8,18,0,0,0,60,19,12,61.3
26,Jaidon Anthony,eng ENG,FW,Bournemouth,23,1999,1.7,1,0,0,4,2,2,2,1,1,0,0,0,11,1,3,25.0
27,Michail Antonio,jm JAM,FW,West Ham,33,1990,18.8,6,0,0,25,28,9,27,4,8,0,0,0,55,33,53,38.4
28,Antony,br BRA,FW,Manchester Utd,23,2000,14.7,5,0,0,19,32,2,16,12,21,1,1,0,96,2,21,8.7
29,Oliver Arblaster,eng ENG,MF,Sheffield Utd,19,2004,10.5,2,0,0,10,12,0,7,15,14,0,0,1,52,9,15,37.5
30,Cameron Archer,eng ENG,"FW,MF",Sheffield Utd,22,2001,20.4,1,0,0,14,20,13,5,1,13,0,0,0,62,7,42,14.3
31,Cameron Archer,eng ENG,MF,Aston Villa,22,2001,0.1,1,0,0,1,0,0,0,0,0,0,0,0,1,0,0,
32,Alphonse Areola,fr FRA,GK,West Ham,30,1993,30.0,1,0,0,2,3,0,0,1,1,0,2,1,15,10,1,90.9
33,Lorenz Assignon,tg TOG,DF,Burnley,23,2000,13.7,5,1,1,33,16,1,29,19,17,0,2,0,67,13,17,43.3
34,Serge Aurier,ci CIV,"DF,MF",Nott'ham Forest,30,1992,9.3,2,0,0,8,9,0,22,9,14,0,0,0,50,30,20,60.0
35,Taiwo Awoniyi,ng NGA,FW,Nott'ham Forest,25,1997,11.6,2,0,0,9,16,13,1,1,7,0,0,0,33,21,48,30.4
36,Jordan Ayew,gh GHA,"FW,MF",Crystal Palace,31,1991,28.3,9,1,1,46,94,7,97,16,36,0,0,0,155,33,61,35.1
37,Benoît Badiashile,fr FRA,DF,Chelsea,22,2001,14.9,3,0,0,17,6,1,2,18,15,0,1,1,82,28,22,56.0
38,Leon Bailey,jm JAM,"MF,FW",Aston Villa,25,1997,23.0,5,0,0,26,26,11,75,9,7,0,0,0,107,14,24,36.8
39,Stefan Bajcetic,es ESP,MF,Liverpool,18,2004,0.3,0,0,0,1,2,0,0,0,1,0,0,0,2,0,0,
40,George Baldock,gr GRE,DF,Sheffield Utd,30,1993,10.8,4,0,0,19,14,1,18,10,10,1,0,0,44,13,13,50.0
41,Carlos Baleba,cm CMR,MF,Brighton,19,2004,14.7,7,0,0,40,27,0,0,18,20,0,0,0,95,24,9,72.7
42,Fodé Ballo-Touré,sn SEN,"DF,MF",Fulham,26,1997,0.8,1,0,0,4,2,0,4,3,2,0,0,0,6,0,2,0.0
43,Shandon Baptiste,gd GRN,MF,Brentford,25,1998,2.5,1,0,0,3,0,0,3,3,4,0,0,0,17,3,6,33.3
44,Valentín Barco,ar ARG,"DF,FW",Brighton,19,2004,3.4,1,0,0,7,7,0,30,4,5,0,0,0,16,1,7,12.5
45,Ross Barkley,eng ENG,MF,Luton Town,29,1993,29.1,6,0,0,25,40,0,45,25,19,0,0,0,201,42,34,55.3
46,Harvey Barnes,eng ENG,"FW,MF",Newcastle Utd,25,1997,8.9,2,0,0,5,21,2,12,5,1,0,0,0,43,4,8,33.3
47,Chris Basham,eng ENG,"DF,MF",Sheffield Utd,35,1988,3.6,1,0,0,3,3,2,4,5,2,0,0,0,16,7,8,46.7
48,Calvin Bassey,ng NGA,DF,Fulham,23,1999,25.6,6,1,1,15,11,2,3,28,29,0,1,0,171,30,25,54.5
49,Owen Beck,wls WAL,DF,Liverpool,20,2002,0.1,0,0,0,0,0,0,0,0,1,0,0,0,0,0,0,
50,Donny van de Beek,nl NED,DF,Manchester Utd,26,1997,0.0,0,0,0,0,0,0,0,0,0,0,0,0,0,0,0,
51,Amari'i Bell,jm JAM,DF,Luton Town,29,1994,19.1,0,0,0,22,16,0,13,25,33,0,0,0,98,20,22,47.6
52,Jean-Ricner Bellegarde,fr FRA,"MF,FW",Wolves,25,1998,10.6,0,1,0,10,24,2,30,8,10,0,0,0,41,8,26,23.5
53,Anis Ben Slimane,tn TUN,MF,Sheffield Utd,22,2001,4.7,2,0,0,7,6,2,0,5,6,0,0,1,35,7,18,28.0
54,Saïd Benrahma,dz ALG,"FW,MF",West Ham,27,1995,6.9,1,0,0,5,6,1,17,5,4,0,0,0,43,1,5,16.7
55,Rodrigo Bentancur,uy URU,MF,Tottenham,26,1997,11.2,7,0,0,20,17,0,9,17,15,0,0,0,54,14,22,38.9
56,Daniel Bentley,eng ENG,GK,Wolves,30,1993,4.3,0,0,0,0,0,0,0,0,0,0,0,0,6,2,0,100.0
57,Jóhann Berg Guðmundsson,is ISL,"MF,FW",Burnley,32,1990,13.2,2,0,0,9,20,2,70,16,4,0,0,0,56,14,21,40.0
58,Sander Berge,no NOR,MF,Burnley,25,1998,33.4,10,1,1,40,19,2,12,23,46,0,0,0,202,64,48,57.1
59,Luke Berry,eng ENG,"MF,DF",Luton Town,31,1992,3.6,1,0,0,6,7,0,8,0,2,0,0,0,8,7,7,50.0
60,Beto,gw GNB,FW,Everton,25,1998,10.6,2,0,0,21,19,10,5,1,6,0,0,0,36,47,56,45.6
61,Jordan Beyer,de GER,DF,Burnley,23,2000,13.7,6,0,0,11,6,0,0,16,20,0,0,0,57,28,26,51.9
62,Philip Billing,dk DEN,MF,Bournemouth,27,1996,15.5,3,1,0,19,12,0,29,20,16,0,0,0,76,36,24,60.0
63,Yves Bissouma,ml MLI,MF,Tottenham,26,1996,23.0,10,2,1,35,31,0,1,37,52,0,0,0,128,14,15,48.3
64,Benicio Boaitey,eng ENG,"FW,DF",Brighton,19,2004,0.4,1,0,0,2,0,1,0,0,0,0,0,0,2,0,0,
65,Oscar Bobb,no NOR,"FW,MF",Manchester City,20,2003,3.4,0,0,0,2,3,0,5,5,3,0,0,0,17,1,2,33.3
66,Jayden Bogle,eng ENG,DF,Sheffield Utd,23,2000,31.0,9,0,0,38,22,4,40,32,36,0,0,1,139,50,28,64.1
67,Willy Boly,ci CIV,DF,Nott'ham Forest,32,1991,16.0,3,1,1,20,2,1,1,25,29,0,0,0,86,57,26,68.7
68,Sven Botman,nl NED,DF,Newcastle Utd,23,2000,15.3,2,0,0,9,2,1,0,9,13,0,1,1,70,34,17,66.7
69,Jarrod Bowen,eng ENG,FW,West Ham,26,1996,33.5,2,0,0,28,42,20,75,19,28,0,0,0,118,33,70,32.0
70,Conor Bradley,nir NIR,DF,Liverpool,20,2003,8.4,2,0,0,8,12,2,18,10,25,0,0,1,50,11,5,68.8
71,Jarrad Branthwaite,eng ENG,DF,Everton,21,2002,34.6,8,0,0,25,19,5,1,50,32,1,1,0,181,94,43,68.6
72,Ben Brereton,cl CHI,"FW,MF",Sheffield Utd,24,1999,12.3,3,0,0,11,19,11,9,3,4,1,0,0,39,7,23,23.3
73,Rhian Brewster,eng ENG,"FW,MF",Sheffield Utd,23,2000,3.8,0,1,0,5,5,1,3,1,1,0,0,0,9,4,19,17.4
74,Armando Broja,al ALB,FW,Chelsea,21,2001,5.0,0,0,0,4,8,6,1,0,0,1,0,0,13,4,14,22.2
75,Armando Broja,al ALB,FW,Fulham,21,2001,1.0,0,0,0,5,3,0,1,0,0,0,0,0,3,6,9,40.0
76,Andre Brooks,eng ENG,"MF,DF",Sheffield Utd,19,2003,10.4,1,0,0,11,9,0,8,14,13,0,0,0,45,11,14,44.0
77,David Brooks,wls WAL,"FW,MF",Bournemouth,26,1997,3.1,1,0,0,6,1,1,15,2,4,0,0,0,17,1,6,14.3
78,Jacob Brown,sct SCO,"MF,FW",Luton Town,25,1998,11.3,4,0,0,19,19,6,10,8,12,0,0,0,56,43,54,44.3
79,Josh Brownhill,eng ENG,MF,Burnley,27,1995,25.0,4,1,0,38,24,2,57,34,35,0,1,0,124,34,33,50.7
80,Jacob Bruun Larsen,dk DEN,"MF,FW",Burnley,24,1998,13.9,1,0,0,13,7,11,62,7,4,0,0,0,64,12,28,30.0
81,Hugo Bueno,es ESP,"DF,MF",Wolves,20,2002,8.2,1,0,0,7,6,1,29,6,14,0,0,1,37,9,12,42.9
82,Santiago Bueno,uy URU,DF,Wolves,24,1998,9.1,1,0,0,10,5,0,2,6,7,0,0,0,30,15,26,36.6
83,Facundo Buonanotte,ar ARG,"FW,MF",Brighton,18,2004,15.2,7,0,0,34,41,3,6,8,22,0,0,0,66,6,16,27.3
84,Reece Burke,eng ENG,DF,Luton Town,26,1996,18.4,5,0,0,20,12,1,13,18,23,0,1,0,62,46,32,59.0
85,Dan Burn,eng ENG,DF,Newcastle Utd,31,1992,30.3,4,0,0,32,11,4,11,37,33,0,1,0,124,101,47,68.2
86,Mason Burstow,eng ENG,FW,Chelsea,19,2003,0.1,0,0,0,0,0,0,0,0,0,0,0,0,0,0,0,
87,Moisés Caicedo,ec ECU,MF,Chelsea,21,2001,31.8,11,0,0,50,49,0,10,37,46,0,1,0,200,30,31,49.2
88,Tom Cairney,sct SCO,MF,Fulham,32,1991,16.5,3,0,0,16,23,0,25,13,16,1,0,1,105,14,6,70.0
89,Dominic Calvert-Lewin,eng ENG,FW,Everton,26,1997,24.1,2,0,0,31,32,24,3,4,6,0,0,0,46,137,144,48.8
90,Thomas Cannon,ie IRL,FW,Everton,20,2002,0.0,0,0,0,0,0,0,0,0,0,0,0,0,0,0,0,
91,Diego Carlos,br BRA,DF,Aston Villa,30,1993,20.2,4,0,0,26,4,1,1,13,16,0,0,0,78,21,26,44.7
92,Cesare Casadei,it ITA,"FW,MF",Chelsea,20,2003,0.9,0,0,0,4,1,0,0,0,3,0,0,0,1,12,4,75.0
93,Casemiro,br BRA,"MF,DF",Manchester Utd,31,1992,22.0,7,0,0,30,10,6,13,18,56,0,1,0,133,42,22,65.6
94,Kaelan Casey,eng ENG,DF,West Ham,18,2004,0.0,0,0,0,0,0,0,0,0,0,0,0,0,0,1,0,100.0
95,Matty Cash,pl POL,DF,Aston Villa,25,1997,23.8,8,0,0,30,22,0,39,18,31,0,1,1,110,15,21,41.7
96,Timothy Castagne,be BEL,DF,Fulham,27,1995,29.3,3,0,0,22,10,3,50,38,24,0,0,0,119,35,32,52.2
97,Jonny Castro,es ESP,MF,Wolves,29,1994,0.1,0,0,0,0,0,0,0,0,0,0,0,0,0,0,0,
98,Trevoh Chalobah,eng ENG,DF,Chelsea,24,1999,10.6,1,0,0,3,3,0,0,8,12,0,0,0,46,19,22,46.3
99,Calum Chambers,eng ENG,"MF,DF",Aston Villa,28,1995,1.7,1,0,0,3,1,0,0,2,0,0,0,0,8,1,1,50.0
100,Youssef Chermiti,pt POR,FW,Everton,19,2004,2.3,3,0,0,11,4,6,0,1,2,0,0,0,9,15,19,44.1
101,Ben Chilwell,eng ENG,DF,Chelsea,26,1996,8.4,5,0,0,11,12,4,43,4,10,0,0,0,33,12,15,44.4
102,Tawanda Chirewa,zw ZIM,"MF,FW",Wolves,19,2003,1.6,1,0,0,4,2,1,4,1,3,0,0,0,3,1,3,25.0
103,Leon Chiwome,eng ENG,FW,Wolves,17,2006,1.9,0,0,0,2,2,2,0,0,1,0,0,0,5,2,6,25.0
104,Tahith Chong,nl NED,"MF,FW",Luton Town,23,1999,22.0,4,0,0,21,64,4,35,8,22,0,0,0,104,9,22,29.0
105,Ryan Christie,sct SCO,MF,Bournemouth,28,1995,32.3,6,0,0,48,38,5,73,52,44,0,1,0,231,21,38,35.6
106,Carney Chukwuemeka,eng ENG,"MF,FW",Chelsea,19,2003,2.5,2,0,0,3,2,0,1,0,4,0,0,0,11,1,3,25.0
107,Bobby Clark,eng ENG,MF,Liverpool,18,2005,1.0,0,0,0,4,3,0,0,1,1,0,0,0,6,0,0,
108,Jordan Clark,eng ENG,MF,Luton Town,29,1993,14.5,4,0,0,14,26,5,23,11,17,0,0,0,59,18,15,54.5
109,Nathaniel Clyne,eng ENG,DF,Crystal Palace,32,1991,14.9,0,0,0,6,3,0,9,10,15,0,0,0,50,13,8,61.9
110,Séamus Coleman,ie IRL,DF,Everton,34,1988,7.4,0,0,0,6,5,0,13,7,14,0,0,1,39,1,4,20.0
111,Nathan Collins,ie IRL,DF,Brentford,22,2001,29.5,3,0,0,12,23,3,4,44,20,0,0,0,136,73,35,67.6
112,Levi Colwill,eng ENG,DF,Chelsea,20,2003,20.0,2,0,0,25,14,4,12,26,30,0,0,0,96,43,20,68.3
113,Lewis Cook,eng ENG,MF,Bournemouth,26,1997,31.0,5,1,0,39,16,2,132,65,41,0,0,0,228,42,29,59.2
114,Jack Cork,eng ENG,MF,Burnley,34,1989,0.3,0,0,0,4,1,0,1,1,0,0,0,0,2,0,2,0.0
115,Maxwel Cornet,ci CIV,"MF,FW",West Ham,26,1996,1.2,0,0,0,2,2,3,1,2,2,0,0,0,8,0,5,0.0
116,Vladimír Coufal,cz CZE,DF,West Ham,30,1992,34.8,7,1,1,32,26,1,106,43,41,0,1,0,154,40,37,51.9
117,Philippe Coutinho,br BRA,"MF,FW",Aston Villa,31,1992,0.3,0,0,0,0,1,0,0,0,0,0,0,0,1,0,0,
118,Aaron Cresswell,eng ENG,"DF,FW",West Ham,33,1989,4.8,1,0,0,2,3,1,11,3,2,0,0,0,18,6,3,66.7
119,Marc Cucurella,es ESP,DF,Chelsea,25,1998,19.8,10,0,0,23,35,1,16,22,38,1,1,1,96,22,17,56.4
120,Josh Cullen,ie IRL,MF,Burnley,27,1996,22.9,9,0,0,24,49,0,26,15,29,0,0,0,141,19,24,44.2
121,Matheus Cunha,br BRA,"FW,MF",Wolves,24,1999,27.1,9,0,0,31,50,4,24,13,16,1,0,0,114,16,47,25.4
122,Sam Curtis,ie IRL,DF,Sheffield Utd,17,2005,0.3,0,0,0,0,0,0,1,0,0,0,0,0,1,0,0,
123,Mahmoud Dahoud,de GER,MF,Brighton,27,1996,5.0,1,1,0,6,2,0,3,1,4,0,0,0,26,0,5,0.0
124,Ameen Al-Dakhil,be BEL,DF,Burnley,21,2002,11.7,1,0,0,6,4,0,3,12,5,0,1,1,50,14,23,37.8
125,Diogo Dalot,pt POR,DF,Manchester Utd,24,1999,35.3,6,1,1,45,14,2,80,37,51,0,1,0,195,32,25,56.1
126,Mikkel Damsgaard,dk DEN,MF,Brentford,23,2000,9.4,2,0,0,14,8,3,29,11,17,0,0,0,57,12,11,52.2
127,Danilo,br BRA,MF,Nott'ham Forest,22,2001,19.9,4,0,0,13,9,2,26,35,18,0,1,0,118,14,10,58.3
128,Arnaut Danjuma,nl NED,"MF,FW",Everton,26,1997,6.6,0,0,0,7,5,3,10,3,4,0,0,0,25,3,5,37.5
129,Jayden Danns,eng ENG,FW,Liverpool,17,2006,0.1,1,0,0,2,0,0,0,0,0,0,0,0,1,0,2,0.0
130,Josh Dasilva,eng ENG,"DF,FW",Brentford,24,1998,0.3,0,0,0,2,0,0,6,0,1,0,0,0,2,0,0,
131,David Datro Fofana,ci CIV,FW,Burnley,20,2002,9.8,1,0,0,17,10,9,3,1,5,0,0,0,22,13,33,28.3
132,Ben Davies,wls WAL,DF,Tottenham,30,1993,12.1,2,0,0,8,19,0,10,10,17,1,0,0,53,29,21,58.0
133,Tom Davies,eng ENG,MF,Sheffield Utd,25,1998,2.5,2,0,0,7,2,0,4,3,5,0,1,0,21,3,3,50.0
134,Craig Dawson,eng ENG,DF,Wolves,33,1990,24.5,7,0,0,20,15,4,1,16,20,0,0,0,100,63,32,66.3
135,Kevin De Bruyne,be BEL,MF,Manchester City,32,1991,13.6,2,0,0,11,13,1,136,4,9,0,0,0,54,6,5,54.5
136,Hannes Delcroix,be BEL,DF,Burnley,24,1999,6.5,2,0,0,6,0,0,5,9,6,0,0,0,29,8,9,47.1
137,Leander Dendoncker,be BEL,MF,Aston Villa,28,1995,1.3,0,0,0,1,1,0,0,2,4,0,0,0,4,4,5,44.4
138,Moussa Diaby,fr FRA,"FW,MF",Aston Villa,24,1999,24.2,1,0,0,16,15,6,45,9,5,0,0,0,62,2,15,11.8
139,Amad Diallo,ci CIV,"FW,MF",Manchester Utd,21,2002,4.3,1,0,0,5,4,0,1,1,3,0,0,0,14,4,6,40.0
140,Amadou Diallo,eng ENG,MF,Newcastle Utd,20,2003,0.0,0,0,0,0,0,0,0,0,0,0,0,0,0,0,0,
141,Rúben Dias,pt POR,DF,Manchester City,26,1997,28.4,0,0,0,23,15,0,13,30,20,0,1,1,108,47,42,52.8
142,Luis Díaz,co COL,FW,Liverpool,26,1997,29.2,3,0,0,54,42,20,26,3,25,1,0,0,127,26,48,35.1
143,Eric Dier,eng ENG,DF,Tottenham,29,1994,2.2,0,0,0,0,1,2,0,2,1,0,0,0,7,3,5,37.5
144,Lucas Digne,fr FRA,DF,Aston Villa,30,1993,26.8,7,0,0,29,30,3,154,26,19,0,0,0,101,42,24,63.6
145,Issa Diop,fr FRA,DF,Fulham,26,1997,15.8,4,1,1,17,4,0,0,17,16,0,3,0,65,25,17,59.5
146,Axel Disasi,fr FRA,DF,Chelsea,25,1998,28.7,6,0,0,17,17,4,10,18,19,0,0,1,150,72,31,69.9
147,Ben Doak,sct SCO,FW,Liverpool,17,2005,0.2,0,0,0,0,0,0,0,0,0,0,0,0,1,0,0,
148,Lewis Dobbin,eng ENG,MF,Everton,20,2003,2.6,1,0,0,3,6,0,7,1,7,0,0,0,20,2,1,66.7
149,Matt Doherty,ie IRL,"DF,MF",Wolves,31,1992,12.8,2,0,0,13,11,5,13,7,18,0,0,0,65,38,33,53.5
150,Jeremy Doku,be BEL,"FW,MF",Manchester City,21,2002,17.7,3,0,0,15,33,5,61,9,22,2,0,0,75,2,3,40.0
151,Nicolás Domínguez,ar ARG,"MF,FW",Nott'ham Forest,25,1998,16.6,4,0,0,26,16,2,6,18,34,0,0,0,108,21,19,52.5
152,Jamie Donley,eng ENG,FW,Tottenham,18,2005,0.0,1,0,0,1,1,0,0,0,0,0,0,0,2,1,1,50.0
153,Abdoulaye Doucouré,ml MLI,"FW,MF",Everton,30,1993,29.2,7,0,0,53,8,21,26,15,27,0,1,0,144,24,40,37.5
154,Cheick Doucouré,ml MLI,MF,Crystal Palace,23,2000,10.2,2,0,0,10,1,0,1,20,17,0,0,0,74,5,9,35.7
155,Alfie Doughty,eng ENG,DF,Luton Town,23,1999,32.5,5,0,0,31,9,13,340,31,40,0,0,0,185,23,12,65.7
156,Tommy Doyle,eng ENG,MF,Wolves,21,2001,13.6,2,0,0,11,4,0,28,12,13,0,0,0,93,0,4,0.0
157,Radu Drăgușin,ro ROU,DF,Tottenham,21,2002,4.8,1,0,0,6,4,1,0,8,3,0,0,0,21,9,6,60.0
158,Martin Dúbravka,sk SVK,GK,Newcastle Utd,34,1989,22.1,1,0,0,2,5,0,0,0,0,0,2,0,29,4,0,100.0
159,Paul Dummett,wls WAL,DF,Newcastle Utd,31,1991,0.2,0,0,0,1,0,0,0,0,0,0,1,0,0,1,0,100.0
160,Lewis Dunk,eng ENG,DF,Brighton,31,1991,31.9,7,1,0,23,12,1,7,31,14,0,1,0,180,57,32,64.0
161,Jhon Durán,co COL,"FW,MF",Aston Villa,19,2003,5.3,5,0,0,12,8,4,6,1,5,1,0,0,15,20,12,62.5
162,George Earthy,eng ENG,FW,West Ham,18,2004,0.4,0,0,0,1,0,0,0,1,0,0,0,0,4,0,0,
163,Ederson,br BRA,GK,Manchester City,29,1993,30.9,5,0,0,2,4,0,0,0,0,0,1,0,53,8,0,100.0
164,Odsonne Édouard,fr FRA,"FW,MF",Crystal Palace,25,1998,17.3,4,0,0,31,22,9,10,6,12,0,0,0,38,30,54,35.7
165,John Egan,ie IRL,DF,Sheffield Utd,30,1992,5.4,2,0,0,6,1,0,0,13,4,0,1,0,21,14,8,63.6
166,Hjalmar Ekdal,se SWE,DF,Burnley,24,1998,4.9,2,0,0,8,2,0,0,6,2,0,0,0,26,4,9,30.8
167,Anthony Elanga,se SWE,"FW,MF",Nott'ham Forest,21,2002,27.0,1,0,0,9,26,19,58,8,19,0,0,0,96,17,37,31.5
168,Harvey Elliott,eng ENG,"MF,FW",Liverpool,20,2003,15.0,2,0,0,7,13,1,62,6,17,1,0,0,78,9,13,40.9
169,Mohamed Elneny,eg EGY,MF,Arsenal,31,1992,0.3,0,0,0,1,0,0,0,1,0,0,0,0,2,1,1,50.0
170,Emerson,br BRA,DF,Tottenham,24,1999,12.9,4,0,0,14,38,0,14,20,24,0,0,0,82,15,21,41.7
171,Julio Enciso,py PAR,"MF,FW",Brighton,19,2004,5.3,2,0,0,6,10,1,8,0,2,0,0,0,13,1,2,33.3
172,Wataru Endo,jp JPN,MF,Liverpool,30,1993,19.1,10,0,0,50,25,0,4,20,28,0,0,0,108,31,27,53.4
173,Christian Eriksen,dk DEN,MF,Manchester Utd,31,1992,12.7,1,0,0,7,3,1,43,4,13,0,0,0,86,1,7,12.5
174,Maxime Estève,fr FRA,DF,Burnley,21,2002,14.5,6,0,0,25,16,0,5,27,10,0,0,0,62,26,22,54.2
175,Pervis Estupiñán,ec ECU,DF,Brighton,25,1998,13.8,4,0,0,22,17,5,65,21,13,0,0,1,90,12,14,46.2
176,Jonny Evans,nir NIR,DF,Manchester Utd,35,1988,15.5,2,0,0,17,13,0,0,23,14,0,0,0,70,36,18,66.7
177,Eberechi Eze,eng ENG,"MF,FW",Crystal Palace,25,1998,22.8,3,0,0,27,48,11,107,11,17,1,1,0,135,12,24,33.3
178,Łukasz Fabiański,pl POL,GK,West Ham,38,1985,8.0,0,0,0,0,0,0,0,1,0,0,0,0,3,2,0,100.0
179,Romain Faivre,fr FRA,"MF,FW",Bournemouth,25,1998,0.5,1,0,0,2,4,0,3,0,1,0,0,0,1,0,1,0.0
180,Ansu Fati,es ESP,"MF,FW",Brighton,20,2002,5.8,2,0,0,6,13,2,3,3,3,0,0,0,22,1,10,9.1
181,Felipe,br BRA,DF,Nott'ham Forest,34,1989,4.2,4,0,0,10,2,0,0,4,9,0,0,0,20,14,6,70.0
182,Evan Ferguson,ie IRL,FW,Brighton,18,2004,15.2,1,0,0,24,25,5,1,2,6,1,0,0,25,13,18,41.9
183,Bruno Fernandes,pt POR,"MF,FW",Manchester Utd,28,1994,34.6,9,0,0,41,28,13,223,27,38,0,0,0,200,21,25,45.7
184,Enzo Fernández,ar ARG,MF,Chelsea,22,2001,24.5,7,0,0,33,31,4,45,17,22,1,1,0,122,21,23,47.7
185,John Fleck,sct SCO,"MF,DF",Sheffield Utd,31,1991,1.0,1,0,0,2,2,0,0,0,0,0,0,0,5,2,7,22.2
186,Mark Flekken,nl NED,GK,Brentford,30,1993,36.5,3,0,0,2,4,0,0,0,1,0,1,0,41,10,1,90.9
187,Phil Foden,eng ENG,"FW,MF",Manchester City,23,2000,31.7,2,0,0,14,60,5,89,13,20,0,1,0,127,6,17,26.1
188,Wes Foderingham,eng ENG,GK,Sheffield Utd,32,1991,29.4,2,0,0,1,12,0,0,0,3,0,0,1,31,1,1,50.0
189,Pablo Fornals,es ESP,"MF,FW",West Ham,27,1996,4.7,0,0,0,3,5,1,8,6,6,0,0,0,26,3,6,33.3
190,Omari Forson,eng ENG,FW,Manchester Utd,19,2004,0.8,0,0,0,1,0,0,0,0,0,0,0,0,2,0,2,0.0
191,Lyle Foster,za RSA,"FW,MF",Burnley,22,2000,21.1,0,1,0,24,11,14,3,3,10,0,0,0,51,50,106,32.1
192,Matheus França,br BRA,"MF,FW",Crystal Palace,19,2004,2.6,1,0,0,6,2,2,14,1,3,1,0,0,17,1,5,16.7
193,Nathan Fraser,ie IRL,FW,Wolves,18,2005,2.1,1,0,0,5,3,0,0,1,2,0,0,0,8,3,9,25.0
194,Cody Gakpo,nl NED,"FW,MF",Liverpool,24,1999,18.3,1,0,0,28,38,8,21,14,17,0,0,0,81,32,27,54.2
195,Conor Gallagher,eng ENG,MF,Chelsea,23,2000,34.8,9,1,1,83,64,1,64,43,52,0,0,0,221,25,28,47.2
196,Idrissa Gana Gueye,sn SEN,MF,Everton,33,1989,20.9,8,0,0,35,31,0,11,28,44,0,0,0,174,13,9,59.1
197,Alejandro Garnacho,ar ARG,FW,Manchester Utd,19,2004,28.5,4,0,0,20,54,15,58,18,15,2,0,0,106,6,25,19.4
198,James Garner,eng ENG,MF,Everton,22,2001,33.4,7,0,0,39,44,3,112,45,44,0,0,0,172,23,24,48.9
199,Saman Ghoddos,ir IRN,DF,Brentford,29,1993,8.2,5,0,0,13,9,2,42,5,19,0,0,0,39,4,12,25.0
200,Morgan Gibbs-White,eng ENG,"MF,FW",Nott'ham Forest,23,2000,35.1,9,0,0,37,57,6,182,17,24,0,0,0,179,60,68,46.9
201,Bryan Gil,es ESP,"FW,MF",Tottenham,22,2001,2.3,0,0,0,2,3,1,11,3,0,0,0,0,16,0,3,0.0
202,Alfie Gilchrist,eng ENG,DF,Chelsea,19,2003,2.3,1,0,0,4,0,0,1,3,0,0,0,0,9,2,4,33.3
203,Billy Gilmour,sct SCO,MF,Brighton,22,2001,23.6,8,1,0,22,30,0,34,11,16,0,0,0,132,11,20,35.5
204,Ben Godfrey,eng ENG,DF,Everton,25,1998,12.4,2,0,0,8,6,2,21,16,20,0,1,0,45,25,24,51.0
205,André Gomes,pt POR,"MF,FW",Everton,30,1993,5.6,4,0,0,17,5,0,26,3,4,0,0,0,34,1,8,11.1
206,João Gomes,br BRA,MF,Wolves,22,2001,29.4,11,0,0,66,38,1,25,18,74,0,2,0,183,18,25,41.9
207,Toti Gomes,pt POR,DF,Wolves,24,1999,30.8,7,0,0,38,13,2,13,26,25,0,0,0,136,56,30,65.1
208,Joe Gomez,eng ENG,DF,Liverpool,26,1997,19.8,5,0,0,28,16,0,39,19,31,0,0,0,111,31,10,75.6
209,Sergio Gómez,es ESP,"FW,MF",Manchester City,22,2000,0.6,0,0,0,2,0,1,4,1,0,0,0,0,1,0,1,0.0
210,Enso Gonzalez,py PAR,"MF,DF",Wolves,18,2005,0.0,0,0,0,0,1,0,0,0,0,0,0,0,0,0,0,
211,Anthony Gordon,eng ENG,FW,Newcastle Utd,22,2001,32.1,12,1,1,38,67,8,111,7,34,6,0,0,125,9,17,34.6
212,Kaide Gordon,eng ENG,FW,Liverpool,18,2004,0.0,0,0,0,0,0,0,0,0,0,0,0,0,0,1,0,100.0
213,Daniel Gore,eng ENG,MF,Manchester Utd,18,2004,0.0,0,0,0,0,1,0,0,1,1,0,0,0,0,0,0,
214,Ryan Gravenberch,nl NED,MF,Liverpool,21,2002,12.5,0,0,0,20,15,0,4,14,12,0,0,0,74,10,14,41.7
215,Ivo Grbić,hr CRO,GK,Sheffield Utd,27,1996,8.6,1,0,0,0,2,0,0,0,0,0,0,0,6,7,0,100.0
216,Jack Grealish,eng ENG,"FW,MF",Manchester City,27,1995,11.2,6,0,0,6,41,2,16,6,8,0,0,0,42,3,4,42.9
217,Pascal Groß,de GER,"MF,DF",Brighton,32,1991,34.6,6,0,0,23,27,3,238,22,46,0,1,0,144,14,17,45.2
218,Marc Guéhi,eng ENG,DF,Crystal Palace,23,2000,22.5,2,0,0,14,26,0,3,18,19,0,0,0,120,29,29,50.0
219,Bruno Guimarães,br BRA,MF,Newcastle Utd,25,1997,36.3,9,0,0,50,108,0,32,35,53,0,0,0,237,18,23,43.9
220,Malo Gusto,fr FRA,DF,Chelsea,20,2003,19.5,7,1,0,22,30,6,64,17,27,0,1,0,126,8,19,29.6
221,Joško Gvardiol,hr CRO,DF,Manchester City,21,2002,25.9,3,0,0,20,22,2,33,27,33,1,0,0,150,31,24,56.4
222,Erling Haaland,no NOR,FW,Manchester City,23,2000,28.4,1,0,0,18,31,6,5,2,3,2,0,0,47,39,42,48.1
223,Antwoine Hackford,eng ENG,FW,Sheffield Utd,19,2004,0.1,0,0,0,0,0,0,0,0,0,0,0,0,0,0,1,0.0
224,Lewis Hall,eng ENG,DF,Newcastle Utd,18,2004,8.7,2,0,0,5,5,0,23,12,18,0,0,0,56,10,11,47.6
225,Gustavo Hamer,nl NED,MF,Sheffield Utd,26,1997,32.3,9,0,0,50,17,6,115,29,21,0,1,0,162,6,16,27.3
226,Luke Harris,wls WAL,MF,Fulham,18,2005,0.8,0,0,0,2,2,0,0,0,1,0,0,0,3,0,0,
227,Jack Harrison,eng ENG,"MF,FW",Everton,26,1996,24.6,1,0,0,20,30,1,81,12,22,0,0,0,129,10,19,34.5
228,Daiki Hashioka,jp JPN,DF,Luton Town,24,1999,6.6,0,0,0,10,6,0,9,8,5,0,0,2,26,12,12,50.0
229,Kai Havertz,de GER,"MF,FW",Arsenal,24,1999,29.3,11,0,0,49,44,15,12,20,15,1,0,0,122,102,101,50.2
230,Jan Paul van Hecke,nl NED,DF,Brighton,23,2000,26.3,4,0,0,14,17,0,4,30,26,0,1,0,130,66,34,66.0
231,Hwang Hee-chan,kr KOR,"FW,MF",Wolves,27,1996,23.5,6,0,0,31,32,15,11,10,10,1,1,0,75,7,44,13.7
232,Dean Henderson,eng ENG,GK,Crystal Palace,26,1997,18.0,2,0,0,0,2,0,0,0,1,0,0,1,14,4,0,100.0
233,Rico Henry,eng ENG,DF,Brentford,26,1997,4.5,1,0,0,4,6,2,11,5,5,0,0,0,24,4,5,44.4
234,Son Heung-min,kr KOR,FW,Tottenham,31,1992,32.6,1,0,0,12,39,20,36,8,13,1,1,1,80,5,16,23.8
235,Aaron Hickey,sct SCO,DF,Brentford,21,2002,7.9,5,0,0,10,16,0,5,3,9,0,0,0,42,1,9,10.0
236,James Hill,eng ENG,DF,Bournemouth,21,2002,0.8,0,0,0,1,0,0,0,3,2,0,0,0,7,4,1,80.0
237,Jack Hinshelwood,eng ENG,DF,Brighton,18,2005,9.7,1,0,0,11,3,1,10,14,5,0,1,0,33,7,8,46.7
238,Mason Holgate,eng ENG,DF,Sheffield Utd,26,1996,7.9,3,1,0,8,4,0,7,11,7,0,1,0,30,9,7,56.3
239,Callum Hudson-Odoi,eng ENG,"FW,MF",Nott'ham Forest,22,2000,20.6,0,0,0,14,30,9,74,7,8,1,0,0,98,2,7,22.2
240,Will Hughes,eng ENG,MF,Crystal Palace,28,1995,21.0,6,0,0,39,30,1,30,21,33,0,0,0,121,12,17,41.4
241,Pierre Højbjerg,dk DEN,MF,Tottenham,27,1995,14.6,4,0,0,20,17,0,14,19,18,0,0,1,121,8,13,38.1
242,Rasmus Højlund,dk DEN,FW,Manchester Utd,20,2003,24.0,2,0,0,20,30,15,6,1,7,0,1,0,60,25,65,27.8
243,Igor,br BRA,DF,Brighton,25,1998,18.2,4,0,0,21,4,0,1,14,18,0,0,0,105,26,12,68.4
244,Danny Ings,eng ENG,FW,West Ham,31,1992,4.5,1,0,0,4,6,1,1,3,2,1,0,0,12,3,9,25.0
245,Tim Iroegbunam,eng ENG,MF,Aston Villa,20,2003,1.8,0,0,0,9,3,0,0,2,5,0,0,0,15,1,0,100.0
246,Alexander Isak,se SWE,FW,Newcastle Utd,23,1999,25.1,1,0,0,14,15,17,10,6,0,1,0,0,38,10,39,20.4
247,Alex Iwobi,ng NGA,MF,Everton,27,1996,1.6,0,0,0,0,0,3,10,1,0,0,0,0,5,0,0,
248,Alex Iwobi,ng NGA,"FW,MF",Fulham,27,1996,24.4,2,0,0,12,5,5,60,14,18,0,0,0,145,6,19,24.0
249,Nicolas Jackson,sn SEN,FW,Chelsea,22,2001,31.1,10,0,0,28,40,28,5,4,13,0,0,0,98,35,63,35.7
250,Reece James,eng ENG,DF,Chelsea,23,1999,4.7,2,2,1,4,5,2,28,3,9,0,0,0,28,8,5,61.5
251,Vitaly Janelt,de GER,"MF,DF",Brentford,25,1998,33.9,8,0,0,27,28,3,59,36,38,1,0,0,189,34,26,56.7
252,Daniel Jebbison,eng ENG,FW,Sheffield Utd,19,2003,0.2,0,0,0,0,0,0,0,0,0,0,0,0,1,0,0,
253,Mathias Jensen,dk DEN,MF,Brentford,27,1996,24.5,5,0,0,28,19,2,113,23,32,1,0,0,123,5,11,31.3
254,Gabriel Jesus,br BRA,FW,Arsenal,26,1997,16.4,6,0,0,26,32,16,9,13,17,1,0,0,59,15,38,28.3
255,Raúl Jiménez,mx MEX,FW,Fulham,32,1991,15.5,3,1,0,17,21,12,7,4,12,0,0,0,43,44,59,42.7
256,João Pedro,br BRA,"FW,MF",Brighton,21,2001,22.7,2,0,0,19,60,11,29,11,14,2,0,0,65,41,22,65.1
257,Joelinton,br BRA,"MF,FW",Newcastle Utd,26,1996,14.2,6,0,0,28,23,0,2,19,27,0,0,0,85,18,31,36.7
258,Ryan John Giles,eng ENG,"DF,MF",Luton Town,23,2000,5.6,0,0,0,2,2,0,49,4,6,0,0,0,21,3,0,100.0
259,Ben Johnson,eng ENG,"DF,FW",West Ham,23,2000,6.0,1,0,0,3,7,1,31,5,7,0,0,0,49,7,12,36.8
260,Brennan Johnson,wls WAL,FW,Tottenham,22,2001,23.2,3,0,0,17,29,12,68,10,15,0,0,0,75,5,16,23.8
261,Brennan Johnson,wls WAL,"FW,MF",Nott'ham Forest,22,2001,2.6,0,0,0,1,7,1,2,0,1,0,0,0,11,1,2,33.3
262,Joseph Johnson,eng ENG,DF,Luton Town,17,2006,0.9,1,0,0,1,0,0,0,0,0,0,0,0,3,0,1,0.0
263,Sam Johnstone,eng ENG,GK,Crystal Palace,30,1993,20.0,1,0,0,1,0,0,0,1,0,0,1,0,13,2,1,66.7
264,Curtis Jones,eng ENG,MF,Liverpool,22,2001,13.0,3,1,0,16,14,5,4,7,14,0,0,0,72,7,12,36.8
265,Jorginho,it ITA,MF,Arsenal,31,1991,10.2,1,0,0,9,15,0,3,12,10,0,0,0,49,7,7,50.0
266,Diogo Jota,pt POR,FW,Liverpool,26,1996,12.7,3,1,1,27,21,3,9,7,13,2,0,0,48,17,38,30.9
267,Mads Juel Andersen,dk DEN,DF,Luton Town,25,1997,4.4,1,0,0,6,2,0,0,8,5,0,0,0,25,11,5,68.8
268,Hamed Junior Traorè,ci CIV,MF,Bournemouth,23,2000,0.5,0,0,0,0,0,0,3,0,0,0,0,0,4,1,1,50.0
269,Mathias Jørgensen,dk DEN,DF,Brentford,33,1990,12.1,4,0,0,11,6,3,8,12,12,0,0,0,67,26,23,53.1
270,Issa Kaboré,bf BFA,DF,Luton Town,22,2001,19.2,7,0,0,27,30,2,66,16,28,0,0,1,102,17,18,48.6
271,Sasa Kalajdzic,at AUT,FW,Wolves,26,1997,1.8,0,0,0,6,4,2,1,1,2,0,0,0,4,8,4,66.7
272,Boubacar Kamara,fr FRA,MF,Aston Villa,23,1999,18.4,7,1,0,35,29,0,2,21,29,0,0,0,97,19,25,43.2
273,Willy Kambwala,fr FRA,DF,Manchester Utd,18,2004,3.7,1,0,0,4,2,0,0,4,1,0,0,0,12,6,2,75.0
274,Thomas Kaminski,be BEL,GK,Luton Town,30,1992,37.8,3,0,0,0,3,0,0,0,1,0,0,0,63,4,0,100.0
275,Loris Karius,de GER,GK,Newcastle Utd,30,1993,1.0,0,0,0,0,0,0,0,0,0,0,0,0,0,0,0,
276,Michael Keane,eng ENG,DF,Everton,30,1993,4.9,2,0,0,5,0,0,0,5,3,0,1,0,26,16,11,59.3
277,Thilo Kehrer,de GER,"DF,MF",West Ham,26,1996,0.2,2,0,0,2,0,0,0,0,1,0,0,0,0,1,2,33.3
278,Caoimhín Kelleher,ie IRL,GK,Liverpool,24,1998,10.0,0,0,0,0,0,0,0,0,0,0,0,0,13,4,0,100.0
279,Lloyd Kelly,eng ENG,DF,Bournemouth,24,1998,17.3,2,0,0,17,13,0,21,13,19,0,1,0,121,28,18,60.9
280,Omari Kellyman,eng ENG,FW,Aston Villa,17,2005,0.4,0,0,0,0,0,0,0,0,0,0,0,0,2,0,1,0.0
281,Milos Kerkez,hu HUN,DF,Bournemouth,19,2003,21.9,4,1,0,25,21,1,55,20,26,1,0,1,93,18,31,36.7
282,Kaine Kesler-Hayden,eng ENG,"MF,DF",Aston Villa,20,2002,0.1,0,0,0,0,0,0,0,0,0,0,0,0,0,0,1,0.0
283,Max Kilman,eng ENG,DF,Wolves,26,1997,38.0,7,0,0,38,18,2,6,39,21,0,1,0,177,86,36,70.5
284,Jakub Kiwior,pl POL,DF,Arsenal,23,2000,10.5,1,0,0,10,3,0,12,8,12,0,0,0,35,15,11,57.7
285,Justin Kluivert,nl NED,"MF,FW",Bournemouth,24,1999,21.3,5,0,0,52,28,5,29,8,14,0,0,0,88,12,22,35.3
286,Luca Koleosho,it ITA,"MF,FW",Burnley,18,2004,10.8,0,0,0,18,13,8,23,2,4,1,0,0,46,2,27,6.9
287,Ibrahima Konaté,fr FRA,DF,Liverpool,24,1999,17.5,5,1,1,25,13,0,1,20,22,0,0,0,97,77,31,71.3
288,Ezri Konsa,eng ENG,DF,Aston Villa,25,1997,34.1,5,0,0,14,64,0,17,28,32,1,1,0,142,30,14,68.2
289,Cheikhou Kouyaté,sn SEN,MF,Nott'ham Forest,33,1989,2.4,2,0,0,6,2,0,0,2,5,0,0,0,14,10,10,50.0
290,Mateo Kovačić,hr CRO,MF,Manchester City,29,1994,17.2,4,0,0,17,15,0,0,10,25,0,0,0,72,4,4,50.0
291,Emil Krafth,se SWE,DF,Newcastle Utd,28,1994,10.1,2,0,0,10,7,0,17,9,14,0,0,0,44,13,15,46.4
292,Mohammed Kudus,gh GHA,"FW,MF",West Ham,22,2000,27.6,6,0,0,39,75,16,94,11,47,1,1,0,212,15,29,34.1
293,Dejan Kulusevski,se SWE,"FW,MF",Tottenham,23,2000,30.7,7,0,0,54,29,10,89,18,33,0,1,0,133,7,15,31.8
294,Adam Lallana,eng ENG,"MF,FW",Brighton,35,1988,9.4,2,0,0,8,11,2,7,3,3,0,0,0,22,3,5,37.5
295,Tariq Lamptey,gh GHA,"DF,FW",Brighton,22,2000,10.2,3,0,0,11,18,3,31,6,14,0,1,0,32,4,9,30.8
296,Aymeric Laporte,es ESP,DF,Manchester City,29,1994,0.1,0,0,0,0,0,0,0,0,0,0,0,0,2,0,0,
297,Yasser Larouci,dz ALG,DF,Sheffield Utd,22,2001,5.9,1,0,0,5,5,1,6,7,9,0,0,0,34,1,4,20.0
298,Jamaal Lascelles,eng ENG,DF,Newcastle Utd,29,1993,12.0,4,0,0,17,2,1,1,5,9,0,0,0,53,47,24,66.2
299,Roméo Lavia,be BEL,MF,Chelsea,19,2004,0.4,0,0,0,1,1,0,0,0,0,0,0,0,0,0,0,
300,Mario Lemina,ga GAB,MF,Wolves,29,1993,33.0,12,1,1,43,24,8,15,41,58,0,0,0,199,35,41,46.1
301,Clément Lenglet,fr FRA,DF,Aston Villa,28,1995,12.8,3,0,0,3,12,0,3,7,9,0,0,0,37,15,11,57.7
302,Bernd Leno,de GER,GK,Fulham,31,1992,38.0,3,0,0,0,3,0,0,0,0,0,0,1,58,10,1,90.9
303,Jefferson Lerma,co COL,"MF,DF",Crystal Palace,28,1994,26.7,8,0,0,43,25,4,14,36,25,0,0,0,174,69,33,67.6
304,Rico Lewis,eng ENG,"DF,MF",Manchester City,18,2004,9.0,1,0,0,7,20,0,1,4,7,0,0,0,42,0,6,0.0
305,Keane Lewis-Potter,eng ENG,"FW,DF",Brentford,22,2001,16.0,0,0,0,9,18,3,50,7,7,0,0,0,62,15,22,40.5
306,Victor Lindelöf,se SWE,DF,Manchester Utd,29,1994,14.8,2,0,0,15,2,3,1,12,10,0,0,0,75,17,24,41.5
307,Valentino Livramento,eng ENG,DF,Newcastle Utd,20,2002,14.6,1,0,0,3,28,1,26,25,13,0,0,0,85,12,8,60.0
308,Giovani Lo Celso,ar ARG,MF,Tottenham,27,1996,5.6,2,0,0,12,26,1,13,5,13,0,1,0,46,1,5,16.7
309,Tom Lockyer,wls WAL,DF,Luton Town,28,1994,13.0,4,0,0,15,10,0,1,23,16,0,1,1,89,31,16,66.0
310,Sean Longstaff,eng ENG,MF,Newcastle Utd,25,1997,30.5,7,0,0,24,34,2,25,17,30,0,0,0,120,18,22,45.0
311,Max Lowe,eng ENG,"DF,MF",Sheffield Utd,26,1997,5.6,1,0,0,7,3,1,8,5,10,0,0,0,7,5,11,31.3
312,Douglas Luiz,br BRA,MF,Aston Villa,25,1998,33.3,12,0,0,51,41,0,115,23,38,0,0,0,184,25,18,58.1
313,Saša Lukić,rs SRB,MF,Fulham,26,1996,12.5,3,0,0,27,9,0,4,16,19,0,0,0,65,11,8,57.9
314,Ian Maatsen,nl NED,"FW,MF",Chelsea,21,2002,2.3,1,0,0,5,1,0,8,3,2,0,0,0,11,3,5,37.5
315,Alexis Mac Allister,ar ARG,MF,Liverpool,24,1998,28.9,7,1,0,53,47,0,32,35,55,0,0,0,195,31,28,52.5
316,James Maddison,eng ENG,MF,Tottenham,26,1996,23.7,5,0,0,21,74,2,133,13,19,0,0,0,60,3,6,33.3
317,Noni Madueke,eng ENG,FW,Chelsea,21,2002,11.7,2,0,0,8,19,3,22,4,10,2,0,0,54,7,10,41.2
318,Gabriel Magalhães,br BRA,DF,Arsenal,25,1997,33.8,4,0,0,35,34,1,4,31,28,0,0,1,136,77,62,55.4
319,Harry Maguire,eng ENG,DF,Manchester Utd,30,1993,18.4,4,0,0,21,10,6,3,25,17,1,0,0,78,69,19,78.4
320,Kobbie Mainoo,eng ENG,MF,Manchester Utd,18,2005,21.4,3,0,0,15,23,0,6,22,27,0,0,0,96,19,26,42.2
321,Orel Mangala,be BEL,MF,Nott'ham Forest,25,1998,17.4,6,0,0,23,21,0,2,26,13,0,0,0,74,9,3,75.0
322,Benson Manuel,ao ANG,"MF,FW",Burnley,26,1997,1.3,0,0,0,1,4,0,9,0,2,0,0,0,6,0,4,0.0
323,Solly March,eng ENG,"FW,DF",Brighton,29,1994,6.2,1,0,0,12,8,7,21,11,14,0,0,0,36,6,4,60.0
324,Anthony Martial,fr FRA,FW,Manchester Utd,27,1995,5.0,0,0,0,3,6,3,0,0,1,1,0,0,9,8,18,30.8
325,Gabriel Martinelli,br BRA,FW,Arsenal,22,2001,22.4,1,0,0,23,24,9,109,5,24,0,0,0,95,15,26,36.6
326,Emiliano Martínez,ar ARG,GK,Aston Villa,30,1992,33.5,4,0,0,1,7,0,0,0,0,0,0,2,48,5,0,100.0
327,Lisandro Martínez,ar ARG,DF,Manchester Utd,25,1998,7.2,3,0,0,6,3,0,2,5,8,0,0,1,33,4,5,44.4
328,Han-Noah Massengo,fr FRA,"MF,DF",Burnley,22,2001,0.2,0,0,0,0,0,0,2,0,1,0,0,0,1,0,1,0.0
329,Pape Matar Sarr,sn SEN,MF,Tottenham,20,2002,23.0,9,0,0,32,17,0,25,31,24,0,0,0,144,24,27,47.1
330,Jean-Philippe Mateta,fr FRA,FW,Crystal Palace,26,1997,25.4,3,0,0,35,22,24,20,4,15,2,0,0,81,50,68,42.4
331,Joël Matip,cm CMR,DF,Liverpool,31,1991,8.7,2,0,0,7,3,1,0,9,6,0,0,1,58,28,10,73.7
332,Alex Matos,eng ENG,MF,Chelsea,18,2004,0.0,0,0,0,0,0,0,0,0,0,0,0,0,0,0,0,
333,Remi Matthews,eng ENG,GK,Crystal Palace,29,1994,0.0,0,0,0,0,0,0,0,0,0,0,0,0,0,1,0,100.0
334,Neal Maupay,fr FRA,FW,Brentford,26,1996,14.7,8,0,0,19,26,4,8,2,7,0,0,0,60,14,41,25.5
335,Neal Maupay,fr FRA,FW,Everton,26,1996,1.2,0,0,0,1,0,2,0,0,0,0,0,0,4,0,2,0.0
336,Konstantinos Mavropanos,gr GRE,DF,West Ham,25,1997,16.7,2,0,0,15,10,0,1,23,16,0,0,2,70,44,23,65.7
337,Bryan Mbeumo,cm CMR,FW,Brentford,23,1999,21.8,2,0,0,22,42,3,92,7,10,0,0,0,93,23,44,34.3
338,James Mcatee,eng ENG,"MF,FW",Sheffield Utd,20,2002,20.2,2,0,0,15,29,1,36,11,21,0,0,0,96,10,31,24.4
339,James Mcatee,eng ENG,MF,Manchester City,20,2002,0.0,0,0,0,0,0,0,0,0,0,0,0,0,0,0,0,
340,Oliver McBurnie,sct SCO,FW,Sheffield Utd,27,1996,14.2,7,2,2,19,27,4,5,5,7,1,0,0,41,110,113,49.3
341,James McConnell,eng ENG,MF,Liverpool,18,2004,0.0,0,0,0,1,1,0,0,1,0,0,0,0,0,0,0,
342,John McGinn,sct SCO,"MF,FW",Aston Villa,28,1994,33.3,9,1,0,39,69,2,74,21,35,0,0,0,161,9,19,32.1
343,Scott McKenna,sct SCO,DF,Nott'ham Forest,26,1996,4.6,0,0,0,3,2,0,0,5,0,0,0,0,25,20,3,87.0
344,Dwight McNeil,eng ENG,"MF,FW",Everton,23,1999,32.1,2,0,0,18,33,4,229,22,27,0,0,0,177,16,20,44.4
345,Scott McTominay,sct SCO,"MF,FW",Manchester Utd,26,1996,21.1,2,0,0,29,21,6,4,14,25,0,1,0,91,36,43,45.6
346,Ben Mee,eng ENG,DF,Brentford,33,1989,14.1,1,1,0,7,3,1,5,13,15,0,0,0,67,35,32,52.2
347,Hannibal Mejbri,tn TUN,"MF,FW",Manchester Utd,20,2003,1.5,1,0,0,5,6,1,1,0,3,0,0,0,10,2,4,33.3
348,Teden Mengi,eng ENG,DF,Luton Town,21,2002,27.4,3,0,0,35,7,1,2,57,22,0,1,0,126,60,43,58.3
349,Chris Mepham,wls WAL,DF,Bournemouth,25,1997,6.9,2,0,0,15,2,0,1,7,11,0,0,0,31,29,20,59.2
350,Lewis Miley,eng ENG,MF,Newcastle Utd,17,2006,13.4,1,0,0,5,6,2,11,8,21,0,0,0,78,11,12,47.8
351,James Milner,eng ENG,"DF,MF",Brighton,37,1986,8.6,3,0,0,10,4,3,29,8,14,0,1,0,45,6,13,31.6
352,Tyrone Mings,eng ENG,DF,Aston Villa,30,1993,0.3,0,0,0,0,0,0,0,1,0,0,0,0,2,1,0,100.0
353,Tyrick Mitchell,eng ENG,"DF,MF",Crystal Palace,23,1999,35.6,6,0,0,22,16,1,69,26,60,0,0,0,208,21,26,44.7
354,Kaoru Mitoma,jp JPN,FW,Brighton,26,1997,16.5,4,0,0,14,23,7,44,5,6,0,0,0,68,11,11,50.0
355,Aleksandar Mitrović,rs SRB,FW,Fulham,28,1994,0.4,0,0,0,0,0,0,0,0,0,0,0,0,1,2,1,66.7
356,Jakub Moder,pl POL,"MF,DF",Brighton,24,1999,6.9,2,0,0,8,5,2,6,2,10,0,0,0,40,3,5,37.5
357,Gonzalo Montiel,ar ARG,DF,Nott'ham Forest,26,1997,8.9,5,0,0,6,1,2,16,9,19,0,1,0,42,12,8,60.0
358,Kieffer Moore,wls WAL,"FW,MF",Bournemouth,30,1992,1.2,0,0,0,5,2,0,2,0,0,0,0,0,4,6,6,50.0
359,Mikey Moore,eng ENG,MF,Tottenham,15,2007,0.0,0,0,0,1,0,0,0,0,0,0,0,0,0,0,0,
360,Álex Moreno,es ESP,DF,Aston Villa,30,1993,11.5,2,0,0,11,16,2,37,13,12,0,0,1,40,4,10,28.6
361,Carlton Morris,eng ENG,"FW,MF",Luton Town,27,1995,31.8,4,0,0,49,43,9,15,1,8,0,0,0,71,133,169,44.0
362,Mason Mount,eng ENG,"MF,FW",Manchester Utd,24,1999,5.7,2,0,0,10,9,0,14,6,14,0,0,0,37,6,9,40.0
363,Divin Mubama,eng ENG,FW,West Ham,18,2004,0.9,0,0,0,1,1,0,0,0,0,0,0,0,4,4,5,44.4
364,Mykhailo Mudryk,ua UKR,FW,Chelsea,22,2001,17.5,5,0,0,22,27,1,78,9,12,2,0,0,50,7,13,35.0
365,Rodrigo Muniz,br BRA,FW,Fulham,22,2001,17.7,1,0,0,24,34,4,2,6,3,0,0,0,34,74,109,40.4
366,Daniel Muñoz,co COL,"DF,MF",Crystal Palace,27,1996,16.0,4,0,0,30,8,8,11,24,35,0,0,0,76,26,28,48.1
367,Finley Munroe,eng ENG,MF,Aston Villa,18,2005,0.0,0,0,0,0,0,0,0,0,0,0,0,0,0,0,0,
368,Arijanet Muric,xk KVX,GK,Burnley,24,1998,10.0,0,0,0,0,3,0,0,0,1,0,0,1,21,3,0,100.0
369,Murillo,br BRA,DF,Nott'ham Forest,21,2002,31.0,5,0,0,38,7,0,4,37,31,0,0,1,146,38,40,48.7
370,Alex Murphy,ie IRL,"DF,FW",Newcastle Utd,19,2004,0.1,0,0,0,2,0,0,0,1,1,0,0,0,2,0,0,
371,Jacob Murphy,eng ENG,"FW,DF",Newcastle Utd,28,1995,13.2,1,0,0,7,15,1,77,6,10,0,0,0,66,4,10,28.6
372,Vitaliy Mykolenko,ua UKR,DF,Everton,24,1999,27.4,1,0,0,23,9,1,56,36,38,0,0,0,142,30,27,52.6
373,Marvelous Nakamba,zw ZIM,MF,Luton Town,29,1994,12.6,5,0,0,24,9,0,4,11,24,0,0,0,90,4,7,36.4
374,Michael Ndiweni,eng ENG,FW,Newcastle Utd,19,2003,0.0,0,0,0,0,0,0,0,0,0,0,0,0,0,0,0,
375,Reiss Nelson,eng ENG,FW,Arsenal,23,1999,3.0,1,0,0,5,6,0,14,1,6,0,0,0,22,0,5,0.0
376,Zack Nelson,eng ENG,"MF,DF",Luton Town,18,2004,0.1,0,0,0,0,0,0,0,0,0,0,0,0,0,0,0,
377,Neto,br BRA,GK,Bournemouth,34,1989,32.0,5,0,0,1,0,0,0,1,0,0,0,0,38,9,0,100.0
378,Pedro Neto,pt POR,"FW,MF",Wolves,23,2000,16.8,4,0,0,15,21,2,115,5,3,1,0,0,79,4,18,18.2
379,Moussa Niakhate,sn SEN,DF,Nott'ham Forest,27,1996,16.2,5,1,1,11,4,0,11,14,25,0,0,0,98,15,5,75.0
380,Eddie Nketiah,eng ENG,FW,Arsenal,24,1999,12.0,3,0,0,24,28,8,5,4,7,2,0,0,24,23,27,46.0
381,Christopher Nkunku,fr FRA,"FW,MF",Chelsea,25,1997,4.9,0,0,0,8,7,3,4,2,4,0,0,0,12,10,6,62.5
382,Rhys Norrington-Davies,wls WAL,DF,Sheffield Utd,24,1999,1.2,1,0,0,3,1,1,2,1,1,0,0,0,4,1,1,50.0
383,Oliver Norwood,nir NIR,MF,Sheffield Utd,32,1991,16.0,8,0,0,15,9,0,52,21,26,0,1,0,98,14,16,46.7
384,Matheus Nunes,pt POR,MF,Wolves,24,1998,2.0,2,1,1,1,7,3,3,6,1,0,0,0,10,2,1,66.7
385,Matheus Nunes,pt POR,MF,Manchester City,24,1998,7.3,0,0,0,8,16,2,19,1,4,0,0,0,30,5,8,38.5
386,Darwin Núñez,uy URU,FW,Liverpool,24,1999,22.7,9,0,0,28,15,33,19,3,12,1,0,0,56,34,55,38.2
387,Ethan Nwaneri,eng ENG,FW,Arsenal,16,2007,0.2,0,0,0,1,1,0,0,0,0,0,0,0,0,1,0,100.0
388,Christian Nørgaard,dk DEN,MF,Brentford,29,1994,27.8,8,0,0,41,32,1,22,54,50,0,0,0,216,40,46,46.5
389,Mark O'Mahony,ie IRL,FW,Brighton,18,2005,0.7,1,0,0,1,0,0,0,0,0,0,0,0,2,1,3,25.0
390,Dara O'Shea,ie IRL,DF,Burnley,24,1999,32.1,5,1,0,36,15,1,11,35,20,0,0,1,140,127,67,65.5
391,Michael Obafemi,ie IRL,"FW,MF",Burnley,23,2000,0.2,0,0,0,0,0,0,0,0,0,0,0,0,1,0,1,0.0
392,Wilson Odobert,fr FRA,"MF,FW",Burnley,18,2004,23.3,3,0,0,9,19,1,35,6,13,0,0,0,94,8,15,34.8
393,Odeluga Offiah,eng ENG,DF,Brighton,20,2002,1.4,0,0,0,2,2,0,3,1,0,0,0,0,4,1,1,50.0
394,Chiedozie Ogbene,ie IRL,"MF,DF",Luton Town,26,1997,22.2,1,0,0,8,50,8,79,7,10,2,0,0,125,28,23,54.9
395,Angelo Ogbonna,it ITA,DF,West Ham,35,1988,7.1,1,0,0,1,3,0,0,3,5,0,0,0,10,12,7,63.2
396,Michael Olakigbe,eng ENG,"DF,FW",Brentford,19,2004,0.7,0,0,0,2,2,1,7,1,0,0,0,0,7,1,2,33.3
397,Michael Olise,fr FRA,"FW,MF",Crystal Palace,21,2001,14.2,0,0,0,13,43,2,97,11,10,0,0,0,68,7,15,31.8
398,Robin Olsen,se SWE,GK,Aston Villa,33,1990,4.5,0,0,0,0,2,0,0,0,0,0,0,0,4,2,0,100.0
399,Andrew Omobamidele,ie IRL,DF,Nott'ham Forest,21,2002,8.7,2,0,0,6,3,0,0,13,3,0,0,1,21,7,10,41.2
400,Amadou Onana,be BEL,MF,Everton,21,2001,23.2,5,0,0,37,45,1,3,21,38,0,1,0,160,52,18,74.3
401,André Onana,cm CMR,GK,Manchester Utd,27,1996,38.0,5,0,0,1,4,0,0,0,0,0,1,0,44,14,2,87.5
402,Ryan One,sct SCO,FW,Sheffield Utd,17,2006,0.1,0,0,0,0,0,0,0,0,0,0,0,0,1,0,0,
403,Tyler Onyango,eng ENG,MF,Everton,20,2003,0.0,0,0,0,0,0,0,0,0,0,0,0,0,0,0,0,
404,Fred Onyedinma,eng ENG,"DF,MF",Luton Town,26,1996,4.5,1,0,0,10,6,0,13,1,6,0,1,0,10,8,6,57.1
405,Frank Onyeka,ng NGA,MF,Brentford,25,1998,12.9,8,0,0,24,31,4,16,23,24,0,0,0,73,10,23,30.3
406,Divock Origi,be BEL,FW,Nott'ham Forest,28,1995,6.7,1,0,0,14,8,5,13,2,4,0,0,0,16,11,17,39.3
407,Stefan Ortega,de GER,GK,Manchester City,30,1992,7.1,0,0,0,0,1,0,0,0,0,0,0,0,12,1,0,100.0
408,Ben Osborn,eng ENG,"DF,MF",Sheffield Utd,28,1994,15.2,3,0,0,8,9,1,47,8,9,0,0,1,80,6,22,21.4
409,Gabriel Osho,ng NGA,DF,Luton Town,24,1998,20.5,3,0,0,23,14,1,3,31,22,0,0,0,103,36,36,50.0
410,William Osula,dk DEN,FW,Sheffield Utd,19,2003,8.7,4,0,0,15,12,6,2,2,2,0,0,0,12,24,70,25.5
411,Dango Ouattara,bf BFA,"FW,DF",Bournemouth,21,2002,13.7,3,0,0,15,17,4,36,22,27,0,0,0,69,35,32,52.2
412,David Ozoh,eng ENG,"MF,DF",Crystal Palace,18,2005,1.7,1,0,0,2,0,0,0,0,6,0,0,0,8,3,5,37.5
413,João Palhinha,pt POR,MF,Fulham,28,1995,30.0,13,0,0,52,56,2,5,46,75,0,1,0,195,40,31,56.3
414,Cole Palmer,eng ENG,"FW,MF",Chelsea,21,2002,29.0,7,0,0,23,26,6,81,20,12,1,0,0,105,1,4,20.0
415,Cole Palmer,eng ENG,MF,Manchester City,21,2002,0.1,0,0,0,1,0,0,0,0,0,0,0,0,0,0,0,
416,Emerson Palmieri,it ITA,DF,West Ham,28,1994,34.9,10,0,0,32,33,1,49,43,68,2,1,1,142,25,23,52.1
417,Lucas Paquetá,br BRA,"FW,MF",West Ham,25,1997,29.1,10,0,0,47,66,5,35,21,48,0,0,0,194,59,59,50.0
418,Ben Parkinson,eng ENG,FW,Newcastle Utd,18,2005,0.3,0,0,0,0,0,1,0,0,0,0,0,0,0,0,2,0.0
419,Thomas Partey,gh GHA,"MF,DF",Arsenal,30,1993,8.8,3,0,0,10,6,0,2,11,11,0,0,0,56,7,8,46.7
420,Nathan Patterson,sct SCO,DF,Everton,21,2001,11.2,4,0,0,18,5,1,32,9,24,0,0,0,60,7,10,41.2
421,Myles Peart-Harris,eng ENG,"DF,MF",Brentford,20,2002,0.1,0,0,0,2,2,0,1,0,0,0,0,0,0,0,5,0.0
422,Sydie Peck,eng ENG,MF,Sheffield Utd,18,2004,0.1,0,0,0,0,0,0,0,0,0,0,0,0,1,0,0,
423,Facundo Pellistri,uy URU,"FW,MF",Manchester Utd,21,2001,1.9,0,0,0,4,6,0,4,1,3,0,0,0,11,6,4,60.0
424,Andreas Pereira,br BRA,MF,Fulham,27,1996,29.0,6,0,0,22,27,3,220,4,12,0,0,0,99,13,36,26.5
425,Ivan Perišić,hr CRO,FW,Tottenham,34,1989,1.1,2,0,0,2,1,0,13,2,2,0,0,0,3,5,0,100.0
426,Đorđe Petrović,rs SRB,GK,Chelsea,23,1999,22.1,2,0,0,0,1,0,0,0,0,0,0,0,17,5,0,100.0
427,Kalvin Phillips,eng ENG,MF,West Ham,27,1995,3.4,3,1,1,14,5,0,1,4,6,0,1,0,23,7,1,87.5
428,Kalvin Phillips,eng ENG,MF,Manchester City,27,1995,1.0,0,0,0,3,2,0,2,2,3,0,0,0,8,0,0,
429,Jaden Philogene Bidace,eng ENG,FW,Aston Villa,21,2002,0.0,0,0,0,0,0,0,0,0,0,0,0,0,1,0,0,
430,Jordan Pickford,eng ENG,GK,Everton,29,1994,38.0,5,0,0,1,6,0,0,0,0,0,1,1,35,1,0,100.0
431,Ethan Pinnock,jm JAM,DF,Brentford,30,1993,28.0,1,0,0,4,11,0,7,43,23,0,0,0,131,113,51,68.9
432,Nick Pope,eng ENG,GK,Newcastle Utd,31,1992,14.9,1,0,0,0,3,0,0,0,0,0,0,0,13,3,1,75.0
433,Pedro Porro,es ESP,DF,Tottenham,23,1999,34.3,3,0,0,37,27,1,198,34,63,0,1,0,199,15,14,51.7
434,Jarell Quansah,eng ENG,DF,Liverpool,20,2003,13.2,1,0,0,10,2,0,0,17,22,0,1,0,72,45,22,67.2
435,Ionuț Radu,ro ROU,GK,Bournemouth,26,1997,2.0,0,0,0,0,0,0,0,0,0,0,0,0,0,0,0,
436,Jesurun Rak Sakyi,eng ENG,"MF,FW",Crystal Palace,20,2002,1.5,0,0,0,1,5,0,3,3,1,0,0,0,6,2,1,66.7
437,Aaron Ramsdale,eng ENG,GK,Arsenal,25,1998,6.0,0,0,0,0,1,0,0,0,0,0,0,0,6,0,0,
438,Aaron Ramsey,eng ENG,"MF,FW",Burnley,20,2003,5.9,1,0,0,7,3,1,2,1,14,0,1,0,24,4,5,44.4
439,Jacob Ramsey,eng ENG,"FW,MF",Aston Villa,22,2001,9.5,2,0,0,7,12,0,11,3,8,0,0,0,42,5,3,62.5
440,Marcus Rashford,eng ENG,FW,Manchester Utd,25,1997,25.2,2,0,0,13,21,12,35,4,12,1,0,0,81,15,26,36.6
441,David Raya,es ESP,GK,Arsenal,27,1995,32.0,2,0,0,0,4,0,0,0,1,0,0,0,38,5,1,83.3
442,Tim Ream,us USA,DF,Fulham,35,1987,16.7,4,1,1,8,6,1,1,25,9,0,2,0,79,25,19,56.8
443,Nathan Redmond,eng ENG,"FW,MF",Burnley,29,1994,1.6,1,0,0,4,2,2,3,0,1,0,0,0,6,1,1,50.0
444,Harrison Reed,eng ENG,MF,Fulham,28,1995,14.7,6,0,0,26,10,0,19,11,18,0,0,0,72,9,13,40.9
445,Sergio Reguilón,es ESP,DF,Manchester Utd,26,1996,4.6,3,0,0,4,11,3,29,5,8,0,0,0,21,5,9,35.7
446,Sergio Reguilón,es ESP,DF,Brentford,26,1996,12.4,4,1,0,10,15,1,72,16,20,0,1,0,75,14,20,41.2
447,Bobby Reid,jm JAM,FW,Fulham,30,1993,15.8,4,0,0,16,25,4,35,5,14,0,0,0,60,13,24,35.1
448,Gio Reyna,us USA,"FW,MF",Nott'ham Forest,20,2002,2.6,0,0,0,3,2,0,8,2,3,0,0,0,14,7,9,43.8
449,Rodrigo Ribeiro,pt POR,"MF,FW",Nott'ham Forest,18,2005,0.2,0,0,0,1,0,0,0,1,0,0,0,0,1,2,1,66.7
450,Declan Rice,eng ENG,MF,Arsenal,24,1999,35.8,5,0,0,34,13,2,60,44,51,0,2,0,178,39,43,47.6
451,Chris Richards,us USA,"DF,MF",Crystal Palace,23,2000,23.3,3,0,0,12,7,1,1,27,28,0,1,0,88,61,44,58.1
452,Richarlison,br BRA,FW,Tottenham,26,1997,16.6,3,0,0,20,30,12,14,8,11,0,0,0,42,25,57,30.5
453,Jaïro Riedewald,nl NED,"MF,FW",Crystal Palace,26,1996,2.6,0,0,0,3,2,0,3,2,3,0,0,0,14,3,1,75.0
454,Matt Ritchie,sct SCO,"FW,MF",Newcastle Utd,33,1989,1.4,1,0,0,2,1,0,7,1,3,0,0,0,5,0,3,0.0
455,Connor Roberts,wls WAL,DF,Burnley,27,1995,9.1,5,1,1,5,9,3,10,4,5,0,0,0,40,6,7,46.2
456,Andrew Robertson,sct SCO,DF,Liverpool,29,1994,18.8,2,0,0,9,5,3,184,13,24,0,0,0,104,14,12,53.8
457,Antonee Robinson,us USA,DF,Fulham,25,1997,36.3,6,0,0,34,20,3,132,80,58,0,0,2,227,42,27,60.9
458,Jack Robinson,eng ENG,DF,Sheffield Utd,29,1993,32.1,10,0,0,19,16,1,12,33,28,0,0,2,135,69,45,60.5
459,Rodri,es ESP,MF,Manchester City,27,1996,32.6,8,1,0,41,35,6,12,26,43,1,0,0,235,54,22,71.1
460,Jay Rodriguez,eng ENG,FW,Burnley,34,1989,9.1,0,0,0,18,6,7,1,1,9,0,0,0,25,21,38,35.6
461,Mads Roerslev,dk DEN,DF,Brentford,24,1999,22.1,1,0,0,10,15,3,62,19,31,0,0,0,82,14,27,34.1
462,Morgan Rogers,eng ENG,"MF,FW",Aston Villa,21,2002,7.1,3,0,0,12,9,0,2,3,1,0,0,0,31,7,8,46.7
463,Cristian Romero,ar ARG,DF,Tottenham,25,1998,31.0,7,1,0,31,24,1,3,44,40,0,2,1,189,87,39,69.0
464,Joe Rothwell,eng ENG,MF,Bournemouth,28,1995,4.3,0,0,0,4,2,0,12,3,2,0,1,0,32,0,2,0.0
465,Pelly Ruddock Mpanzu,cd COD,MF,Luton Town,30,1993,12.2,1,0,0,9,14,0,11,9,5,0,0,0,54,12,19,38.7
466,José Sá,pt POR,GK,Wolves,30,1993,33.7,1,0,0,0,9,0,0,0,0,0,0,0,29,10,0,100.0
467,Dominic Sadi,eng ENG,FW,Bournemouth,19,2003,0.0,0,0,0,0,0,0,0,0,0,0,0,0,0,0,1,0.0
468,Bukayo Saka,eng ENG,FW,Arsenal,21,2001,32.4,4,0,0,41,69,8,181,15,35,1,0,0,155,23,36,39.0
469,Mohamed Salah,eg EGY,FW,Liverpool,31,1992,28.2,2,0,0,12,26,17,41,2,11,1,0,0,84,6,14,30.0
470,William Saliba,fr FRA,DF,Arsenal,22,2001,38.0,4,0,0,22,16,0,3,29,26,0,1,0,213,72,49,59.5
471,Albert Sambi Lokonga,be BEL,MF,Luton Town,23,1999,14.5,4,0,0,18,27,0,13,11,18,0,0,0,64,15,9,62.5
472,Davinson Sánchez,co COL,DF,Tottenham,27,1996,0.9,1,0,0,2,1,0,0,1,0,0,0,0,4,3,1,75.0
473,Robert Sánchez,es ESP,GK,Chelsea,25,1997,15.9,2,0,0,0,1,0,0,0,0,0,0,0,20,3,0,100.0
474,Jadon Sancho,eng ENG,"FW,MF",Manchester Utd,23,2000,0.9,0,0,0,0,2,1,1,1,0,0,0,0,10,0,3,0.0
475,Ibrahim Sangaré,ci CIV,MF,Nott'ham Forest,25,1997,11.5,6,0,0,22,9,2,2,16,23,0,0,0,70,8,16,33.3
476,Andrey Santos,br BRA,MF,Nott'ham Forest,19,2004,0.1,0,0,0,0,0,0,0,0,0,0,0,0,0,0,0,
477,Pablo Sarabia,es ESP,"MF,FW",Wolves,31,1992,19.4,5,0,0,21,25,9,131,10,13,0,0,0,90,7,21,25.0
478,Dane Scarlett,eng ENG,FW,Tottenham,19,2004,0.2,0,0,0,1,2,0,0,0,1,0,0,0,0,0,2,0.0
479,Kevin Schade,de GER,"FW,MF",Brentford,21,2001,3.7,0,0,0,10,6,2,5,1,1,0,0,0,23,17,14,54.8
480,Fabian Schär,ch SUI,DF,Newcastle Utd,31,1991,33.9,5,0,0,38,26,0,8,36,24,2,0,0,174,69,70,49.6
481,Jeffrey Schlupp,gh GHA,"FW,MF",Crystal Palace,30,1992,15.0,1,0,0,24,15,0,10,8,24,0,0,0,54,22,17,56.4
482,Alex Scott,eng ENG,MF,Bournemouth,19,2003,11.3,3,0,0,20,25,1,36,12,15,0,0,0,63,14,22,38.9
483,Matz Sels,be BEL,GK,Nott'ham Forest,31,1992,16.0,1,0,0,0,3,0,0,0,0,0,0,0,4,3,0,100.0
484,Nélson Semedo,pt POR,"DF,MF",Wolves,29,1993,34.3,10,1,0,48,30,1,80,36,48,0,2,0,188,22,27,44.9
485,Antoine Semenyo,gh GHA,FW,Bournemouth,23,2000,23.4,6,0,0,43,24,3,45,6,17,1,0,0,111,52,81,39.1
486,Marcos Senesi,ar ARG,DF,Bournemouth,26,1997,24.9,13,0,0,41,11,0,25,35,32,0,0,0,164,37,40,48.1
487,Luke Shaw,eng ENG,DF,Manchester Utd,28,1995,10.7,6,0,0,14,3,0,33,6,8,0,0,0,59,13,10,56.5
488,James Shea,eng ENG,GK,Luton Town,32,1991,0.2,0,0,0,0,0,0,0,0,0,0,0,0,0,0,0,
489,Bernardo Silva,pt POR,"MF,FW",Manchester City,28,1994,28.6,8,0,0,22,26,3,83,17,23,0,0,0,102,2,9,18.2
490,Fábio Silva,pt POR,FW,Wolves,21,2002,2.9,2,0,0,8,4,5,0,2,4,0,1,0,15,2,5,28.6
491,Thiago Silva,br BRA,DF,Chelsea,38,1984,28.1,4,0,0,10,8,1,4,26,15,0,0,0,140,51,26,66.2
492,Luis Sinisterra,co COL,"FW,MF",Bournemouth,24,1999,7.8,0,0,0,11,6,4,11,8,12,0,0,0,47,16,20,44.4
493,Oliver Skipp,eng ENG,"MF,DF",Tottenham,22,2000,7.9,3,0,0,8,12,0,1,3,12,0,0,0,36,3,10,23.1
494,Adam Smith,eng ENG,DF,Bournemouth,32,1991,23.9,6,0,0,30,22,1,39,21,23,0,2,0,92,18,22,45.0
495,Emile Smith Rowe,eng ENG,MF,Arsenal,23,2000,3.9,0,0,0,5,2,0,1,3,1,0,0,0,15,3,5,37.5
496,Cédric Soares,pt POR,DF,Arsenal,31,1991,0.7,0,0,0,0,1,0,4,0,0,0,0,0,3,0,1,0.0
497,Dominic Solanke,eng ENG,FW,Bournemouth,25,1997,36.9,3,0,0,42,45,16,6,7,11,1,0,0,97,97,135,41.8
498,Manor Solomon,il ISR,FW,Tottenham,24,1999,2.2,1,0,0,2,1,1,5,3,3,0,0,0,11,0,1,0.0
499,Tomáš Souček,cz CZE,MF,West Ham,28,1995,31.9,7,0,0,41,24,10,6,37,35,0,1,0,151,108,78,58.1
500,Vinicius Souza,br BRA,MF,Sheffield Utd,24,1999,29.6,3,0,0,48,14,2,10,32,76,0,1,0,153,64,38,62.7
501,Jason Steele,eng ENG,GK,Brighton,32,1990,17.0,0,0,0,0,1,0,0,0,0,0,0,0,26,1,0,100.0
502,Raheem Sterling,eng ENG,"FW,MF",Chelsea,28,1994,22.0,7,0,0,34,41,10,59,13,10,3,0,0,92,2,14,12.5
503,John Stones,eng ENG,"DF,MF",Manchester City,29,1994,11.8,2,0,0,4,5,0,5,10,1,0,0,0,46,14,5,73.7
504,Thomas Strakosha,al ALB,GK,Brentford,28,1995,1.5,0,0,0,0,1,0,0,0,0,0,0,0,1,0,0,
505,Dominik Szoboszlai,hu HUN,MF,Liverpool,22,2000,23.4,1,0,0,29,29,3,113,15,19,2,0,0,171,12,20,37.5
506,Matt Targett,eng ENG,DF,Newcastle Utd,27,1995,0.9,1,0,0,0,2,0,0,0,0,0,0,0,5,0,3,0.0
507,James Tarkowski,eng ENG,DF,Everton,30,1992,38.0,11,0,0,45,25,1,6,56,42,0,1,0,186,140,61,69.7
508,Jimi Tauriainen,eng ENG,FW,Chelsea,19,2004,0.0,0,0,0,0,0,0,0,0,0,0,0,0,0,0,0,
509,Nuno Tavares,pt POR,DF,Nott'ham Forest,23,2000,5.1,2,0,0,8,2,0,16,1,7,0,0,0,33,3,2,60.0
510,Marcus Tavernier,eng ENG,FW,Bournemouth,24,1999,23.5,3,0,0,20,22,3,116,5,34,0,0,0,142,13,31,29.5
511,Charlie Taylor,eng ENG,DF,Burnley,29,1993,25.9,8,0,0,20,16,2,71,19,20,0,0,0,106,41,38,51.9
512,Kenny Tete,nl NED,DF,Fulham,27,1995,9.6,2,0,0,16,12,0,23,16,17,0,1,0,45,5,5,50.0
513,Luke Thomas,eng ENG,DF,Sheffield Utd,22,2001,10.2,3,0,0,10,13,0,13,10,9,0,0,0,39,10,15,40.0
514,Youri Tielemans,be BEL,"MF,FW",Aston Villa,26,1997,18.0,3,0,0,22,29,0,31,15,20,0,0,0,97,13,9,59.1
515,Jurriën Timber,nl NED,DF,Arsenal,22,2001,0.8,2,0,0,3,0,1,1,0,2,0,0,0,4,1,1,50.0
516,Harry Toffolo,eng ENG,DF,Nott'ham Forest,27,1995,16.2,3,0,0,17,2,0,47,14,14,0,0,0,57,25,15,62.5
517,Takehiro Tomiyasu,jp JPN,DF,Arsenal,24,1998,12.8,2,1,1,14,8,1,14,18,9,0,0,0,54,25,20,55.6
518,James Tomkins,eng ENG,DF,Crystal Palace,34,1989,0.1,0,0,0,0,0,0,0,1,0,0,0,0,2,2,0,100.0
519,Sandro Tonali,it ITA,MF,Newcastle Utd,23,2000,4.9,2,0,0,9,6,0,11,2,7,0,0,0,20,1,0,100.0
520,Ivan Toney,eng ENG,FW,Brentford,27,1996,16.1,5,0,0,24,29,7,22,10,5,0,0,0,56,54,61,47.0
521,Pau Torres,es ESP,DF,Aston Villa,26,1997,27.4,1,0,0,18,10,2,8,14,18,0,0,0,127,23,22,51.1
522,Andros Townsend,eng ENG,"MF,FW",Luton Town,32,1991,13.4,1,0,0,13,12,2,74,5,13,0,0,0,68,0,10,0.0
523,James Trafford,eng ENG,GK,Burnley,20,2002,28.0,2,0,0,0,5,0,0,1,1,0,0,0,40,14,3,82.4
524,Adama Traoré,es ESP,"FW,MF",Fulham,27,1996,4.2,2,0,0,5,4,0,26,1,3,0,0,0,13,9,6,60.0
525,Bénie Traoré,ci CIV,"FW,MF",Sheffield Utd,20,2002,4.3,0,0,0,10,4,1,3,1,2,0,0,0,22,2,18,10.0
526,Bertrand Traoré,bf BFA,"DF,FW",Aston Villa,27,1995,0.1,0,0,0,0,0,0,0,0,1,0,0,0,2,0,0,
527,Boubacar Traoré,ml MLI,MF,Wolves,21,2001,9.1,4,0,0,23,4,1,6,5,23,0,0,0,62,6,16,27.3
528,Mark Travers,ie IRL,GK,Bournemouth,24,1999,4.0,0,0,0,1,1,0,0,0,0,0,1,0,1,2,0,100.0
529,Mike Trésor,be BEL,"FW,MF",Burnley,24,1999,4.7,0,0,0,0,3,2,32,1,6,0,0,0,28,1,9,10.0
530,Kieran Trippier,eng ENG,DF,Newcastle Utd,32,1990,24.8,5,0,0,27,21,3,212,24,27,0,0,0,162,31,17,64.6
531,Leandro Trossard,be BEL,"FW,MF",Arsenal,28,1994,18.3,2,0,0,15,20,9,57,8,16,1,0,0,88,5,10,33.3
532,Auston Trusty,us USA,DF,Sheffield Utd,24,1998,28.6,4,0,0,23,13,3,5,35,30,0,1,0,89,61,49,55.5
533,Kostas Tsimikas,gr GRE,DF,Liverpool,27,1996,7.5,0,0,0,11,7,1,72,6,13,0,0,0,43,3,13,18.8
534,Matt Turner,us USA,GK,Nott'ham Forest,29,1994,17.0,2,0,0,0,3,0,0,0,0,0,0,0,11,4,0,100.0
535,Destiny Udogie,it ITA,DF,Tottenham,20,2002,26.6,7,1,1,51,36,3,22,37,33,0,0,0,169,22,26,45.8
536,Lesley Ugochukwu,fr FRA,MF,Chelsea,19,2004,3.3,2,0,0,4,2,0,0,1,10,0,0,0,12,9,2,81.8
537,Enes Ünal,tr TUR,"FW,MF",Bournemouth,26,1997,3.6,1,0,0,10,9,6,3,1,4,0,0,0,10,8,11,42.1
538,Virgil van Dijk,nl NED,DF,Liverpool,32,1991,35.3,3,1,0,23,13,1,0,39,23,0,0,0,170,140,32,81.4
539,Raphaël Varane,fr FRA,DF,Manchester Utd,30,1993,15.3,2,0,0,8,3,2,0,15,11,0,0,0,67,21,5,80.8
540,Alejo Véliz,ar ARG,FW,Tottenham,19,2003,0.6,1,0,0,0,1,3,0,0,0,0,0,0,0,1,2,33.3
541,Joël Veltman,nl NED,DF,Brighton,31,1992,17.6,4,0,0,17,42,1,11,18,41,0,0,0,76,28,21,57.1
542,Micky van de Ven,nl NED,DF,Tottenham,22,2001,26.0,5,0,0,13,17,1,3,18,35,0,1,0,144,38,41,48.1
543,Bart Verbruggen,nl NED,GK,Brighton,20,2002,21.0,3,0,0,1,2,0,0,0,1,0,0,0,33,5,0,100.0
544,Guglielmo Vicario,it ITA,GK,Tottenham,26,1996,38.0,2,0,0,0,8,0,0,1,0,0,0,0,61,21,1,95.5
545,Fabio Vieira,pt POR,"MF,FW",Arsenal,23,2000,3.3,0,1,0,8,10,2,15,2,2,2,0,0,16,1,0,100.0
546,Carlos Vinícius,br BRA,FW,Fulham,28,1995,3.5,2,0,0,4,2,6,1,0,2,0,0,0,9,4,11,26.7
547,Vitinho,br BRA,"DF,MF",Burnley,24,1999,25.7,1,0,0,27,28,6,56,12,34,1,2,0,109,19,22,46.3
548,Odisseas Vlachodimos,gr GRE,GK,Nott'ham Forest,29,1994,5.0,0,0,0,0,1,0,0,0,0,0,0,0,4,0,0,
549,Kyle Walker,eng ENG,DF,Manchester City,33,1990,30.7,2,0,0,23,18,7,59,27,24,0,0,0,152,25,15,62.5
550,Aaron Wan-Bissaka,eng ENG,DF,Manchester Utd,25,1997,19.8,4,0,0,17,9,0,14,41,25,0,1,0,94,21,19,52.5
551,Joel Ward,eng ENG,DF,Crystal Palace,33,1989,22.0,4,0,0,22,6,0,22,14,28,0,0,1,94,46,48,48.9
552,James Ward-Prowse,eng ENG,MF,West Ham,28,1994,33.3,4,0,0,24,20,0,189,38,29,0,0,0,145,26,33,44.1
553,Lewis Warrington,eng ENG,FW,Everton,20,2002,0.0,0,0,0,0,0,0,0,0,0,0,0,0,1,0,0,
554,Deivid Washington,br BRA,"DF,FW",Chelsea,18,2005,0.1,0,0,0,0,0,0,0,0,1,0,0,0,0,0,0,
555,Ollie Watkins,eng ENG,FW,Aston Villa,27,1995,35.7,4,0,0,22,41,16,13,4,7,2,0,0,64,49,80,38.0
556,Adam Webster,eng ENG,DF,Brighton,28,1995,12.7,2,0,0,9,3,0,1,16,12,0,0,1,63,33,13,71.7
557,Danny Welbeck,eng ENG,"FW,MF",Brighton,32,1990,18.8,4,0,0,12,21,9,3,9,17,2,0,0,42,16,22,42.1
558,Timo Werner,de GER,FW,Tottenham,27,1996,9.0,1,0,0,3,5,12,28,3,4,0,0,0,27,1,2,33.3
559,Adam Wharton,eng ENG,MF,Crystal Palace,19,2004,14.4,2,0,0,18,21,0,25,20,32,0,0,0,76,7,12,36.8
560,Ethan Wheatley,eng ENG,FW,Manchester Utd,17,2006,0.2,0,0,0,3,0,0,0,2,1,0,0,0,1,0,0,
561,Ben White,eng ENG,DF,Arsenal,25,1997,33.2,8,0,0,19,12,11,57,32,28,0,0,0,120,36,22,62.1
562,Joe White,eng ENG,MF,Newcastle Utd,20,2002,0.1,1,0,0,2,0,0,0,0,1,0,0,0,2,0,2,0.0
563,Neco Williams,wls WAL,DF,Nott'ham Forest,22,2001,18.2,4,0,0,23,30,4,68,22,40,0,0,0,107,31,20,60.8
564,Willian,br BRA,FW,Fulham,34,1988,22.8,1,0,0,9,30,1,75,9,11,0,0,0,99,9,15,37.5
565,Joe Willock,eng ENG,MF,Newcastle Utd,23,1999,4.7,0,0,0,3,3,1,6,1,7,0,0,0,26,1,1,50.0
566,Callum Wilson,eng ENG,FW,Newcastle Utd,31,1992,11.0,3,0,0,16,17,4,3,2,3,0,0,0,17,9,16,36.0
567,Harry Wilson,wls WAL,FW,Fulham,26,1997,18.0,6,0,0,21,40,5,42,10,14,1,0,0,78,5,6,45.5
568,Yoane Wissa,cd COD,FW,Brentford,26,1996,27.7,7,0,0,38,51,20,21,9,16,1,0,0,99,38,47,44.7
569,Chris Wood,nz NZL,FW,Nott'ham Forest,31,1991,20.1,0,0,0,22,13,7,2,1,4,0,1,0,46,72,96,42.9
570,Cauley Woodrow,eng ENG,"FW,MF",Luton Town,28,1994,4.7,2,0,0,8,4,2,10,1,10,0,0,0,21,10,16,38.5
571,Joe Worrall,eng ENG,DF,Nott'ham Forest,26,1997,4.9,0,1,0,3,2,0,0,3,5,0,0,0,18,12,10,54.5
572,Yehor Yarmoliuk,ua UKR,MF,Brentford,19,2004,7.6,2,0,0,12,6,1,14,6,11,0,0,0,50,9,10,47.4
573,Ryan Yates,eng ENG,MF,Nott'ham Forest,25,1997,22.1,6,0,0,54,57,2,6,21,39,0,0,0,110,41,36,53.2
574,Ashley Young,eng ENG,"DF,MF",Everton,38,1985,25.3,7,1,1,33,24,1,100,22,38,1,1,1,120,19,32,37.3
575,Illia Zabarnyi,ua UKR,DF,Bournemouth,20,2002,37.0,5,0,0,24,24,0,1,33,32,0,0,0,153,75,60,55.6
576,Nicolò Zaniolo,it ITA,"FW,MF",Aston Villa,24,1999,9.3,7,0,0,24,21,0,18,1,9,0,0,0,36,7,14,33.3
577,Anass Zaroury,ma MAR,"FW,MF",Burnley,22,2000,1.7,0,1,0,4,3,0,11,0,0,0,0,0,8,0,1,0.0
578,Oleksandr Zinchenko,ua UKR,DF,Arsenal,26,1996,19.1,2,0,0,7,9,1,30,20,30,0,0,0,104,27,16,62.8
579,Kurt Zouma,fr FRA,DF,West Ham,28,1994,31.5,3,0,0,24,6,0,0,29,17,0,1,0,95,58,43,57.4
580,Martin Ødegaard,no NOR,MF,Arsenal,24,1998,34.3,2,0,0,30,36,3,77,15,17,1,0,0,158,3,9,25.0
