Rk,Player,Nation,Pos,Squad,Age,Born,90s,SCA SCA,SCA SCA90,SCA Types PassLive,SCA Types PassDead,SCA Types TO,SCA Types Sh,SCA Types Fld,SCA Types Def,GCA GCA,GCA GCA90,GCA Types PassLive,GCA Types PassDead,GCA Types TO,GCA Types Sh,GCA Types Fld,GCA Types Def
1,Max Aarons,eng ENG,DF,Bournemouth,23,2000,13.7,23,1.68,16,4,0,0,3,0,2,0.15,2,0,0,0,0,0
2,Joshua Acheampong,eng ENG,DF,Chelsea,17,2006,0.1,1,15.00,0,1,0,0,0,0,0,0.00,0,0,0,0,0,0
3,Tyler Adams,us USA,MF,Bournemouth,24,1999,1.3,3,2.25,2,1,0,0,0,0,0,0.00,0,0,0,0,0,0
4,Tosin Adarabioyo,eng ENG,DF,Fulham,25,1997,18.0,10,0.56,6,0,0,4,0,0,0,0.00,0,0,0,0,0,0
5,Elijah Adebayo,eng ENG,FW,Luton Town,25,1998,15.8,31,1.97,19,0,5,5,2,0,5,0.32,2,0,0,3,0,0
6,Simon Adingra,ci CIV,FW,Brighton,21,2002,24.7,77,3.12,51,1,13,7,3,2,4,0.16,3,0,0,0,0,1
7,Nayef Aguerd,ma MAR,DF,West Ham,27,1996,20.6,14,0.68,12,1,0,1,0,0,0,0.00,0,0,0,0,0,0
8,Brandon Aguilera,cr CRC,FW,Nott'ham Forest,20,2003,0.1,0,0.00,0,0,0,0,0,0,0,0.00,0,0,0,0,0,0
9,Naouirou Ahamada,fr FRA,"MF,FW",Crystal Palace,21,2002,3.9,9,2.30,9,0,0,0,0,0,3,0.77,3,0,0,0,0,0
10,Anel Ahmedhodžić,ba BIH,DF,Sheffield Utd,24,1999,29.4,26,0.88,23,0,0,3,0,0,1,0.03,0,0,0,1,0,0
11,Ola Aina,ng NGA,DF,Nott'ham Forest,26,1996,18.8,38,2.02,25,5,3,1,3,1,1,0.05,1,0,0,0,0,0
12,Rayan Aït-Nouri,dz ALG,"DF,MF",Wolves,22,2001,25.9,65,2.51,41,9,6,3,6,0,5,0.19,2,0,0,0,3,0
13,Kristoffer Ajer,no NOR,DF,Brentford,25,1998,20.4,27,1.33,24,0,1,2,0,0,3,0.15,3,0,0,0,0,0
14,Manuel Akanji,ch SUI,"DF,MF",Manchester City,28,1995,27.9,55,1.97,45,1,0,3,2,4,4,0.14,4,0,0,0,0,0
15,Nathan Aké,nl NED,DF,Manchester City,28,1995,22.7,36,1.59,28,0,2,4,1,1,6,0.26,3,0,1,2,0,0
16,Thiago Alcántara,es ESP,MF,Liverpool,32,1991,0.1,0,0.00,0,0,0,0,0,0,0,0.00,0,0,0,0,0,0
17,Trent Alexander-Arnold,eng ENG,DF,Liverpool,24,1998,23.9,126,5.27,80,33,5,6,0,2,7,0.29,4,3,0,0,0,0
18,Alisson,br BRA,GK,Liverpool,30,1992,28.0,11,0.39,10,1,0,0,0,0,0,0.00,0,0,0,0,0,0
19,Miguel Almirón,py PAR,FW,Newcastle Utd,29,1994,21.5,52,2.41,40,1,3,7,1,0,4,0.19,2,1,0,1,0,0
20,Edson Álvarez,mx MEX,MF,West Ham,25,1997,26.4,32,1.21,24,0,2,3,0,3,2,0.08,2,0,0,0,0,0
21,Julián Álvarez,ar ARG,"MF,FW",Manchester City,23,2000,29.4,118,4.01,74,28,4,10,2,0,15,0.51,12,1,0,0,2,0
22,Zeki Amdouni,ch SUI,FW,Burnley,22,2000,21.7,50,2.30,30,0,5,7,5,3,4,0.18,1,0,2,0,1,0
23,Sofyan Amrabat,ma MAR,"MF,DF",Manchester Utd,26,1996,10.4,19,1.82,19,0,0,0,0,0,1,0.10,1,0,0,0,0,0
24,Joachim Andersen,dk DEN,DF,Crystal Palace,27,1996,37.9,47,1.24,41,1,0,3,0,2,5,0.13,5,0,0,0,0,0
25,Elliot Anderson,eng ENG,"MF,FW",Newcastle Utd,20,2002,11.4,34,2.98,28,0,4,2,0,0,3,0.26,3,0,0,0,0,0
26,Jaidon Anthony,eng ENG,FW,Bournemouth,23,1999,1.7,3,1.78,2,0,1,0,0,0,0,0.00,0,0,0,0,0,0
27,Michail Antonio,jm JAM,FW,West Ham,33,1990,18.8,33,1.75,18,1,5,3,4,2,5,0.27,4,0,1,0,0,0
28,Antony,br BRA,FW,Manchester Utd,23,2000,14.7,55,3.74,45,1,2,0,4,3,3,0.20,1,0,0,0,0,2
29,Oliver Arblaster,eng ENG,MF,Sheffield Utd,19,2004,10.5,23,2.20,19,2,0,1,0,1,2,0.19,1,0,0,1,0,0
30,Cameron Archer,eng ENG,"FW,MF",Sheffield Utd,22,2001,20.4,49,2.41,32,0,9,5,1,2,4,0.20,2,0,1,1,0,0
31,Cameron Archer,eng ENG,MF,Aston Villa,22,2001,0.1,0,0.00,0,0,0,0,0,0,0,0.00,0,0,0,0,0,0
32,Alphonse Areola,fr FRA,GK,West Ham,30,1993,30.0,2,0.07,1,1,0,0,0,0,0,0.00,0,0,0,0,0,0
33,Lorenz Assignon,tg TOG,DF,Burnley,23,2000,13.7,23,1.68,18,3,1,0,1,0,2,0.15,2,0,0,0,0,0
34,Serge Aurier,ci CIV,"DF,MF",Nott'ham Forest,30,1992,9.3,15,1.62,12,1,1,0,1,0,2,0.22,2,0,0,0,0,0
35,Taiwo Awoniyi,ng NGA,FW,Nott'ham Forest,25,1997,11.6,30,2.60,22,0,2,0,4,2,6,0.52,5,0,1,0,0,0
36,Jordan Ayew,gh GHA,"FW,MF",Crystal Palace,31,1991,28.3,72,2.55,40,5,5,7,12,3,12,0.42,10,0,1,0,1,0
37,Benoît Badiashile,fr FRA,DF,Chelsea,22,2001,14.9,23,1.55,18,0,0,2,1,2,3,0.20,3,0,0,0,0,0
38,Leon Bailey,jm JAM,"MF,FW",Aston Villa,25,1997,23.0,97,4.22,70,7,9,7,3,1,11,0.48,7,1,1,2,0,0
39,Stefan Bajcetic,es ESP,MF,Liverpool,18,2004,0.3,0,0.00,0,0,0,0,0,0,0,0.00,0,0,0,0,0,0
40,George Baldock,gr GRE,DF,Sheffield Utd,30,1993,10.8,16,1.49,10,3,2,0,1,0,2,0.19,1,0,0,0,1,0
41,Carlos Baleba,cm CMR,MF,Brighton,19,2004,14.7,17,1.15,16,0,0,1,0,0,1,0.07,1,0,0,0,0,0
42,Fodé Ballo-Touré,sn SEN,"DF,MF",Fulham,26,1997,0.8,0,0.00,0,0,0,0,0,0,0,0.00,0,0,0,0,0,0
43,Shandon Baptiste,gd GRN,MF,Brentford,25,1998,2.5,5,1.96,4,0,1,0,0,0,1,0.39,1,0,0,0,0,0
44,Valentín Barco,ar ARG,"DF,FW",Brighton,19,2004,3.4,8,2.35,5,3,0,0,0,0,0,0.00,0,0,0,0,0,0
45,Ross Barkley,eng ENG,MF,Luton Town,29,1993,29.1,104,3.58,67,11,14,6,3,3,11,0.38,6,2,1,1,1,0
46,Harvey Barnes,eng ENG,"FW,MF",Newcastle Utd,25,1997,8.9,29,3.25,18,0,5,3,3,0,6,0.67,4,0,2,0,0,0
47,Chris Basham,eng ENG,"DF,MF",Sheffield Utd,35,1988,3.6,3,0.84,1,0,0,1,1,0,0,0.00,0,0,0,0,0,0
48,Calvin Bassey,ng NGA,DF,Fulham,23,1999,25.6,15,0.59,13,0,0,2,0,0,2,0.08,0,0,0,2,0,0
49,Owen Beck,wls WAL,DF,Liverpool,20,2002,0.1,0,0.00,0,0,0,0,0,0,0,0.00,0,0,0,0,0,0
50,Donny van de Beek,nl NED,DF,Manchester Utd,26,1997,0.0,1,30.00,1,0,0,0,0,0,0,0.00,0,0,0,0,0,0
51,Amari'i Bell,jm JAM,DF,Luton Town,29,1994,19.1,25,1.31,22,0,0,0,2,1,3,0.16,3,0,0,0,0,0
52,Jean-Ricner Bellegarde,fr FRA,"MF,FW",Wolves,25,1998,10.6,30,2.81,20,2,6,1,1,0,2,0.19,1,0,1,0,0,0
53,Anis Ben Slimane,tn TUN,MF,Sheffield Utd,22,2001,4.7,12,2.58,8,1,1,1,0,1,0,0.00,0,0,0,0,0,0
54,Saïd Benrahma,dz ALG,"FW,MF",West Ham,27,1995,6.9,26,3.77,23,0,3,0,0,0,1,0.15,1,0,0,0,0,0
55,Rodrigo Bentancur,uy URU,MF,Tottenham,26,1997,11.2,31,2.78,26,0,1,2,0,2,4,0.36,3,0,0,0,0,1
56,Daniel Bentley,eng ENG,GK,Wolves,30,1993,4.3,1,0.23,1,0,0,0,0,0,0,0.00,0,0,0,0,0,0
57,Jóhann Berg Guðmundsson,is ISL,"MF,FW",Burnley,32,1990,13.2,50,3.78,28,17,0,2,3,0,5,0.38,3,2,0,0,0,0
58,Sander Berge,no NOR,MF,Burnley,25,1998,33.4,67,2.01,63,0,3,0,1,0,8,0.24,7,0,1,0,0,0
59,Luke Berry,eng ENG,"MF,DF",Luton Town,31,1992,3.6,6,1.67,2,1,1,2,0,0,1,0.28,0,0,1,0,0,0
60,Beto,gw GNB,FW,Everton,25,1998,10.6,32,3.03,19,0,6,3,2,2,1,0.09,1,0,0,0,0,0
61,Jordan Beyer,de GER,DF,Burnley,23,2000,13.7,10,0.73,10,0,0,0,0,0,1,0.07,1,0,0,0,0,0
62,Philip Billing,dk DEN,MF,Bournemouth,27,1996,15.5,46,2.96,40,2,1,2,1,0,5,0.32,5,0,0,0,0,0
63,Yves Bissouma,ml MLI,MF,Tottenham,26,1996,23.0,44,1.91,35,2,3,0,0,4,3,0.13,3,0,0,0,0,0
64,Benicio Boaitey,eng ENG,"FW,DF",Brighton,19,2004,0.4,2,4.50,1,0,0,1,0,0,0,0.00,0,0,0,0,0,0
65,Oscar Bobb,no NOR,"FW,MF",Manchester City,20,2003,3.4,22,6.56,16,0,4,1,1,0,6,1.79,3,0,2,0,1,0
66,Jayden Bogle,eng ENG,DF,Sheffield Utd,23,2000,31.0,33,1.07,26,1,3,1,2,0,1,0.03,0,0,0,1,0,0
67,Willy Boly,ci CIV,DF,Nott'ham Forest,32,1991,16.0,16,1.00,14,0,0,2,0,0,2,0.13,2,0,0,0,0,0
68,Sven Botman,nl NED,DF,Newcastle Utd,23,2000,15.3,14,0.92,12,0,0,2,0,0,3,0.20,3,0,0,0,0,0
69,Jarrod Bowen,eng ENG,FW,West Ham,26,1996,33.5,81,2.42,55,7,6,5,6,2,12,0.36,9,1,0,1,0,1
70,Conor Bradley,nir NIR,DF,Liverpool,20,2003,8.4,27,3.22,18,1,3,2,1,2,3,0.36,2,1,0,0,0,0
71,Jarrad Branthwaite,eng ENG,DF,Everton,21,2002,34.6,25,0.72,20,0,0,1,3,1,4,0.12,3,0,0,0,1,0
72,Ben Brereton,cl CHI,"FW,MF",Sheffield Utd,24,1999,12.3,31,2.52,21,0,4,2,3,1,4,0.33,2,0,1,0,1,0
73,Rhian Brewster,eng ENG,"FW,MF",Sheffield Utd,23,2000,3.8,7,1.82,6,0,0,1,0,0,0,0.00,0,0,0,0,0,0
74,Armando Broja,al ALB,FW,Chelsea,21,2001,5.0,8,1.59,5,0,1,0,2,0,1,0.20,0,0,0,0,1,0
75,Armando Broja,al ALB,FW,Fulham,21,2001,1.0,1,1.01,1,0,0,0,0,0,0,0.00,0,0,0,0,0,0
76,Andre Brooks,eng ENG,"MF,DF",Sheffield Utd,19,2003,10.4,9,0.86,6,0,2,1,0,0,0,0.00,0,0,0,0,0,0
77,David Brooks,wls WAL,"FW,MF",Bournemouth,26,1997,3.1,20,6.41,16,1,1,1,1,0,3,0.96,2,0,1,0,0,0
78,Jacob Brown,sct SCO,"MF,FW",Luton Town,25,1998,11.3,15,1.33,10,0,1,1,3,0,0,0.00,0,0,0,0,0,0
79,Josh Brownhill,eng ENG,MF,Burnley,27,1995,25.0,70,2.80,43,19,1,3,3,1,6,0.24,5,1,0,0,0,0
80,Jacob Bruun Larsen,dk DEN,"MF,FW",Burnley,24,1998,13.9,46,3.31,32,11,1,1,1,0,0,0.00,0,0,0,0,0,0
81,Hugo Bueno,es ESP,"DF,MF",Wolves,20,2002,8.2,17,2.07,14,0,1,1,1,0,2,0.24,2,0,0,0,0,0
82,Santiago Bueno,uy URU,DF,Wolves,24,1998,9.1,5,0.55,5,0,0,0,0,0,0,0.00,0,0,0,0,0,0
83,Facundo Buonanotte,ar ARG,"FW,MF",Brighton,18,2004,15.2,38,2.51,26,1,2,3,5,1,2,0.13,2,0,0,0,0,0
84,Reece Burke,eng ENG,DF,Luton Town,26,1996,18.4,21,1.14,15,1,0,5,0,0,4,0.22,3,0,0,1,0,0
85,Dan Burn,eng ENG,DF,Newcastle Utd,31,1992,30.3,27,0.89,22,2,1,2,0,0,4,0.13,3,0,0,1,0,0
86,Mason Burstow,eng ENG,FW,Chelsea,19,2003,0.1,0,0.00,0,0,0,0,0,0,0,0.00,0,0,0,0,0,0
87,Moisés Caicedo,ec ECU,MF,Chelsea,21,2001,31.8,66,2.07,52,0,3,1,6,4,12,0.38,11,0,0,0,0,1
88,Tom Cairney,sct SCO,MF,Fulham,32,1991,16.5,71,4.30,62,2,2,2,1,2,13,0.79,11,0,1,0,1,0
89,Dominic Calvert-Lewin,eng ENG,FW,Everton,26,1997,24.1,54,2.24,37,0,4,7,4,2,6,0.25,3,0,0,3,0,0
90,Thomas Cannon,ie IRL,FW,Everton,20,2002,0.0,0,0.00,0,0,0,0,0,0,0,0.00,0,0,0,0,0,0
91,Diego Carlos,br BRA,DF,Aston Villa,30,1993,20.2,9,0.45,9,0,0,0,0,0,2,0.10,2,0,0,0,0,0
92,Cesare Casadei,it ITA,"FW,MF",Chelsea,20,2003,0.9,4,4.62,2,0,0,0,1,1,0,0.00,0,0,0,0,0,0
93,Casemiro,br BRA,"MF,DF",Manchester Utd,31,1992,22.0,41,1.86,35,2,0,3,1,0,4,0.18,4,0,0,0,0,0
94,Kaelan Casey,eng ENG,DF,West Ham,18,2004,0.0,0,0.00,0,0,0,0,0,0,0,0.00,0,0,0,0,0,0
95,Matty Cash,pl POL,DF,Aston Villa,25,1997,23.8,44,1.85,34,1,0,6,2,1,8,0.34,7,0,0,0,1,0
96,Timothy Castagne,be BEL,DF,Fulham,27,1995,29.3,50,1.71,39,2,4,4,0,1,2,0.07,2,0,0,0,0,0
97,Jonny Castro,es ESP,MF,Wolves,29,1994,0.1,0,0.00,0,0,0,0,0,0,0,0.00,0,0,0,0,0,0
98,Trevoh Chalobah,eng ENG,DF,Chelsea,24,1999,10.6,5,0.47,5,0,0,0,0,0,1,0.09,1,0,0,0,0,0
99,Calum Chambers,eng ENG,"MF,DF",Aston Villa,28,1995,1.7,1,0.60,1,0,0,0,0,0,0,0.00,0,0,0,0,0,0
100,Youssef Chermiti,pt POR,FW,Everton,19,2004,2.3,7,3.03,5,0,1,1,0,0,0,0.00,0,0,0,0,0,0
101,Ben Chilwell,eng ENG,DF,Chelsea,26,1996,8.4,22,2.62,11,8,0,1,2,0,2,0.24,1,0,0,1,0,0
102,Tawanda Chirewa,zw ZIM,"MF,FW",Wolves,19,2003,1.6,3,1.86,3,0,0,0,0,0,0,0.00,0,0,0,0,0,0
103,Leon Chiwome,eng ENG,FW,Wolves,17,2006,1.9,1,0.52,1,0,0,0,0,0,0,0.00,0,0,0,0,0,0
104,Tahith Chong,nl NED,"MF,FW",Luton Town,23,1999,22.0,49,2.22,31,0,3,2,11,2,4,0.18,2,0,0,2,0,0
105,Ryan Christie,sct SCO,MF,Bournemouth,28,1995,32.3,117,3.62,88,8,7,5,6,3,6,0.19,5,1,0,0,0,0
106,Carney Chukwuemeka,eng ENG,"MF,FW",Chelsea,19,2003,2.5,9,3.57,7,0,1,1,0,0,4,1.59,2,0,1,1,0,0
107,Bobby Clark,eng ENG,MF,Liverpool,18,2005,1.0,1,1.01,0,0,0,1,0,0,0,0.00,0,0,0,0,0,0
108,Jordan Clark,eng ENG,MF,Luton Town,29,1993,14.5,29,2.00,23,0,2,3,1,0,1,0.07,1,0,0,0,0,0
109,Nathaniel Clyne,eng ENG,DF,Crystal Palace,32,1991,14.9,8,0.54,6,0,0,1,0,1,1,0.07,0,0,0,1,0,0
110,Séamus Coleman,ie IRL,DF,Everton,34,1988,7.4,6,0.81,5,0,1,0,0,0,0,0.00,0,0,0,0,0,0
111,Nathan Collins,ie IRL,DF,Brentford,22,2001,29.5,24,0.81,22,0,0,1,0,1,2,0.07,2,0,0,0,0,0
112,Levi Colwill,eng ENG,DF,Chelsea,20,2003,20.0,27,1.35,21,1,1,4,0,0,3,0.15,3,0,0,0,0,0
113,Lewis Cook,eng ENG,MF,Bournemouth,26,1997,31.0,77,2.49,48,22,2,2,0,3,4,0.13,3,0,0,0,0,1
114,Jack Cork,eng ENG,MF,Burnley,34,1989,0.3,1,3.33,1,0,0,0,0,0,0,0.00,0,0,0,0,0,0
115,Maxwel Cornet,ci CIV,"MF,FW",West Ham,26,1996,1.2,5,4.02,4,0,0,1,0,0,0,0.00,0,0,0,0,0,0
116,Vladimír Coufal,cz CZE,DF,West Ham,30,1992,34.8,77,2.21,50,18,3,2,3,1,12,0.34,12,0,0,0,0,0
117,Philippe Coutinho,br BRA,"MF,FW",Aston Villa,31,1992,0.3,2,7.20,1,0,1,0,0,0,0,0.00,0,0,0,0,0,0
118,Aaron Cresswell,eng ENG,"DF,FW",West Ham,33,1989,4.8,12,2.48,7,3,0,0,2,0,1,0.21,1,0,0,0,0,0
119,Marc Cucurella,es ESP,DF,Chelsea,25,1998,19.8,35,1.77,28,1,1,1,4,0,3,0.15,2,0,0,0,1,0
120,Josh Cullen,ie IRL,MF,Burnley,27,1996,22.9,66,2.89,56,6,0,1,2,1,8,0.35,6,2,0,0,0,0
121,Matheus Cunha,br BRA,"FW,MF",Wolves,24,1999,27.1,78,2.88,46,1,12,8,8,3,13,0.48,9,0,1,1,1,1
122,Sam Curtis,ie IRL,DF,Sheffield Utd,17,2005,0.3,0,0.00,0,0,0,0,0,0,0,0.00,0,0,0,0,0,0
123,Mahmoud Dahoud,de GER,MF,Brighton,27,1996,5.0,13,2.59,13,0,0,0,0,0,2,0.40,2,0,0,0,0,0
124,Ameen Al-Dakhil,be BEL,DF,Burnley,21,2002,11.7,8,0.68,5,0,1,2,0,0,1,0.09,1,0,0,0,0,0
125,Diogo Dalot,pt POR,DF,Manchester Utd,24,1999,35.3,78,2.21,67,4,2,3,1,1,7,0.20,6,0,0,1,0,0
126,Mikkel Damsgaard,dk DEN,MF,Brentford,23,2000,9.4,26,2.78,18,3,0,3,1,1,5,0.54,3,0,0,1,1,0
127,Danilo,br BRA,MF,Nott'ham Forest,22,2001,19.9,48,2.41,34,5,4,4,1,0,4,0.20,4,0,0,0,0,0
128,Arnaut Danjuma,nl NED,"MF,FW",Everton,26,1997,6.6,18,2.72,9,0,1,5,2,1,1,0.15,0,0,0,1,0,0
129,Jayden Danns,eng ENG,FW,Liverpool,17,2006,0.1,0,0.00,0,0,0,0,0,0,0,0.00,0,0,0,0,0,0
130,Josh Dasilva,eng ENG,"DF,FW",Brentford,24,1998,0.3,1,3.75,1,0,0,0,0,0,0,0.00,0,0,0,0,0,0
131,David Datro Fofana,ci CIV,FW,Burnley,20,2002,9.8,18,1.84,8,0,4,4,1,1,2,0.20,0,0,2,0,0,0
132,Ben Davies,wls WAL,DF,Tottenham,30,1993,12.1,15,1.24,14,0,0,0,1,0,2,0.17,1,0,0,0,1,0
133,Tom Davies,eng ENG,MF,Sheffield Utd,25,1998,2.5,6,2.44,4,0,0,1,0,1,1,0.41,0,0,0,0,0,1
134,Craig Dawson,eng ENG,DF,Wolves,33,1990,24.5,12,0.49,8,0,0,3,0,1,1,0.04,0,0,0,1,0,0
135,Kevin De Bruyne,be BEL,MF,Manchester City,32,1991,13.6,100,7.36,73,17,2,5,3,0,16,1.18,12,3,0,0,1,0
136,Hannes Delcroix,be BEL,DF,Burnley,24,1999,6.5,7,1.07,7,0,0,0,0,0,0,0.00,0,0,0,0,0,0
137,Leander Dendoncker,be BEL,MF,Aston Villa,28,1995,1.3,2,1.51,1,0,0,0,1,0,1,0.76,0,0,0,0,1,0
138,Moussa Diaby,fr FRA,"FW,MF",Aston Villa,24,1999,24.2,80,3.31,64,1,6,7,2,0,10,0.41,9,0,1,0,0,0
139,Amad Diallo,ci CIV,"FW,MF",Manchester Utd,21,2002,4.3,20,4.62,16,0,3,1,0,0,0,0.00,0,0,0,0,0,0
140,Amadou Diallo,eng ENG,MF,Newcastle Utd,20,2003,0.0,0,0.00,0,0,0,0,0,0,0,0.00,0,0,0,0,0,0
141,Rúben Dias,pt POR,DF,Manchester City,26,1997,28.4,35,1.23,28,0,0,5,0,2,4,0.14,2,0,0,1,0,1
142,Luis Díaz,co COL,FW,Liverpool,26,1997,29.2,163,5.58,121,1,17,15,8,1,9,0.31,9,0,0,0,0,0
143,Eric Dier,eng ENG,DF,Tottenham,29,1994,2.2,2,0.90,2,0,0,0,0,0,0,0.00,0,0,0,0,0,0
144,Lucas Digne,fr FRA,DF,Aston Villa,30,1993,26.8,74,2.76,48,19,0,3,3,1,4,0.15,4,0,0,0,0,0
145,Issa Diop,fr FRA,DF,Fulham,26,1997,15.8,4,0.25,4,0,0,0,0,0,0,0.00,0,0,0,0,0,0
146,Axel Disasi,fr FRA,DF,Chelsea,25,1998,28.7,13,0.45,13,0,0,0,0,0,0,0.00,0,0,0,0,0,0
147,Ben Doak,sct SCO,FW,Liverpool,17,2005,0.2,0,0.00,0,0,0,0,0,0,0,0.00,0,0,0,0,0,0
148,Lewis Dobbin,eng ENG,MF,Everton,20,2003,2.6,6,2.33,3,0,0,2,1,0,0,0.00,0,0,0,0,0,0
149,Matt Doherty,ie IRL,"DF,MF",Wolves,31,1992,12.8,19,1.48,18,1,0,0,0,0,0,0.00,0,0,0,0,0,0
150,Jeremy Doku,be BEL,"FW,MF",Manchester City,21,2002,17.7,111,6.26,82,1,17,6,5,0,15,0.85,10,0,2,1,2,0
151,Nicolás Domínguez,ar ARG,"MF,FW",Nott'ham Forest,25,1998,16.6,35,2.11,33,0,0,2,0,0,2,0.12,2,0,0,0,0,0
152,Jamie Donley,eng ENG,FW,Tottenham,18,2005,0.0,0,0.00,0,0,0,0,0,0,0,0.00,0,0,0,0,0,0
153,Abdoulaye Doucouré,ml MLI,"FW,MF",Everton,30,1993,29.2,67,2.29,59,0,0,6,1,1,5,0.17,3,0,0,2,0,0
154,Cheick Doucouré,ml MLI,MF,Crystal Palace,23,2000,10.2,23,2.25,19,0,1,2,0,1,3,0.29,3,0,0,0,0,0
155,Alfie Doughty,eng ENG,DF,Luton Town,23,1999,32.5,115,3.54,57,47,4,6,1,0,16,0.49,8,5,1,2,0,0
156,Tommy Doyle,eng ENG,MF,Wolves,21,2001,13.6,26,1.91,20,6,0,0,0,0,5,0.37,4,1,0,0,0,0
157,Radu Drăgușin,ro ROU,DF,Tottenham,21,2002,4.8,1,0.21,1,0,0,0,0,0,0,0.00,0,0,0,0,0,0
158,Martin Dúbravka,sk SVK,GK,Newcastle Utd,34,1989,22.1,0,0.00,0,0,0,0,0,0,0,0.00,0,0,0,0,0,0
159,Paul Dummett,wls WAL,DF,Newcastle Utd,31,1991,0.2,0,0.00,0,0,0,0,0,0,0,0.00,0,0,0,0,0,0
160,Lewis Dunk,eng ENG,DF,Brighton,31,1991,31.9,48,1.51,39,3,0,6,0,0,7,0.22,6,0,0,1,0,0
161,Jhon Durán,co COL,"FW,MF",Aston Villa,19,2003,5.3,12,2.27,8,0,1,1,1,1,4,0.76,1,0,1,0,1,1
162,George Earthy,eng ENG,FW,West Ham,18,2004,0.4,2,5.29,2,0,0,0,0,0,0,0.00,0,0,0,0,0,0
163,Ederson,br BRA,GK,Manchester City,29,1993,30.9,7,0.23,5,2,0,0,0,0,2,0.06,2,0,0,0,0,0
164,Odsonne Édouard,fr FRA,"FW,MF",Crystal Palace,25,1998,17.3,45,2.60,29,0,7,7,1,1,2,0.12,2,0,0,0,0,0
165,John Egan,ie IRL,DF,Sheffield Utd,30,1992,5.4,1,0.19,0,0,0,1,0,0,0,0.00,0,0,0,0,0,0
166,Hjalmar Ekdal,se SWE,DF,Burnley,24,1998,4.9,2,0.41,2,0,0,0,0,0,0,0.00,0,0,0,0,0,0
167,Anthony Elanga,se SWE,"FW,MF",Nott'ham Forest,21,2002,27.0,70,2.59,53,0,6,6,4,1,13,0.48,12,0,0,0,0,1
168,Harvey Elliott,eng ENG,"MF,FW",Liverpool,20,2003,15.0,78,5.19,61,9,2,3,1,2,10,0.67,6,1,1,0,1,1
169,Mohamed Elneny,eg EGY,MF,Arsenal,31,1992,0.3,1,3.21,1,0,0,0,0,0,0,0.00,0,0,0,0,0,0
170,Emerson,br BRA,DF,Tottenham,24,1999,12.9,21,1.63,15,2,0,1,2,1,3,0.23,1,2,0,0,0,0
171,Julio Enciso,py PAR,"MF,FW",Brighton,19,2004,5.3,23,4.34,15,0,5,3,0,0,2,0.38,2,0,0,0,0,0
172,Wataru Endo,jp JPN,MF,Liverpool,30,1993,19.1,54,2.82,43,0,2,4,2,3,3,0.16,3,0,0,0,0,0
173,Christian Eriksen,dk DEN,MF,Manchester Utd,31,1992,12.7,46,3.63,36,8,0,0,0,2,3,0.24,2,0,0,0,0,1
174,Maxime Estève,fr FRA,DF,Burnley,21,2002,14.5,8,0.55,6,0,0,0,2,0,1,0.07,1,0,0,0,0,0
175,Pervis Estupiñán,ec ECU,DF,Brighton,25,1998,13.8,42,3.04,37,3,1,1,0,0,2,0.14,2,0,0,0,0,0
176,Jonny Evans,nir NIR,DF,Manchester Utd,35,1988,15.5,11,0.71,11,0,0,0,0,0,2,0.13,2,0,0,0,0,0
177,Eberechi Eze,eng ENG,"MF,FW",Crystal Palace,25,1998,22.8,110,4.82,54,27,11,7,10,1,11,0.48,8,0,1,0,2,0
178,Łukasz Fabiański,pl POL,GK,West Ham,38,1985,8.0,1,0.12,1,0,0,0,0,0,0,0.00,0,0,0,0,0,0
179,Romain Faivre,fr FRA,"MF,FW",Bournemouth,25,1998,0.5,1,2.20,0,0,1,0,0,0,0,0.00,0,0,0,0,0,0
180,Ansu Fati,es ESP,"MF,FW",Brighton,20,2002,5.8,23,3.96,16,0,1,5,0,1,3,0.52,2,0,0,1,0,0
181,Felipe,br BRA,DF,Nott'ham Forest,34,1989,4.2,4,0.97,2,0,0,1,0,1,0,0.00,0,0,0,0,0,0
182,Evan Ferguson,ie IRL,FW,Brighton,18,2004,15.2,22,1.45,15,0,2,1,3,1,1,0.07,0,0,0,0,1,0
183,Bruno Fernandes,pt POR,"MF,FW",Manchester Utd,28,1994,34.6,210,6.06,143,48,7,9,1,2,19,0.55,12,3,2,2,0,0
184,Enzo Fernández,ar ARG,MF,Chelsea,22,2001,24.5,82,3.34,69,5,0,3,5,0,7,0.29,5,1,0,0,1,0
185,John Fleck,sct SCO,"MF,DF",Sheffield Utd,31,1991,1.0,4,3.91,4,0,0,0,0,0,0,0.00,0,0,0,0,0,0
186,Mark Flekken,nl NED,GK,Brentford,30,1993,36.5,10,0.27,3,7,0,0,0,0,3,0.08,1,2,0,0,0,0
187,Phil Foden,eng ENG,"FW,MF",Manchester City,23,2000,31.7,144,4.54,111,9,9,6,8,1,21,0.66,16,1,1,0,3,0
188,Wes Foderingham,eng ENG,GK,Sheffield Utd,32,1991,29.4,4,0.14,4,0,0,0,0,0,0,0.00,0,0,0,0,0,0
189,Pablo Fornals,es ESP,"MF,FW",West Ham,27,1996,4.7,16,3.37,13,0,0,0,1,2,1,0.21,0,0,0,0,0,1
190,Omari Forson,eng ENG,FW,Manchester Utd,19,2004,0.8,0,0.00,0,0,0,0,0,0,0,0.00,0,0,0,0,0,0
191,Lyle Foster,za RSA,"FW,MF",Burnley,22,2000,21.1,41,1.95,35,0,2,3,1,0,4,0.19,4,0,0,0,0,0
192,Matheus França,br BRA,"MF,FW",Crystal Palace,19,2004,2.6,8,3.10,4,3,0,0,1,0,2,0.78,1,0,0,0,1,0
193,Nathan Fraser,ie IRL,FW,Wolves,18,2005,2.1,6,2.92,5,0,0,1,0,0,0,0.00,0,0,0,0,0,0
194,Cody Gakpo,nl NED,"FW,MF",Liverpool,24,1999,18.3,73,3.98,47,1,6,12,5,2,10,0.55,6,0,1,2,1,0
195,Conor Gallagher,eng ENG,MF,Chelsea,23,2000,34.8,109,3.14,78,15,5,4,1,6,14,0.40,7,5,0,1,0,1
196,Idrissa Gana Gueye,sn SEN,MF,Everton,33,1989,20.9,52,2.48,37,0,0,5,4,6,4,0.19,4,0,0,0,0,0
197,Alejandro Garnacho,ar ARG,FW,Manchester Utd,19,2004,28.5,119,4.17,80,0,13,13,12,1,15,0.53,10,0,1,1,2,1
198,James Garner,eng ENG,MF,Everton,22,2001,33.4,98,2.94,58,22,3,6,4,5,8,0.24,3,1,0,1,1,2
199,Saman Ghoddos,ir IRN,DF,Brentford,29,1993,8.2,20,2.44,10,5,1,0,3,1,0,0.00,0,0,0,0,0,0
200,Morgan Gibbs-White,eng ENG,"MF,FW",Nott'ham Forest,23,2000,35.1,149,4.25,86,38,9,7,8,1,18,0.51,14,3,0,1,0,0
201,Bryan Gil,es ESP,"FW,MF",Tottenham,22,2001,2.3,9,3.88,8,0,0,1,0,0,1,0.43,1,0,0,0,0,0
202,Alfie Gilchrist,eng ENG,DF,Chelsea,19,2003,2.3,3,1.31,2,1,0,0,0,0,0,0.00,0,0,0,0,0,0
203,Billy Gilmour,sct SCO,MF,Brighton,22,2001,23.6,69,2.93,59,5,0,2,3,0,6,0.25,5,0,0,1,0,0
204,Ben Godfrey,eng ENG,DF,Everton,25,1998,12.4,17,1.37,9,1,0,5,0,2,3,0.24,1,0,0,1,0,1
205,André Gomes,pt POR,"MF,FW",Everton,30,1993,5.6,18,3.18,13,0,1,2,1,1,1,0.18,1,0,0,0,0,0
206,João Gomes,br BRA,MF,Wolves,22,2001,29.4,65,2.21,48,4,2,4,2,5,4,0.14,3,0,0,1,0,0
207,Toti Gomes,pt POR,DF,Wolves,24,1999,30.8,21,0.68,16,1,1,3,0,0,4,0.13,3,0,0,1,0,0
208,Joe Gomez,eng ENG,DF,Liverpool,26,1997,19.8,51,2.57,43,0,1,4,3,0,5,0.25,4,0,0,1,0,0
209,Sergio Gómez,es ESP,"FW,MF",Manchester City,22,2000,0.6,2,3.33,1,0,1,0,0,0,2,3.33,1,0,1,0,0,0
210,Enso Gonzalez,py PAR,"MF,DF",Wolves,18,2005,0.0,1,90.00,1,0,0,0,0,0,0,0.00,0,0,0,0,0,0
211,Anthony Gordon,eng ENG,FW,Newcastle Utd,22,2001,32.1,143,4.45,86,18,13,11,13,2,29,0.90,13,2,5,4,5,0
212,Kaide Gordon,eng ENG,FW,Liverpool,18,2004,0.0,0,0.00,0,0,0,0,0,0,0,0.00,0,0,0,0,0,0
213,Daniel Gore,eng ENG,MF,Manchester Utd,18,2004,0.0,0,0.00,0,0,0,0,0,0,0,0.00,0,0,0,0,0,0
214,Ryan Gravenberch,nl NED,MF,Liverpool,21,2002,12.5,44,3.54,36,0,2,6,0,0,0,0.00,0,0,0,0,0,0
215,Ivo Grbić,hr CRO,GK,Sheffield Utd,27,1996,8.6,2,0.23,1,1,0,0,0,0,0,0.00,0,0,0,0,0,0
216,Jack Grealish,eng ENG,"FW,MF",Manchester City,27,1995,11.2,54,4.82,46,0,1,2,5,0,4,0.36,4,0,0,0,0,0
217,Pascal Groß,de GER,"MF,DF",Brighton,32,1991,34.6,185,5.35,114,54,5,9,2,1,16,0.46,9,2,4,1,0,0
218,Marc Guéhi,eng ENG,DF,Crystal Palace,23,2000,22.5,22,0.98,17,0,0,2,2,1,2,0.09,2,0,0,0,0,0
219,Bruno Guimarães,br BRA,MF,Newcastle Utd,25,1997,36.3,143,3.94,110,8,10,3,6,6,19,0.52,12,0,4,2,1,0
220,Malo Gusto,fr FRA,DF,Chelsea,20,2003,19.5,52,2.67,47,2,1,0,0,2,7,0.36,7,0,0,0,0,0
221,Joško Gvardiol,hr CRO,DF,Manchester City,21,2002,25.9,54,2.09,40,1,5,2,4,2,7,0.27,6,0,0,0,1,0
222,Erling Haaland,no NOR,FW,Manchester City,23,2000,28.4,59,2.08,39,0,3,10,6,1,11,0.39,5,0,1,3,2,0
223,Antwoine Hackford,eng ENG,FW,Sheffield Utd,19,2004,0.1,0,0.00,0,0,0,0,0,0,0,0.00,0,0,0,0,0,0
224,Lewis Hall,eng ENG,DF,Newcastle Utd,18,2004,8.7,20,2.30,14,1,3,1,1,0,3,0.35,3,0,0,0,0,0
225,Gustavo Hamer,nl NED,MF,Sheffield Utd,26,1997,32.3,116,3.59,73,22,10,7,4,0,12,0.37,9,1,2,0,0,0
226,Luke Harris,wls WAL,MF,Fulham,18,2005,0.8,0,0.00,0,0,0,0,0,0,0,0.00,0,0,0,0,0,0
227,Jack Harrison,eng ENG,"MF,FW",Everton,26,1996,24.6,66,2.68,46,2,3,7,6,2,7,0.28,5,0,0,1,1,0
228,Daiki Hashioka,jp JPN,DF,Luton Town,24,1999,6.6,8,1.21,8,0,0,0,0,0,0,0.00,0,0,0,0,0,0
229,Kai Havertz,de GER,"MF,FW",Arsenal,24,1999,29.3,106,3.62,87,0,3,8,6,2,22,0.75,16,0,2,2,2,0
230,Jan Paul van Hecke,nl NED,DF,Brighton,23,2000,26.3,37,1.41,35,0,0,1,0,1,3,0.11,3,0,0,0,0,0
231,Hwang Hee-chan,kr KOR,"FW,MF",Wolves,27,1996,23.5,48,2.04,29,0,8,6,4,1,9,0.38,4,0,3,1,1,0
232,Dean Henderson,eng ENG,GK,Crystal Palace,26,1997,18.0,1,0.06,1,0,0,0,0,0,1,0.06,1,0,0,0,0,0
233,Rico Henry,eng ENG,DF,Brentford,26,1997,4.5,13,2.92,10,0,3,0,0,0,3,0.67,2,0,1,0,0,0
234,Son Heung-min,kr KOR,FW,Tottenham,31,1992,32.6,129,3.96,108,0,11,6,3,1,17,0.52,13,0,3,0,1,0
235,Aaron Hickey,sct SCO,DF,Brentford,21,2002,7.9,7,0.88,6,0,0,0,1,0,0,0.00,0,0,0,0,0,0
236,James Hill,eng ENG,DF,Bournemouth,21,2002,0.8,1,1.18,1,0,0,0,0,0,0,0.00,0,0,0,0,0,0
237,Jack Hinshelwood,eng ENG,DF,Brighton,18,2005,9.7,14,1.45,11,0,0,3,0,0,0,0.00,0,0,0,0,0,0
238,Mason Holgate,eng ENG,DF,Sheffield Utd,26,1996,7.9,4,0.51,2,1,0,1,0,0,0,0.00,0,0,0,0,0,0
239,Callum Hudson-Odoi,eng ENG,"FW,MF",Nott'ham Forest,22,2000,20.6,82,3.98,63,4,8,4,2,1,6,0.29,4,0,1,0,1,0
240,Will Hughes,eng ENG,MF,Crystal Palace,28,1995,21.0,48,2.29,34,9,1,0,2,2,5,0.24,5,0,0,0,0,0
241,Pierre Højbjerg,dk DEN,MF,Tottenham,27,1995,14.6,39,2.68,36,0,2,1,0,0,2,0.14,2,0,0,0,0,0
242,Rasmus Højlund,dk DEN,FW,Manchester Utd,20,2003,24.0,58,2.42,43,0,5,4,3,3,4,0.17,2,0,2,0,0,0
243,Igor,br BRA,DF,Brighton,25,1998,18.2,25,1.38,21,2,1,0,0,1,2,0.11,2,0,0,0,0,0
244,Danny Ings,eng ENG,FW,West Ham,31,1992,4.5,17,3.79,8,0,3,4,1,1,3,0.67,0,0,1,1,1,0
245,Tim Iroegbunam,eng ENG,MF,Aston Villa,20,2003,1.8,0,0.00,0,0,0,0,0,0,0,0.00,0,0,0,0,0,0
246,Alexander Isak,se SWE,FW,Newcastle Utd,23,1999,25.1,72,2.87,45,0,12,11,4,0,10,0.40,4,0,3,2,1,0
247,Alex Iwobi,ng NGA,MF,Everton,27,1996,1.6,12,7.77,6,1,2,3,0,0,0,0.00,0,0,0,0,0,0
248,Alex Iwobi,ng NGA,"FW,MF",Fulham,27,1996,24.4,103,4.23,87,0,6,9,0,1,10,0.41,8,0,0,2,0,0
249,Nicolas Jackson,sn SEN,FW,Chelsea,22,2001,31.1,95,3.05,60,1,18,8,6,2,11,0.35,7,0,2,2,0,0
250,Reece James,eng ENG,DF,Chelsea,23,1999,4.7,15,3.22,13,1,0,1,0,0,3,0.64,2,0,0,1,0,0
251,Vitaly Janelt,de GER,"MF,DF",Brentford,25,1998,33.9,80,2.36,69,2,1,3,3,2,4,0.12,3,0,0,0,1,0
252,Daniel Jebbison,eng ENG,FW,Sheffield Utd,19,2003,0.2,0,0.00,0,0,0,0,0,0,0,0.00,0,0,0,0,0,0
253,Mathias Jensen,dk DEN,MF,Brentford,27,1996,24.5,87,3.55,48,35,0,0,3,1,8,0.33,5,2,0,0,1,0
254,Gabriel Jesus,br BRA,FW,Arsenal,26,1997,16.4,59,3.59,37,1,9,5,3,4,8,0.49,4,1,1,1,1,0
255,Raúl Jiménez,mx MEX,FW,Fulham,32,1991,15.5,27,1.74,15,0,4,6,1,1,3,0.19,0,0,1,2,0,0
256,João Pedro,br BRA,"FW,MF",Brighton,21,2001,22.7,91,4.01,64,0,7,10,9,1,11,0.48,5,0,2,2,2,0
257,Joelinton,br BRA,"MF,FW",Newcastle Utd,26,1996,14.2,47,3.30,37,0,6,4,0,0,3,0.21,2,0,0,1,0,0
258,Ryan John Giles,eng ENG,"DF,MF",Luton Town,23,2000,5.6,12,2.15,8,3,1,0,0,0,0,0.00,0,0,0,0,0,0
259,Ben Johnson,eng ENG,"DF,FW",West Ham,23,2000,6.0,9,1.49,7,0,0,0,2,0,1,0.17,1,0,0,0,0,0
260,Brennan Johnson,wls WAL,FW,Tottenham,22,2001,23.2,70,3.02,55,0,4,6,3,2,13,0.56,11,0,0,1,0,1
261,Brennan Johnson,wls WAL,"FW,MF",Nott'ham Forest,22,2001,2.6,7,2.66,3,0,2,1,1,0,3,1.14,1,0,1,0,1,0
262,Joseph Johnson,eng ENG,DF,Luton Town,17,2006,0.9,0,0.00,0,0,0,0,0,0,0,0.00,0,0,0,0,0,0
263,Sam Johnstone,eng ENG,GK,Crystal Palace,30,1993,20.0,2,0.10,1,1,0,0,0,0,1,0.05,0,1,0,0,0,0
264,Curtis Jones,eng ENG,MF,Liverpool,22,2001,13.0,36,2.78,28,0,3,3,1,1,3,0.23,3,0,0,0,0,0
265,Jorginho,it ITA,MF,Arsenal,31,1991,10.2,27,2.64,25,0,0,1,0,1,5,0.49,5,0,0,0,0,0
266,Diogo Jota,pt POR,FW,Liverpool,26,1996,12.7,48,3.77,36,0,5,3,4,0,14,1.10,7,0,4,1,2,0
267,Mads Juel Andersen,dk DEN,DF,Luton Town,25,1997,4.4,0,0.00,0,0,0,0,0,0,0,0.00,0,0,0,0,0,0
268,Hamed Junior Traorè,ci CIV,MF,Bournemouth,23,2000,0.5,4,7.66,1,0,2,1,0,0,0,0.00,0,0,0,0,0,0
269,Mathias Jørgensen,dk DEN,DF,Brentford,33,1990,12.1,12,0.99,11,0,0,1,0,0,0,0.00,0,0,0,0,0,0
270,Issa Kaboré,bf BFA,DF,Luton Town,22,2001,19.2,32,1.67,25,0,2,2,1,2,4,0.21,3,0,0,1,0,0
271,Sasa Kalajdzic,at AUT,FW,Wolves,26,1997,1.8,5,2.71,5,0,0,0,0,0,0,0.00,0,0,0,0,0,0
272,Boubacar Kamara,fr FRA,MF,Aston Villa,23,1999,18.4,38,2.07,33,0,0,2,1,2,3,0.16,3,0,0,0,0,0
273,Willy Kambwala,fr FRA,DF,Manchester Utd,18,2004,3.7,0,0.00,0,0,0,0,0,0,0,0.00,0,0,0,0,0,0
274,Thomas Kaminski,be BEL,GK,Luton Town,30,1992,37.8,3,0.08,2,1,0,0,0,0,0,0.00,0,0,0,0,0,0
275,Loris Karius,de GER,GK,Newcastle Utd,30,1993,1.0,0,0.00,0,0,0,0,0,0,0,0.00,0,0,0,0,0,0
276,Michael Keane,eng ENG,DF,Everton,30,1993,4.9,4,0.82,3,0,0,1,0,0,1,0.21,0,0,0,1,0,0
277,Thilo Kehrer,de GER,"DF,MF",West Ham,26,1996,0.2,0,0.00,0,0,0,0,0,0,0,0.00,0,0,0,0,0,0
278,Caoimhín Kelleher,ie IRL,GK,Liverpool,24,1998,10.0,2,0.20,2,0,0,0,0,0,0,0.00,0,0,0,0,0,0
279,Lloyd Kelly,eng ENG,DF,Bournemouth,24,1998,17.3,29,1.67,24,2,1,0,1,1,3,0.17,3,0,0,0,0,0
280,Omari Kellyman,eng ENG,FW,Aston Villa,17,2005,0.4,0,0.00,0,0,0,0,0,0,0,0.00,0,0,0,0,0,0
281,Milos Kerkez,hu HUN,DF,Bournemouth,19,2003,21.9,32,1.46,25,0,0,4,2,1,4,0.18,2,0,0,0,1,1
282,Kaine Kesler-Hayden,eng ENG,"MF,DF",Aston Villa,20,2002,0.1,0,0.00,0,0,0,0,0,0,0,0.00,0,0,0,0,0,0
283,Max Kilman,eng ENG,DF,Wolves,26,1997,38.0,39,1.03,34,0,2,2,0,1,0,0.00,0,0,0,0,0,0
284,Jakub Kiwior,pl POL,DF,Arsenal,23,2000,10.5,13,1.24,10,2,0,0,1,0,4,0.38,3,1,0,0,0,0
285,Justin Kluivert,nl NED,"MF,FW",Bournemouth,24,1999,21.3,59,2.77,37,0,9,6,4,3,5,0.23,3,0,1,0,0,1
286,Luca Koleosho,it ITA,"MF,FW",Burnley,18,2004,10.8,28,2.59,12,0,11,2,3,0,6,0.56,2,0,3,0,1,0
287,Ibrahima Konaté,fr FRA,DF,Liverpool,24,1999,17.5,24,1.37,24,0,0,0,0,0,1,0.06,1,0,0,0,0,0
288,Ezri Konsa,eng ENG,DF,Aston Villa,25,1997,34.1,34,1.00,25,1,2,2,3,1,6,0.18,3,1,0,0,1,1
289,Cheikhou Kouyaté,sn SEN,MF,Nott'ham Forest,33,1989,2.4,8,3.40,5,0,0,2,0,1,1,0.42,1,0,0,0,0,0
290,Mateo Kovačić,hr CRO,MF,Manchester City,29,1994,17.2,54,3.14,47,0,2,4,1,0,6,0.35,5,0,0,1,0,0
291,Emil Krafth,se SWE,DF,Newcastle Utd,28,1994,10.1,18,1.77,13,3,1,0,1,0,1,0.10,1,0,0,0,0,0
292,Mohammed Kudus,gh GHA,"FW,MF",West Ham,22,2000,27.6,100,3.62,53,1,25,8,12,1,16,0.58,8,0,3,3,2,0
293,Dejan Kulusevski,se SWE,"FW,MF",Tottenham,23,2000,30.7,127,4.14,104,1,9,11,0,2,8,0.26,6,0,1,0,0,1
294,Adam Lallana,eng ENG,"MF,FW",Brighton,35,1988,9.4,28,2.96,27,0,0,0,1,0,1,0.11,1,0,0,0,0,0
295,Tariq Lamptey,gh GHA,"DF,FW",Brighton,22,2000,10.2,17,1.68,15,0,1,1,0,0,3,0.30,3,0,0,0,0,0
296,Aymeric Laporte,es ESP,DF,Manchester City,29,1994,0.1,0,0.00,0,0,0,0,0,0,0,0.00,0,0,0,0,0,0
297,Yasser Larouci,dz ALG,DF,Sheffield Utd,22,2001,5.9,8,1.36,5,1,1,1,0,0,0,0.00,0,0,0,0,0,0
298,Jamaal Lascelles,eng ENG,DF,Newcastle Utd,29,1993,12.0,8,0.67,7,0,0,0,1,0,0,0.00,0,0,0,0,0,0
299,Roméo Lavia,be BEL,MF,Chelsea,19,2004,0.4,0,0.00,0,0,0,0,0,0,0,0.00,0,0,0,0,0,0
300,Mario Lemina,ga GAB,MF,Wolves,29,1993,33.0,47,1.42,42,0,0,4,1,0,5,0.15,4,0,0,0,1,0
301,Clément Lenglet,fr FRA,DF,Aston Villa,28,1995,12.8,15,1.17,11,1,0,3,0,0,1,0.08,1,0,0,0,0,0
302,Bernd Leno,de GER,GK,Fulham,31,1992,38.0,1,0.03,1,0,0,0,0,0,0,0.00,0,0,0,0,0,0
303,Jefferson Lerma,co COL,"MF,DF",Crystal Palace,28,1994,26.7,55,2.06,49,0,1,3,1,1,4,0.15,4,0,0,0,0,0
304,Rico Lewis,eng ENG,"DF,MF",Manchester City,18,2004,9.0,15,1.67,15,0,0,0,0,0,0,0.00,0,0,0,0,0,0
305,Keane Lewis-Potter,eng ENG,"FW,DF",Brentford,22,2001,16.0,33,2.06,21,0,6,4,2,0,2,0.12,1,0,0,1,0,0
306,Victor Lindelöf,se SWE,DF,Manchester Utd,29,1994,14.8,19,1.29,19,0,0,0,0,0,3,0.20,3,0,0,0,0,0
307,Valentino Livramento,eng ENG,DF,Newcastle Utd,20,2002,14.6,36,2.47,28,0,2,1,3,2,5,0.34,3,0,1,0,1,0
308,Giovani Lo Celso,ar ARG,MF,Tottenham,27,1996,5.6,28,4.96,22,2,1,2,1,0,3,0.53,3,0,0,0,0,0
309,Tom Lockyer,wls WAL,DF,Luton Town,28,1994,13.0,10,0.77,9,0,0,0,0,1,1,0.08,1,0,0,0,0,0
310,Sean Longstaff,eng ENG,MF,Newcastle Utd,25,1997,30.5,51,1.67,43,1,1,3,3,0,7,0.23,3,1,1,1,1,0
311,Max Lowe,eng ENG,"DF,MF",Sheffield Utd,26,1997,5.6,8,1.43,7,0,0,1,0,0,1,0.18,1,0,0,0,0,0
312,Douglas Luiz,br BRA,MF,Aston Villa,25,1998,33.3,117,3.52,61,34,6,10,5,1,10,0.30,5,4,0,0,1,0
313,Saša Lukić,rs SRB,MF,Fulham,26,1996,12.5,27,2.17,19,0,1,6,0,1,0,0.00,0,0,0,0,0,0
314,Ian Maatsen,nl NED,"FW,MF",Chelsea,21,2002,2.3,5,2.15,3,1,0,1,0,0,0,0.00,0,0,0,0,0,0
315,Alexis Mac Allister,ar ARG,MF,Liverpool,24,1998,28.9,108,3.74,92,5,3,1,5,2,12,0.42,10,1,1,0,0,0
316,James Maddison,eng ENG,MF,Tottenham,26,1996,23.7,161,6.79,110,22,10,6,10,3,19,0.80,13,1,2,1,1,1
317,Noni Madueke,eng ENG,FW,Chelsea,21,2002,11.7,51,4.35,34,1,8,2,6,0,8,0.68,4,0,1,0,3,0
318,Gabriel Magalhães,br BRA,DF,Arsenal,25,1997,33.8,23,0.68,20,1,0,1,0,1,3,0.09,3,0,0,0,0,0
319,Harry Maguire,eng ENG,DF,Manchester Utd,30,1993,18.4,24,1.31,19,0,0,1,1,3,4,0.22,2,0,0,1,1,0
320,Kobbie Mainoo,eng ENG,MF,Manchester Utd,18,2005,21.4,40,1.87,31,0,3,3,2,1,8,0.37,3,0,2,2,1,0
321,Orel Mangala,be BEL,MF,Nott'ham Forest,25,1998,17.4,20,1.15,17,0,0,0,1,2,2,0.12,1,0,0,0,0,1
322,Benson Manuel,ao ANG,"MF,FW",Burnley,26,1997,1.3,6,4.70,3,0,2,0,1,0,0,0.00,0,0,0,0,0,0
323,Solly March,eng ENG,"FW,DF",Brighton,29,1994,6.2,22,3.57,8,8,2,1,2,1,2,0.32,0,1,0,0,1,0
324,Anthony Martial,fr FRA,FW,Manchester Utd,27,1995,5.0,11,2.21,9,0,0,1,1,0,1,0.20,0,0,0,0,1,0
325,Gabriel Martinelli,br BRA,FW,Arsenal,22,2001,22.4,92,4.10,63,6,12,8,1,2,11,0.49,7,1,1,2,0,0
326,Emiliano Martínez,ar ARG,GK,Aston Villa,30,1992,33.5,3,0.09,3,0,0,0,0,0,1,0.03,1,0,0,0,0,0
327,Lisandro Martínez,ar ARG,DF,Manchester Utd,25,1998,7.2,7,0.98,6,0,0,0,0,1,1,0.14,1,0,0,0,0,0
328,Han-Noah Massengo,fr FRA,"MF,DF",Burnley,22,2001,0.2,0,0.00,0,0,0,0,0,0,0,0.00,0,0,0,0,0,0
329,Pape Matar Sarr,sn SEN,MF,Tottenham,20,2002,23.0,52,2.26,43,0,0,3,2,4,7,0.30,6,0,0,1,0,0
330,Jean-Philippe Mateta,fr FRA,FW,Crystal Palace,26,1997,25.4,65,2.56,48,0,5,6,4,2,12,0.47,8,0,1,1,2,0
331,Joël Matip,cm CMR,DF,Liverpool,31,1991,8.7,8,0.92,8,0,0,0,0,0,1,0.12,1,0,0,0,0,0
332,Alex Matos,eng ENG,MF,Chelsea,18,2004,0.0,0,0.00,0,0,0,0,0,0,0,0.00,0,0,0,0,0,0
333,Remi Matthews,eng ENG,GK,Crystal Palace,29,1994,0.0,0,0.00,0,0,0,0,0,0,0,0.00,0,0,0,0,0,0
334,Neal Maupay,fr FRA,FW,Brentford,26,1996,14.7,40,2.72,31,0,2,6,0,1,5,0.34,5,0,0,0,0,0
335,Neal Maupay,fr FRA,FW,Everton,26,1996,1.2,3,2.41,3,0,0,0,0,0,0,0.00,0,0,0,0,0,0
336,Konstantinos Mavropanos,gr GRE,DF,West Ham,25,1997,16.7,10,0.60,7,0,0,1,0,2,0,0.00,0,0,0,0,0,0
337,Bryan Mbeumo,cm CMR,FW,Brentford,23,1999,21.8,82,3.77,45,23,2,5,7,0,10,0.46,9,1,0,0,0,0
338,James Mcatee,eng ENG,"MF,FW",Sheffield Utd,20,2002,20.2,60,2.97,45,4,5,4,2,0,3,0.15,3,0,0,0,0,0
339,James Mcatee,eng ENG,MF,Manchester City,20,2002,0.0,0,0.00,0,0,0,0,0,0,0,0.00,0,0,0,0,0,0
340,Oliver McBurnie,sct SCO,FW,Sheffield Utd,27,1996,14.2,29,2.04,24,0,0,2,3,0,7,0.49,6,0,0,0,1,0
341,James McConnell,eng ENG,MF,Liverpool,18,2004,0.0,0,0.00,0,0,0,0,0,0,0,0.00,0,0,0,0,0,0
342,John McGinn,sct SCO,"MF,FW",Aston Villa,28,1994,33.3,106,3.18,88,9,6,2,1,0,14,0.42,11,1,2,0,0,0
343,Scott McKenna,sct SCO,DF,Nott'ham Forest,26,1996,4.6,2,0.43,2,0,0,0,0,0,0,0.00,0,0,0,0,0,0
344,Dwight McNeil,eng ENG,"MF,FW",Everton,23,1999,32.1,130,4.05,77,33,5,6,6,3,9,0.28,3,4,0,1,1,0
345,Scott McTominay,sct SCO,"MF,FW",Manchester Utd,26,1996,21.1,26,1.23,18,0,1,4,1,2,2,0.09,1,0,0,0,0,1
346,Ben Mee,eng ENG,DF,Brentford,33,1989,14.1,14,0.99,11,1,0,2,0,0,1,0.07,0,0,0,1,0,0
347,Hannibal Mejbri,tn TUN,"MF,FW",Manchester Utd,20,2003,1.5,6,4.06,5,0,0,0,1,0,0,0.00,0,0,0,0,0,0
348,Teden Mengi,eng ENG,DF,Luton Town,21,2002,27.4,14,0.51,11,0,2,1,0,0,0,0.00,0,0,0,0,0,0
349,Chris Mepham,wls WAL,DF,Bournemouth,25,1997,6.9,11,1.60,8,1,0,0,0,2,2,0.29,2,0,0,0,0,0
350,Lewis Miley,eng ENG,MF,Newcastle Utd,17,2006,13.4,31,2.32,24,0,2,3,0,2,5,0.37,4,0,0,0,0,1
351,James Milner,eng ENG,"DF,MF",Brighton,37,1986,8.6,24,2.79,20,4,0,0,0,0,2,0.23,0,2,0,0,0,0
352,Tyrone Mings,eng ENG,DF,Aston Villa,30,1993,0.3,2,6.00,1,0,0,0,0,1,0,0.00,0,0,0,0,0,0
353,Tyrick Mitchell,eng ENG,"DF,MF",Crystal Palace,23,1999,35.6,47,1.32,40,2,1,2,1,1,4,0.11,4,0,0,0,0,0
354,Kaoru Mitoma,jp JPN,FW,Brighton,26,1997,16.5,62,3.76,47,0,10,3,2,0,10,0.61,6,0,3,1,0,0
355,Aleksandar Mitrović,rs SRB,FW,Fulham,28,1994,0.4,2,5.45,1,0,1,0,0,0,1,2.73,1,0,0,0,0,0
356,Jakub Moder,pl POL,"MF,DF",Brighton,24,1999,6.9,13,1.89,11,0,1,1,0,0,1,0.15,1,0,0,0,0,0
357,Gonzalo Montiel,ar ARG,DF,Nott'ham Forest,26,1997,8.9,15,1.69,14,0,0,1,0,0,2,0.22,2,0,0,0,0,0
358,Kieffer Moore,wls WAL,"FW,MF",Bournemouth,30,1992,1.2,5,4.17,5,0,0,0,0,0,0,0.00,0,0,0,0,0,0
359,Mikey Moore,eng ENG,MF,Tottenham,15,2007,0.0,0,0.00,0,0,0,0,0,0,0,0.00,0,0,0,0,0,0
360,Álex Moreno,es ESP,DF,Aston Villa,30,1993,11.5,22,1.92,19,0,2,1,0,0,1,0.09,1,0,0,0,0,0
361,Carlton Morris,eng ENG,"FW,MF",Luton Town,27,1995,31.8,71,2.23,49,0,5,10,6,1,8,0.25,4,0,0,3,1,0
362,Mason Mount,eng ENG,"MF,FW",Manchester Utd,24,1999,5.7,18,3.15,11,2,2,0,1,2,0,0.00,0,0,0,0,0,0
363,Divin Mubama,eng ENG,FW,West Ham,18,2004,0.9,0,0.00,0,0,0,0,0,0,0,0.00,0,0,0,0,0,0
364,Mykhailo Mudryk,ua UKR,FW,Chelsea,22,2001,17.5,60,3.43,39,10,7,1,3,0,9,0.51,3,1,2,1,2,0
365,Rodrigo Muniz,br BRA,FW,Fulham,22,2001,17.7,39,2.20,21,0,3,9,4,2,2,0.11,1,0,0,1,0,0
366,Daniel Muñoz,co COL,"DF,MF",Crystal Palace,27,1996,16.0,46,2.88,38,2,1,1,2,2,7,0.44,5,1,1,0,0,0
367,Finley Munroe,eng ENG,MF,Aston Villa,18,2005,0.0,0,0.00,0,0,0,0,0,0,0,0.00,0,0,0,0,0,0
368,Arijanet Muric,xk KVX,GK,Burnley,24,1998,10.0,6,0.60,5,1,0,0,0,0,1,0.10,1,0,0,0,0,0
369,Murillo,br BRA,DF,Nott'ham Forest,21,2002,31.0,30,0.97,20,1,5,3,1,0,4,0.13,2,1,0,0,1,0
370,Alex Murphy,ie IRL,"DF,FW",Newcastle Utd,19,2004,0.1,0,0.00,0,0,0,0,0,0,0,0.00,0,0,0,0,0,0
371,Jacob Murphy,eng ENG,"FW,DF",Newcastle Utd,28,1995,13.2,55,4.16,44,4,2,3,1,1,10,0.76,9,0,1,0,0,0
372,Vitaliy Mykolenko,ua UKR,DF,Everton,24,1999,27.4,37,1.35,32,0,1,4,0,0,3,0.11,1,0,0,2,0,0
373,Marvelous Nakamba,zw ZIM,MF,Luton Town,29,1994,12.6,13,1.03,13,0,0,0,0,0,0,0.00,0,0,0,0,0,0
374,Michael Ndiweni,eng ENG,FW,Newcastle Utd,19,2003,0.0,0,0.00,0,0,0,0,0,0,0,0.00,0,0,0,0,0,0
375,Reiss Nelson,eng ENG,FW,Arsenal,23,1999,3.0,9,3.02,7,1,0,1,0,0,0,0.00,0,0,0,0,0,0
376,Zack Nelson,eng ENG,"MF,DF",Luton Town,18,2004,0.1,0,0.00,0,0,0,0,0,0,0,0.00,0,0,0,0,0,0
377,Neto,br BRA,GK,Bournemouth,34,1989,32.0,5,0.16,4,1,0,0,0,0,0,0.00,0,0,0,0,0,0
378,Pedro Neto,pt POR,"FW,MF",Wolves,23,2000,16.8,75,4.45,41,15,8,4,7,0,14,0.83,8,2,2,1,1,0
379,Moussa Niakhate,sn SEN,DF,Nott'ham Forest,27,1996,16.2,11,0.68,8,3,0,0,0,0,0,0.00,0,0,0,0,0,0
380,Eddie Nketiah,eng ENG,FW,Arsenal,24,1999,12.0,28,2.33,17,0,3,5,3,0,8,0.67,3,0,1,1,3,0
381,Christopher Nkunku,fr FRA,"FW,MF",Chelsea,25,1997,4.9,13,2.65,10,0,1,1,1,0,1,0.20,1,0,0,0,0,0
382,Rhys Norrington-Davies,wls WAL,DF,Sheffield Utd,24,1999,1.2,1,0.82,1,0,0,0,0,0,0,0.00,0,0,0,0,0,0
383,Oliver Norwood,nir NIR,MF,Sheffield Utd,32,1991,16.0,32,2.00,19,12,0,1,0,0,1,0.06,1,0,0,0,0,0
384,Matheus Nunes,pt POR,MF,Wolves,24,1998,2.0,7,3.52,5,2,0,0,0,0,0,0.00,0,0,0,0,0,0
385,Matheus Nunes,pt POR,MF,Manchester City,24,1998,7.3,20,2.72,16,0,0,1,3,0,3,0.41,3,0,0,0,0,0
386,Darwin Núñez,uy URU,FW,Liverpool,24,1999,22.7,79,3.47,60,0,5,12,2,0,14,0.62,11,0,0,2,1,0
387,Ethan Nwaneri,eng ENG,FW,Arsenal,16,2007,0.2,1,6.43,1,0,0,0,0,0,0,0.00,0,0,0,0,0,0
388,Christian Nørgaard,dk DEN,MF,Brentford,29,1994,27.8,63,2.26,48,8,0,3,2,2,3,0.11,3,0,0,0,0,0
389,Mark O'Mahony,ie IRL,FW,Brighton,18,2005,0.7,0,0.00,0,0,0,0,0,0,0,0.00,0,0,0,0,0,0
390,Dara O'Shea,ie IRL,DF,Burnley,24,1999,32.1,32,1.00,27,0,0,3,1,1,6,0.19,6,0,0,0,0,0
391,Michael Obafemi,ie IRL,"FW,MF",Burnley,23,2000,0.2,1,4.29,1,0,0,0,0,0,1,4.29,1,0,0,0,0,0
392,Wilson Odobert,fr FRA,"MF,FW",Burnley,18,2004,23.3,76,3.26,55,0,10,8,3,0,4,0.17,3,0,0,1,0,0
393,Odeluga Offiah,eng ENG,DF,Brighton,20,2002,1.4,4,2.81,3,1,0,0,0,0,0,0.00,0,0,0,0,0,0
394,Chiedozie Ogbene,ie IRL,"MF,DF",Luton Town,26,1997,22.2,79,3.56,51,2,12,5,9,0,9,0.41,1,0,2,2,4,0
395,Angelo Ogbonna,it ITA,DF,West Ham,35,1988,7.1,0,0.00,0,0,0,0,0,0,0,0.00,0,0,0,0,0,0
396,Michael Olakigbe,eng ENG,"DF,FW",Brentford,19,2004,0.7,3,4.58,2,0,1,0,0,0,0,0.00,0,0,0,0,0,0
397,Michael Olise,fr FRA,"FW,MF",Crystal Palace,21,2001,14.2,82,5.79,44,15,11,5,7,0,14,0.99,11,1,2,0,0,0
398,Robin Olsen,se SWE,GK,Aston Villa,33,1990,4.5,0,0.00,0,0,0,0,0,0,0,0.00,0,0,0,0,0,0
399,Andrew Omobamidele,ie IRL,DF,Nott'ham Forest,21,2002,8.7,6,0.69,5,0,0,1,0,0,1,0.11,0,0,0,1,0,0
400,Amadou Onana,be BEL,MF,Everton,21,2001,23.2,56,2.41,47,0,1,3,4,1,1,0.04,0,0,0,0,0,1
401,André Onana,cm CMR,GK,Manchester Utd,27,1996,38.0,6,0.16,6,0,0,0,0,0,1,0.03,1,0,0,0,0,0
402,Ryan One,sct SCO,FW,Sheffield Utd,17,2006,0.1,0,0.00,0,0,0,0,0,0,0,0.00,0,0,0,0,0,0
403,Tyler Onyango,eng ENG,MF,Everton,20,2003,0.0,0,0.00,0,0,0,0,0,0,0,0.00,0,0,0,0,0,0
404,Fred Onyedinma,eng ENG,"DF,MF",Luton Town,26,1996,4.5,5,1.11,4,1,0,0,0,0,0,0.00,0,0,0,0,0,0
405,Frank Onyeka,ng NGA,MF,Brentford,25,1998,12.9,32,2.48,22,0,2,3,4,1,1,0.08,0,0,0,1,0,0
406,Divock Origi,be BEL,FW,Nott'ham Forest,28,1995,6.7,16,2.38,11,1,2,1,1,0,2,0.30,2,0,0,0,0,0
407,Stefan Ortega,de GER,GK,Manchester City,30,1992,7.1,0,0.00,0,0,0,0,0,0,0,0.00,0,0,0,0,0,0
408,Ben Osborn,eng ENG,"DF,MF",Sheffield Utd,28,1994,15.2,24,1.58,22,1,0,0,1,0,3,0.20,3,0,0,0,0,0
409,Gabriel Osho,ng NGA,DF,Luton Town,24,1998,20.5,8,0.39,7,0,1,0,0,0,3,0.15,3,0,0,0,0,0
410,William Osula,dk DEN,FW,Sheffield Utd,19,2003,8.7,12,1.37,3,0,1,5,3,0,1,0.11,0,0,0,1,0,0
411,Dango Ouattara,bf BFA,"FW,DF",Bournemouth,21,2002,13.7,45,3.30,34,1,4,2,1,3,3,0.22,3,0,0,0,0,0
412,David Ozoh,eng ENG,"MF,DF",Crystal Palace,18,2005,1.7,0,0.00,0,0,0,0,0,0,0,0.00,0,0,0,0,0,0
413,João Palhinha,pt POR,MF,Fulham,28,1995,30.0,33,1.10,23,2,0,4,2,2,2,0.07,1,0,0,1,0,0
414,Cole Palmer,eng ENG,"FW,MF",Chelsea,21,2002,29.0,162,5.59,116,12,14,10,5,5,26,0.90,20,0,1,2,1,2
415,Cole Palmer,eng ENG,MF,Manchester City,21,2002,0.1,0,0.00,0,0,0,0,0,0,0,0.00,0,0,0,0,0,0
416,Emerson Palmieri,it ITA,DF,West Ham,28,1994,34.9,74,2.12,49,6,3,4,8,4,12,0.34,6,2,1,1,1,1
417,Lucas Paquetá,br BRA,"FW,MF",West Ham,25,1997,29.1,95,3.26,77,1,7,2,6,2,16,0.55,13,1,2,0,0,0
418,Ben Parkinson,eng ENG,FW,Newcastle Utd,18,2005,0.3,0,0.00,0,0,0,0,0,0,0,0.00,0,0,0,0,0,0
419,Thomas Partey,gh GHA,"MF,DF",Arsenal,30,1993,8.8,25,2.86,24,0,0,0,1,0,4,0.46,4,0,0,0,0,0
420,Nathan Patterson,sct SCO,DF,Everton,21,2001,11.2,20,1.79,14,3,0,1,0,2,2,0.18,2,0,0,0,0,0
421,Myles Peart-Harris,eng ENG,"DF,MF",Brentford,20,2002,0.1,1,6.92,1,0,0,0,0,0,0,0.00,0,0,0,0,0,0
422,Sydie Peck,eng ENG,MF,Sheffield Utd,18,2004,0.1,0,0.00,0,0,0,0,0,0,0,0.00,0,0,0,0,0,0
423,Facundo Pellistri,uy URU,"FW,MF",Manchester Utd,21,2001,1.9,3,1.57,2,0,0,0,1,0,1,0.52,1,0,0,0,0,0
424,Andreas Pereira,br BRA,MF,Fulham,27,1996,29.0,137,4.72,80,48,3,3,3,0,15,0.52,10,4,1,0,0,0
425,Ivan Perišić,hr CRO,FW,Tottenham,34,1989,1.1,8,6.99,6,1,1,0,0,0,2,1.75,1,1,0,0,0,0
426,Đorđe Petrović,rs SRB,GK,Chelsea,23,1999,22.1,1,0.05,1,0,0,0,0,0,0,0.00,0,0,0,0,0,0
427,Kalvin Phillips,eng ENG,MF,West Ham,27,1995,3.4,5,1.46,5,0,0,0,0,0,0,0.00,0,0,0,0,0,0
428,Kalvin Phillips,eng ENG,MF,Manchester City,27,1995,1.0,1,0.98,0,0,0,1,0,0,0,0.00,0,0,0,0,0,0
429,Jaden Philogene Bidace,eng ENG,FW,Aston Villa,21,2002,0.0,0,0.00,0,0,0,0,0,0,0,0.00,0,0,0,0,0,0
430,Jordan Pickford,eng ENG,GK,Everton,29,1994,38.0,24,0.63,14,10,0,0,0,0,0,0.00,0,0,0,0,0,0
431,Ethan Pinnock,jm JAM,DF,Brentford,30,1993,28.0,24,0.86,16,1,0,6,0,1,1,0.04,1,0,0,0,0,0
432,Nick Pope,eng ENG,GK,Newcastle Utd,31,1992,14.9,1,0.07,1,0,0,0,0,0,0,0.00,0,0,0,0,0,0
433,Pedro Porro,es ESP,DF,Tottenham,23,1999,34.3,107,3.12,66,28,4,5,4,0,12,0.35,9,3,0,0,0,0
434,Jarell Quansah,eng ENG,DF,Liverpool,20,2003,13.2,13,0.98,13,0,0,0,0,0,1,0.08,1,0,0,0,0,0
435,Ionuț Radu,ro ROU,GK,Bournemouth,26,1997,2.0,0,0.00,0,0,0,0,0,0,0,0.00,0,0,0,0,0,0
436,Jesurun Rak Sakyi,eng ENG,"MF,FW",Crystal Palace,20,2002,1.5,6,3.97,4,0,2,0,0,0,0,0.00,0,0,0,0,0,0
437,Aaron Ramsdale,eng ENG,GK,Arsenal,25,1998,6.0,0,0.00,0,0,0,0,0,0,0,0.00,0,0,0,0,0,0
438,Aaron Ramsey,eng ENG,"MF,FW",Burnley,20,2003,5.9,5,0.85,5,0,0,0,0,0,0,0.00,0,0,0,0,0,0
439,Jacob Ramsey,eng ENG,"FW,MF",Aston Villa,22,2001,9.5,29,3.06,23,2,1,2,0,1,3,0.32,2,1,0,0,0,0
440,Marcus Rashford,eng ENG,FW,Manchester Utd,25,1997,25.2,87,3.45,57,1,16,7,6,0,12,0.48,10,0,1,0,1,0
441,David Raya,es ESP,GK,Arsenal,27,1995,32.0,4,0.12,3,1,0,0,0,0,0,0.00,0,0,0,0,0,0
442,Tim Ream,us USA,DF,Fulham,35,1987,16.7,10,0.60,9,1,0,0,0,0,1,0.06,1,0,0,0,0,0
443,Nathan Redmond,eng ENG,"FW,MF",Burnley,29,1994,1.6,8,5.07,6,0,1,0,1,0,1,0.63,1,0,0,0,0,0
444,Harrison Reed,eng ENG,MF,Fulham,28,1995,14.7,29,1.97,25,3,0,0,1,0,5,0.34,3,2,0,0,0,0
445,Sergio Reguilón,es ESP,DF,Manchester Utd,26,1996,4.6,15,3.28,13,1,0,1,0,0,1,0.22,1,0,0,0,0,0
446,Sergio Reguilón,es ESP,DF,Brentford,26,1996,12.4,35,2.82,20,11,1,2,1,0,6,0.48,2,2,0,2,0,0
447,Bobby Reid,jm JAM,FW,Fulham,30,1993,15.8,35,2.17,29,0,1,3,0,2,4,0.25,3,0,0,0,0,1
448,Gio Reyna,us USA,"FW,MF",Nott'ham Forest,20,2002,2.6,12,4.60,9,1,1,0,0,1,2,0.77,1,1,0,0,0,0
449,Rodrigo Ribeiro,pt POR,"MF,FW",Nott'ham Forest,18,2005,0.2,1,5.29,1,0,0,0,0,0,0,0.00,0,0,0,0,0,0
450,Declan Rice,eng ENG,MF,Arsenal,24,1999,35.8,100,2.79,71,16,3,5,0,5,12,0.33,6,5,0,1,0,0
451,Chris Richards,us USA,"DF,MF",Crystal Palace,23,2000,23.3,16,0.69,11,0,0,2,0,3,3,0.13,3,0,0,0,0,0
452,Richarlison,br BRA,FW,Tottenham,26,1997,16.6,34,2.05,23,0,3,5,2,1,5,0.30,5,0,0,0,0,0
453,Jaïro Riedewald,nl NED,"MF,FW",Crystal Palace,26,1996,2.6,1,0.38,1,0,0,0,0,0,0,0.00,0,0,0,0,0,0
454,Matt Ritchie,sct SCO,"FW,MF",Newcastle Utd,33,1989,1.4,3,2.11,3,0,0,0,0,0,1,0.70,1,0,0,0,0,0
455,Connor Roberts,wls WAL,DF,Burnley,27,1995,9.1,18,1.97,13,5,0,0,0,0,3,0.33,3,0,0,0,0,0
456,Andrew Robertson,sct SCO,DF,Liverpool,29,1994,18.8,97,5.16,62,33,1,0,1,0,5,0.27,3,2,0,0,0,0
457,Antonee Robinson,us USA,DF,Fulham,25,1997,36.3,69,1.90,63,2,2,0,1,1,7,0.19,7,0,0,0,0,0
458,Jack Robinson,eng ENG,DF,Sheffield Utd,29,1993,32.1,23,0.72,12,7,0,3,0,1,1,0.03,0,1,0,0,0,0
459,Rodri,es ESP,MF,Manchester City,27,1996,32.6,157,4.82,130,2,8,5,6,6,23,0.71,17,0,3,1,1,1
460,Jay Rodriguez,eng ENG,FW,Burnley,34,1989,9.1,13,1.42,7,0,2,4,0,0,1,0.11,1,0,0,0,0,0
461,Mads Roerslev,dk DEN,DF,Brentford,24,1999,22.1,33,1.50,29,0,3,0,0,1,3,0.14,3,0,0,0,0,0
462,Morgan Rogers,eng ENG,"MF,FW",Aston Villa,21,2002,7.1,23,3.25,18,0,3,0,2,0,4,0.57,2,0,1,0,1,0
463,Cristian Romero,ar ARG,DF,Tottenham,25,1998,31.0,35,1.13,28,2,0,3,0,2,2,0.06,1,0,0,1,0,0
464,Joe Rothwell,eng ENG,MF,Bournemouth,28,1995,4.3,12,2.80,6,3,1,1,1,0,1,0.23,1,0,0,0,0,0
465,Pelly Ruddock Mpanzu,cd COD,MF,Luton Town,30,1993,12.2,19,1.55,12,1,2,1,2,1,0,0.00,0,0,0,0,0,0
466,José Sá,pt POR,GK,Wolves,30,1993,33.7,3,0.09,3,0,0,0,0,0,1,0.03,1,0,0,0,0,0
467,Dominic Sadi,eng ENG,FW,Bournemouth,19,2003,0.0,0,0.00,0,0,0,0,0,0,0,0.00,0,0,0,0,0,0
468,Bukayo Saka,eng ENG,FW,Arsenal,21,2001,32.4,188,5.80,137,26,10,9,4,2,21,0.65,16,2,1,1,1,0
469,Mohamed Salah,eg EGY,FW,Liverpool,31,1992,28.2,139,4.94,103,2,7,21,5,1,20,0.71,14,0,2,3,1,0
470,William Saliba,fr FRA,DF,Arsenal,22,2001,38.0,29,0.76,26,0,1,2,0,0,3,0.08,3,0,0,0,0,0
471,Albert Sambi Lokonga,be BEL,MF,Luton Town,23,1999,14.5,27,1.86,22,0,0,1,3,1,3,0.21,3,0,0,0,0,0
472,Davinson Sánchez,co COL,DF,Tottenham,27,1996,0.9,1,1.17,0,0,0,1,0,0,0,0.00,0,0,0,0,0,0
473,Robert Sánchez,es ESP,GK,Chelsea,25,1997,15.9,2,0.13,1,1,0,0,0,0,0,0.00,0,0,0,0,0,0
474,Jadon Sancho,eng ENG,"FW,MF",Manchester Utd,23,2000,0.9,4,4.62,1,1,0,0,1,1,1,1.15,0,1,0,0,0,0
475,Ibrahim Sangaré,ci CIV,MF,Nott'ham Forest,25,1997,11.5,18,1.57,15,0,0,1,1,1,2,0.17,2,0,0,0,0,0
476,Andrey Santos,br BRA,MF,Nott'ham Forest,19,2004,0.1,2,22.50,2,0,0,0,0,0,0,0.00,0,0,0,0,0,0
477,Pablo Sarabia,es ESP,"MF,FW",Wolves,31,1992,19.4,87,4.49,49,26,2,4,5,1,11,0.57,7,4,0,0,0,0
478,Dane Scarlett,eng ENG,FW,Tottenham,19,2004,0.2,1,4.09,0,0,0,0,0,1,0,0.00,0,0,0,0,0,0
479,Kevin Schade,de GER,"FW,MF",Brentford,21,2001,3.7,12,3.22,8,0,1,1,2,0,3,0.81,2,0,0,0,1,0
480,Fabian Schär,ch SUI,DF,Newcastle Utd,31,1991,33.9,47,1.39,33,2,2,4,5,1,12,0.35,8,0,0,0,3,1
481,Jeffrey Schlupp,gh GHA,"FW,MF",Crystal Palace,30,1992,15.0,28,1.86,21,0,2,1,2,2,3,0.20,3,0,0,0,0,0
482,Alex Scott,eng ENG,MF,Bournemouth,19,2003,11.3,44,3.91,32,5,2,2,2,1,3,0.27,2,0,1,0,0,0
483,Matz Sels,be BEL,GK,Nott'ham Forest,31,1992,16.0,1,0.06,1,0,0,0,0,0,0,0.00,0,0,0,0,0,0
484,Nélson Semedo,pt POR,"DF,MF",Wolves,29,1993,34.3,60,1.75,46,0,3,2,6,3,3,0.09,2,0,0,0,0,1
485,Antoine Semenyo,gh GHA,FW,Bournemouth,23,2000,23.4,72,3.08,50,0,11,9,1,1,7,0.30,4,0,0,1,1,1
486,Marcos Senesi,ar ARG,DF,Bournemouth,26,1997,24.9,49,1.97,44,0,0,2,1,2,8,0.32,8,0,0,0,0,0
487,Luke Shaw,eng ENG,DF,Manchester Utd,28,1995,10.7,23,2.16,13,9,1,0,0,0,0,0.00,0,0,0,0,0,0
488,James Shea,eng ENG,GK,Luton Town,32,1991,0.2,0,0.00,0,0,0,0,0,0,0,0.00,0,0,0,0,0,0
489,Bernardo Silva,pt POR,"MF,FW",Manchester City,28,1994,28.6,130,4.54,117,3,6,1,3,0,13,0.45,11,0,2,0,0,0
490,Fábio Silva,pt POR,FW,Wolves,21,2002,2.9,9,3.08,6,0,1,1,1,0,0,0.00,0,0,0,0,0,0
491,Thiago Silva,br BRA,DF,Chelsea,38,1984,28.1,27,0.96,25,1,0,1,0,0,4,0.14,3,0,0,1,0,0
492,Luis Sinisterra,co COL,"FW,MF",Bournemouth,24,1999,7.8,42,5.42,27,0,9,4,0,2,3,0.39,0,0,0,3,0,0
493,Oliver Skipp,eng ENG,"MF,DF",Tottenham,22,2000,7.9,14,1.78,13,0,0,1,0,0,2,0.25,2,0,0,0,0,0
494,Adam Smith,eng ENG,DF,Bournemouth,32,1991,23.9,31,1.30,26,4,0,0,1,0,5,0.21,5,0,0,0,0,0
495,Emile Smith Rowe,eng ENG,MF,Arsenal,23,2000,3.9,13,3.31,10,1,0,1,1,0,2,0.51,1,1,0,0,0,0
496,Cédric Soares,pt POR,DF,Arsenal,31,1991,0.7,0,0.00,0,0,0,0,0,0,0,0.00,0,0,0,0,0,0
497,Dominic Solanke,eng ENG,FW,Bournemouth,25,1997,36.9,79,2.14,61,0,6,5,4,3,6,0.16,4,0,2,0,0,0
498,Manor Solomon,il ISR,FW,Tottenham,24,1999,2.2,19,8.59,16,0,1,1,1,0,2,0.90,2,0,0,0,0,0
499,Tomáš Souček,cz CZE,MF,West Ham,28,1995,31.9,42,1.32,34,1,0,4,0,3,4,0.13,4,0,0,0,0,0
500,Vinicius Souza,br BRA,MF,Sheffield Utd,24,1999,29.6,26,0.88,22,1,0,1,0,2,3,0.10,2,0,0,1,0,0
501,Jason Steele,eng ENG,GK,Brighton,32,1990,17.0,0,0.00,0,0,0,0,0,0,0,0.00,0,0,0,0,0,0
502,Raheem Sterling,eng ENG,"FW,MF",Chelsea,28,1994,22.0,85,3.87,55,0,15,4,7,4,14,0.64,7,0,4,0,3,0
503,John Stones,eng ENG,"DF,MF",Manchester City,29,1994,11.8,23,1.95,21,0,0,0,2,0,0,0.00,0,0,0,0,0,0
504,Thomas Strakosha,al ALB,GK,Brentford,28,1995,1.5,0,0.00,0,0,0,0,0,0,0,0.00,0,0,0,0,0,0
505,Dominik Szoboszlai,hu HUN,MF,Liverpool,22,2000,23.4,115,4.92,84,21,4,3,3,0,7,0.30,5,0,0,1,1,0
506,Matt Targett,eng ENG,DF,Newcastle Utd,27,1995,0.9,4,4.62,4,0,0,0,0,0,0,0.00,0,0,0,0,0,0
507,James Tarkowski,eng ENG,DF,Everton,30,1992,38.0,44,1.16,38,0,1,4,0,1,3,0.08,3,0,0,0,0,0
508,Jimi Tauriainen,eng ENG,FW,Chelsea,19,2004,0.0,0,0.00,0,0,0,0,0,0,0,0.00,0,0,0,0,0,0
509,Nuno Tavares,pt POR,DF,Nott'ham Forest,23,2000,5.1,9,1.77,8,0,1,0,0,0,0,0.00,0,0,0,0,0,0
510,Marcus Tavernier,eng ENG,FW,Bournemouth,24,1999,23.5,101,4.29,72,14,5,5,4,1,9,0.38,6,2,0,0,1,0
511,Charlie Taylor,eng ENG,DF,Burnley,29,1993,25.9,34,1.31,30,0,0,2,1,1,2,0.08,1,0,0,1,0,0
512,Kenny Tete,nl NED,DF,Fulham,27,1995,9.6,15,1.56,11,0,2,1,1,0,2,0.21,1,0,0,0,1,0
513,Luke Thomas,eng ENG,DF,Sheffield Utd,22,2001,10.2,10,0.98,8,0,0,1,1,0,0,0.00,0,0,0,0,0,0
514,Youri Tielemans,be BEL,"MF,FW",Aston Villa,26,1997,18.0,49,2.72,40,1,1,3,2,2,16,0.89,14,0,0,1,0,1
515,Jurriën Timber,nl NED,DF,Arsenal,22,2001,0.8,0,0.00,0,0,0,0,0,0,0,0.00,0,0,0,0,0,0
516,Harry Toffolo,eng ENG,DF,Nott'ham Forest,27,1995,16.2,25,1.54,16,7,0,2,0,0,4,0.25,4,0,0,0,0,0
517,Takehiro Tomiyasu,jp JPN,DF,Arsenal,24,1998,12.8,17,1.33,16,0,0,1,0,0,2,0.16,2,0,0,0,0,0
518,James Tomkins,eng ENG,DF,Crystal Palace,34,1989,0.1,0,0.00,0,0,0,0,0,0,0,0.00,0,0,0,0,0,0
519,Sandro Tonali,it ITA,MF,Newcastle Utd,23,2000,4.9,12,2.47,10,1,0,0,1,0,3,0.62,2,0,0,0,1,0
520,Ivan Toney,eng ENG,FW,Brentford,27,1996,16.1,39,2.42,22,5,4,4,4,0,6,0.37,4,0,1,1,0,0
521,Pau Torres,es ESP,DF,Aston Villa,26,1997,27.4,23,0.84,22,1,0,0,0,0,1,0.04,1,0,0,0,0,0
522,Andros Townsend,eng ENG,"MF,FW",Luton Town,32,1991,13.4,36,2.68,24,5,3,3,1,0,6,0.45,4,0,1,1,0,0
523,James Trafford,eng ENG,GK,Burnley,20,2002,28.0,7,0.25,3,4,0,0,0,0,1,0.04,0,1,0,0,0,0
524,Adama Traoré,es ESP,"FW,MF",Fulham,27,1996,4.2,14,3.34,12,0,1,1,0,0,5,1.19,4,0,1,0,0,0
525,Bénie Traoré,ci CIV,"FW,MF",Sheffield Utd,20,2002,4.3,6,1.40,6,0,0,0,0,0,1,0.23,1,0,0,0,0,0
526,Bertrand Traoré,bf BFA,"DF,FW",Aston Villa,27,1995,0.1,0,0.00,0,0,0,0,0,0,0,0.00,0,0,0,0,0,0
527,Boubacar Traoré,ml MLI,MF,Wolves,21,2001,9.1,13,1.43,12,0,1,0,0,0,2,0.22,2,0,0,0,0,0
528,Mark Travers,ie IRL,GK,Bournemouth,24,1999,4.0,2,0.50,1,1,0,0,0,0,0,0.00,0,0,0,0,0,0
529,Mike Trésor,be BEL,"FW,MF",Burnley,24,1999,4.7,10,2.14,4,5,1,0,0,0,0,0.00,0,0,0,0,0,0
530,Kieran Trippier,eng ENG,DF,Newcastle Utd,32,1990,24.8,101,4.07,68,28,1,0,2,2,11,0.44,7,3,0,0,0,1
531,Leandro Trossard,be BEL,"FW,MF",Arsenal,28,1994,18.3,65,3.55,46,3,7,5,4,0,6,0.33,1,1,2,0,2,0
532,Auston Trusty,us USA,DF,Sheffield Utd,24,1998,28.6,16,0.56,11,2,1,0,0,2,0,0.00,0,0,0,0,0,0
533,Kostas Tsimikas,gr GRE,DF,Liverpool,27,1996,7.5,32,4.24,20,9,0,0,2,1,2,0.27,2,0,0,0,0,0
534,Matt Turner,us USA,GK,Nott'ham Forest,29,1994,17.0,4,0.24,4,0,0,0,0,0,0,0.00,0,0,0,0,0,0
535,Destiny Udogie,it ITA,DF,Tottenham,20,2002,26.6,57,2.15,51,0,4,2,0,0,7,0.26,6,0,0,1,0,0
536,Lesley Ugochukwu,fr FRA,MF,Chelsea,19,2004,3.3,5,1.50,5,0,0,0,0,0,0,0.00,0,0,0,0,0,0
537,Enes Ünal,tr TUR,"FW,MF",Bournemouth,26,1997,3.6,12,3.28,4,0,1,5,1,1,3,0.82,1,0,0,2,0,0
538,Virgil van Dijk,nl NED,DF,Liverpool,32,1991,35.3,59,1.67,54,0,0,5,0,0,4,0.11,4,0,0,0,0,0
539,Raphaël Varane,fr FRA,DF,Manchester Utd,30,1993,15.3,16,1.05,13,1,0,2,0,0,2,0.13,2,0,0,0,0,0
540,Alejo Véliz,ar ARG,FW,Tottenham,19,2003,0.6,1,1.84,0,0,1,0,0,0,0,0.00,0,0,0,0,0,0
541,Joël Veltman,nl NED,DF,Brighton,31,1992,17.6,18,1.02,12,2,0,0,3,1,1,0.06,1,0,0,0,0,0
542,Micky van de Ven,nl NED,DF,Tottenham,22,2001,26.0,11,0.42,9,0,1,0,1,0,1,0.04,0,0,1,0,0,0
543,Bart Verbruggen,nl NED,GK,Brighton,20,2002,21.0,3,0.14,3,0,0,0,0,0,0,0.00,0,0,0,0,0,0
544,Guglielmo Vicario,it ITA,GK,Tottenham,26,1996,38.0,2,0.05,2,0,0,0,0,0,0,0.00,0,0,0,0,0,0
545,Fabio Vieira,pt POR,"MF,FW",Arsenal,23,2000,3.3,12,3.64,7,1,0,1,3,0,5,1.52,1,1,0,0,3,0
546,Carlos Vinícius,br BRA,FW,Fulham,28,1995,3.5,9,2.57,8,0,1,0,0,0,1,0.29,1,0,0,0,0,0
547,Vitinho,br BRA,"DF,MF",Burnley,24,1999,25.7,44,1.71,33,2,4,3,1,1,6,0.23,5,0,0,0,1,0
548,Odisseas Vlachodimos,gr GRE,GK,Nott'ham Forest,29,1994,5.0,1,0.20,1,0,0,0,0,0,0,0.00,0,0,0,0,0,0
549,Kyle Walker,eng ENG,DF,Manchester City,33,1990,30.7,62,2.02,57,1,1,1,2,0,11,0.36,9,0,1,1,0,0
550,Aaron Wan-Bissaka,eng ENG,DF,Manchester Utd,25,1997,19.8,26,1.31,24,1,0,0,1,0,3,0.15,3,0,0,0,0,0
551,Joel Ward,eng ENG,DF,Crystal Palace,33,1989,22.0,16,0.73,13,2,0,1,0,0,3,0.14,2,1,0,0,0,0
552,James Ward-Prowse,eng ENG,MF,West Ham,28,1994,33.3,116,3.48,57,51,1,4,1,2,16,0.48,7,7,0,2,0,0
553,Lewis Warrington,eng ENG,FW,Everton,20,2002,0.0,0,0.00,0,0,0,0,0,0,0,0.00,0,0,0,0,0,0
554,Deivid Washington,br BRA,"DF,FW",Chelsea,18,2005,0.1,0,0.00,0,0,0,0,0,0,0,0.00,0,0,0,0,0,0
555,Ollie Watkins,eng ENG,FW,Aston Villa,27,1995,35.7,100,2.80,70,0,7,18,4,1,26,0.73,15,0,2,7,2,0
556,Adam Webster,eng ENG,DF,Brighton,28,1995,12.7,14,1.10,13,0,0,1,0,0,0,0.00,0,0,0,0,0,0
557,Danny Welbeck,eng ENG,"FW,MF",Brighton,32,1990,18.8,71,3.77,52,0,3,11,5,0,7,0.37,3,0,0,2,2,0
558,Timo Werner,de GER,FW,Tottenham,27,1996,9.0,34,3.78,25,0,4,4,1,0,7,0.78,7,0,0,0,0,0
559,Adam Wharton,eng ENG,MF,Crystal Palace,19,2004,14.4,37,2.57,30,7,0,0,0,0,5,0.35,5,0,0,0,0,0
560,Ethan Wheatley,eng ENG,FW,Manchester Utd,17,2006,0.2,0,0.00,0,0,0,0,0,0,0,0.00,0,0,0,0,0,0
561,Ben White,eng ENG,DF,Arsenal,25,1997,33.2,86,2.59,76,5,1,2,0,2,7,0.21,6,0,0,1,0,0
562,Joe White,eng ENG,MF,Newcastle Utd,20,2002,0.1,0,0.00,0,0,0,0,0,0,0,0.00,0,0,0,0,0,0
563,Neco Williams,wls WAL,DF,Nott'ham Forest,22,2001,18.2,31,1.70,23,1,1,4,1,1,4,0.22,3,0,1,0,0,0
564,Willian,br BRA,FW,Fulham,34,1988,22.8,111,4.87,81,15,4,9,2,0,10,0.44,10,0,0,0,0,0
565,Joe Willock,eng ENG,MF,Newcastle Utd,23,1999,4.7,13,2.80,11,0,0,2,0,0,1,0.22,1,0,0,0,0,0
566,Callum Wilson,eng ENG,FW,Newcastle Utd,31,1992,11.0,22,2.00,12,0,4,5,1,0,4,0.36,2,0,1,1,0,0
567,Harry Wilson,wls WAL,FW,Fulham,26,1997,18.0,65,3.61,42,4,5,4,8,2,10,0.56,9,0,0,0,1,0
568,Yoane Wissa,cd COD,FW,Brentford,26,1996,27.7,64,2.31,43,1,4,7,7,2,10,0.36,6,0,1,1,2,0
569,Chris Wood,nz NZL,FW,Nott'ham Forest,31,1991,20.1,44,2.19,33,0,4,7,0,0,4,0.20,1,0,3,0,0,0
570,Cauley Woodrow,eng ENG,"FW,MF",Luton Town,28,1994,4.7,17,3.57,13,0,1,2,1,0,2,0.42,2,0,0,0,0,0
571,Joe Worrall,eng ENG,DF,Nott'ham Forest,26,1997,4.9,3,0.62,2,0,0,1,0,0,1,0.21,1,0,0,0,0,0
572,Yehor Yarmoliuk,ua UKR,MF,Brentford,19,2004,7.6,17,2.22,12,0,1,2,2,0,1,0.13,1,0,0,0,0,0
573,Ryan Yates,eng ENG,MF,Nott'ham Forest,25,1997,22.1,30,1.36,22,0,0,5,3,0,4,0.18,3,0,0,1,0,0
574,Ashley Young,eng ENG,"DF,MF",Everton,38,1985,25.3,58,2.29,38,10,1,4,3,2,1,0.04,0,0,0,0,1,0
575,Illia Zabarnyi,ua UKR,DF,Bournemouth,20,2002,37.0,27,0.73,26,0,0,1,0,0,1,0.03,1,0,0,0,0,0
576,Nicolò Zaniolo,it ITA,"FW,MF",Aston Villa,24,1999,9.3,30,3.23,20,0,2,6,1,1,3,0.32,3,0,0,0,0,0
577,Anass Zaroury,ma MAR,"FW,MF",Burnley,22,2000,1.7,2,1.18,1,1,0,0,0,0,0,0.00,0,0,0,0,0,0
578,Oleksandr Zinchenko,ua UKR,DF,Arsenal,26,1996,19.1,67,3.50,64,1,1,1,0,0,6,0.31,5,1,0,0,0,0
579,Kurt Zouma,fr FRA,DF,West Ham,28,1994,31.5,13,0.41,11,0,0,1,1,0,2,0.06,2,0,0,0,0,0
580,Martin Ødegaard,no NOR,MF,Arsenal,24,1998,34.3,220,6.41,178,17,8,10,6,1,23,0.67,18,2,0,2,1,0
