Rk,Player,Nation,Pos,Squad,Age,Born,90s,Att,Pass Types Live,Pass Types Dead,Pass Types FK,Pass Types TB,Pass Types Sw,Pass Types Crs,Pass Types TI,Pass Types CK,Corner Kicks In,Corner Kicks Out,Corner Kicks Str,Outcomes Cmp,Outcomes Off,Outcomes Blocks
1,Max Aarons,eng ENG,DF,Bournemouth,23,2000,13.7,581,453,127,11,2,3,13,116,0,0,0,0,450,1,23
2,Joshua Acheampong,eng ENG,DF,Chelsea,17,2006,0.1,2,1,1,0,0,0,0,1,0,0,0,0,1,0,0
3,Tyler Adams,us USA,MF,Bournemouth,24,1999,1.3,71,67,4,3,0,1,1,1,0,0,0,0,59,0,0
4,Tosin Adarabioyo,eng ENG,DF,Fulham,25,1997,18.0,1216,1181,33,28,1,9,1,2,0,0,0,0,1028,2,8
5,Elijah Adebayo,eng ENG,FW,Luton Town,25,1998,15.8,204,202,1,0,1,0,5,1,0,0,0,0,144,1,5
6,Simon Adingra,ci CIV,FW,Brighton,21,2002,24.7,840,815,23,3,7,2,76,15,5,0,1,0,634,2,29
7,Nayef Aguerd,ma MAR,DF,West Ham,27,1996,20.6,1177,1100,75,55,1,29,5,6,0,0,0,0,943,2,5
8,Brandon Aguilera,cr CRC,FW,Nott'ham Forest,20,2003,0.1,8,8,0,0,0,0,0,0,0,0,0,0,4,0,1
9,Naouirou Ahamada,fr FRA,"MF,FW",Crystal Palace,21,2002,3.9,187,183,4,1,0,0,6,2,0,0,0,0,150,0,8
10,Anel Ahmedhodžić,ba BIH,DF,Sheffield Utd,24,1999,29.4,988,950,36,11,1,2,6,25,0,0,0,0,745,2,20
11,Ola Aina,ng NGA,DF,Nott'ham Forest,26,1996,18.8,802,649,150,12,2,2,28,138,0,0,0,0,603,3,17
12,Rayan Aït-Nouri,dz ALG,"DF,MF",Wolves,22,2001,25.9,1190,1047,138,24,2,5,41,106,8,5,2,0,1005,5,24
13,Kristoffer Ajer,no NOR,DF,Brentford,25,1998,20.4,810,730,79,9,1,9,22,65,0,0,0,0,610,1,11
14,Manuel Akanji,ch SUI,"DF,MF",Manchester City,28,1995,27.9,2334,2261,71,34,4,15,9,27,0,0,0,0,2180,2,10
15,Nathan Aké,nl NED,DF,Manchester City,28,1995,22.7,1864,1744,118,32,1,3,11,81,0,0,0,0,1716,2,14
16,Thiago Alcántara,es ESP,MF,Liverpool,32,1991,0.1,10,9,1,1,0,0,0,0,0,0,0,0,7,0,0
17,Trent Alexander-Arnold,eng ENG,DF,Liverpool,24,1998,23.9,2062,1705,346,77,22,32,168,198,71,10,52,0,1553,11,23
18,Alisson,br BRA,GK,Liverpool,30,1992,28.0,1142,983,154,38,0,5,0,0,0,0,0,0,985,5,3
19,Miguel Almirón,py PAR,FW,Newcastle Utd,29,1994,21.5,801,788,10,2,5,0,24,7,1,0,0,0,668,3,16
20,Edson Álvarez,mx MEX,MF,West Ham,25,1997,26.4,1207,1184,18,15,2,9,4,3,0,0,0,0,1033,5,14
21,Julián Álvarez,ar ARG,"MF,FW",Manchester City,23,2000,29.4,1258,1069,185,25,9,1,137,7,129,44,36,2,1011,4,27
22,Zeki Amdouni,ch SUI,FW,Burnley,22,2000,21.7,500,445,51,2,7,1,8,0,3,0,0,0,396,4,19
23,Sofyan Amrabat,ma MAR,"MF,DF",Manchester Utd,26,1996,10.4,664,642,21,10,0,8,7,11,0,0,0,0,578,1,10
24,Joachim Andersen,dk DEN,DF,Crystal Palace,27,1996,37.9,2209,2073,121,110,7,31,31,8,0,0,0,0,1731,15,22
25,Elliot Anderson,eng ENG,"MF,FW",Newcastle Utd,20,2002,11.4,460,431,29,3,4,1,19,25,1,0,0,0,370,0,9
26,Jaidon Anthony,eng ENG,FW,Bournemouth,23,1999,1.7,45,42,3,2,0,0,2,0,1,0,0,0,30,0,3
27,Michail Antonio,jm JAM,FW,West Ham,33,1990,18.8,308,288,18,1,3,4,27,11,0,0,0,0,180,2,22
28,Antony,br BRA,FW,Manchester Utd,23,2000,14.7,595,570,22,7,3,1,16,15,0,0,0,0,468,3,23
29,Oliver Arblaster,eng ENG,MF,Sheffield Utd,19,2004,10.5,438,406,29,13,0,2,7,0,6,3,0,0,349,3,8
30,Cameron Archer,eng ENG,"FW,MF",Sheffield Utd,22,2001,20.4,332,310,22,0,2,1,5,0,0,0,0,0,266,0,15
31,Cameron Archer,eng ENG,MF,Aston Villa,22,2001,0.1,6,6,0,0,1,0,0,0,0,0,0,0,5,0,0
32,Alphonse Areola,fr FRA,GK,West Ham,30,1993,30.0,867,555,307,88,0,2,0,0,0,0,0,0,562,5,0
33,Lorenz Assignon,tg TOG,DF,Burnley,23,2000,13.7,485,378,104,3,0,0,29,101,0,0,0,0,352,3,19
34,Serge Aurier,ci CIV,"DF,MF",Nott'ham Forest,30,1992,9.3,448,407,41,6,1,0,22,35,0,0,0,0,348,0,8
35,Taiwo Awoniyi,ng NGA,FW,Nott'ham Forest,25,1997,11.6,175,169,4,0,2,1,1,0,0,0,0,0,127,2,3
36,Jordan Ayew,gh GHA,"FW,MF",Crystal Palace,31,1991,28.3,920,876,42,8,4,5,97,10,22,6,8,0,681,2,43
37,Benoît Badiashile,fr FRA,DF,Chelsea,22,2001,14.9,1173,1137,36,27,1,2,2,6,0,0,0,0,1065,0,6
38,Leon Bailey,jm JAM,"MF,FW",Aston Villa,25,1997,23.0,790,745,40,2,11,7,75,9,29,20,0,0,573,5,38
39,Stefan Bajcetic,es ESP,MF,Liverpool,18,2004,0.3,10,10,0,0,0,0,0,0,0,0,0,0,7,0,1
40,George Baldock,gr GRE,DF,Sheffield Utd,30,1993,10.8,397,335,60,2,0,0,18,58,0,0,0,0,291,2,18
41,Carlos Baleba,cm CMR,MF,Brighton,19,2004,14.7,775,767,6,6,0,5,0,0,0,0,0,0,713,2,10
42,Fodé Ballo-Touré,sn SEN,"DF,MF",Fulham,26,1997,0.8,78,57,20,2,0,0,4,18,0,0,0,0,56,1,3
43,Shandon Baptiste,gd GRN,MF,Brentford,25,1998,2.5,90,87,3,0,0,0,3,1,0,0,0,0,66,0,5
44,Valentín Barco,ar ARG,"DF,FW",Brighton,19,2004,3.4,233,204,28,5,2,1,30,15,8,3,2,2,179,1,5
45,Ross Barkley,eng ENG,MF,Luton Town,29,1993,29.1,1474,1329,139,94,4,24,45,14,16,8,8,0,1218,6,31
46,Harvey Barnes,eng ENG,"FW,MF",Newcastle Utd,25,1997,8.9,272,262,8,2,1,2,12,4,0,0,0,0,208,2,13
47,Chris Basham,eng ENG,"DF,MF",Sheffield Utd,35,1988,3.6,138,125,13,1,0,1,4,12,0,0,0,0,103,0,2
48,Calvin Bassey,ng NGA,DF,Fulham,23,1999,25.6,1674,1582,91,34,0,12,3,3,0,0,0,0,1440,1,20
49,Owen Beck,wls WAL,DF,Liverpool,20,2002,0.1,4,4,0,0,0,0,0,0,0,0,0,0,3,0,0
50,Donny van de Beek,nl NED,DF,Manchester Utd,26,1997,0.0,1,1,0,0,0,0,0,0,0,0,0,0,1,0,0
51,Amari'i Bell,jm JAM,DF,Luton Town,29,1994,19.1,835,783,48,15,2,3,13,29,0,0,0,0,645,4,23
52,Jean-Ricner Bellegarde,fr FRA,"MF,FW",Wolves,25,1998,10.6,314,297,15,4,1,0,30,1,6,3,3,0,241,2,11
53,Anis Ben Slimane,tn TUN,MF,Sheffield Utd,22,2001,4.7,139,129,7,1,1,0,0,0,0,0,0,0,92,3,7
54,Saïd Benrahma,dz ALG,"FW,MF",West Ham,27,1995,6.9,257,253,2,2,5,0,17,0,0,0,0,0,193,2,9
55,Rodrigo Bentancur,uy URU,MF,Tottenham,26,1997,11.2,800,786,10,9,4,0,9,0,0,0,0,0,674,4,26
56,Daniel Bentley,eng ENG,GK,Wolves,30,1993,4.3,144,98,46,13,0,0,0,0,0,0,0,0,96,0,0
57,Jóhann Berg Guðmundsson,is ISL,"MF,FW",Burnley,32,1990,13.2,544,465,77,28,4,5,70,7,39,18,12,5,396,2,14
58,Sander Berge,no NOR,MF,Burnley,25,1998,33.4,1562,1529,31,21,7,10,12,1,0,0,0,0,1376,2,14
59,Luke Berry,eng ENG,"MF,DF",Luton Town,31,1992,3.6,99,83,16,4,0,0,8,2,6,5,1,0,64,0,3
60,Beto,gw GNB,FW,Everton,25,1998,10.6,180,179,1,0,1,1,5,1,0,0,0,0,108,0,6
61,Jordan Beyer,de GER,DF,Burnley,23,2000,13.7,861,840,19,14,1,5,0,4,0,0,0,0,766,2,9
62,Philip Billing,dk DEN,MF,Bournemouth,27,1996,15.5,537,518,17,4,0,6,29,5,6,3,1,0,404,2,17
63,Yves Bissouma,ml MLI,MF,Tottenham,26,1996,23.0,1842,1787,51,48,3,4,1,3,0,0,0,0,1689,4,19
64,Benicio Boaitey,eng ENG,"FW,DF",Brighton,19,2004,0.4,20,19,1,0,0,0,0,1,0,0,0,0,13,0,0
65,Oscar Bobb,no NOR,"FW,MF",Manchester City,20,2003,3.4,177,169,8,3,3,0,5,4,1,0,0,0,155,0,5
66,Jayden Bogle,eng ENG,DF,Sheffield Utd,23,2000,31.0,968,802,164,8,1,3,40,155,0,0,0,0,684,2,32
67,Willy Boly,ci CIV,DF,Nott'ham Forest,32,1991,16.0,671,597,71,15,1,1,1,56,0,0,0,0,503,3,10
68,Sven Botman,nl NED,DF,Newcastle Utd,23,2000,15.3,1017,981,36,32,0,5,0,2,0,0,0,0,921,0,3
69,Jarrod Bowen,eng ENG,FW,West Ham,26,1996,33.5,702,641,59,2,5,3,75,3,32,27,0,0,484,2,52
70,Conor Bradley,nir NIR,DF,Liverpool,20,2003,8.4,530,445,85,10,3,1,18,75,0,0,0,0,419,0,16
71,Jarrad Branthwaite,eng ENG,DF,Everton,21,2002,34.6,1385,1366,13,6,0,6,1,7,0,0,0,0,1105,6,12
72,Ben Brereton,cl CHI,"FW,MF",Sheffield Utd,24,1999,12.3,265,246,19,0,0,0,9,4,1,0,0,0,200,0,8
73,Rhian Brewster,eng ENG,"FW,MF",Sheffield Utd,23,2000,3.8,76,73,3,0,0,0,3,0,0,0,0,0,52,0,1
74,Armando Broja,al ALB,FW,Chelsea,21,2001,5.0,94,87,7,1,0,0,1,0,0,0,0,0,83,0,0
75,Armando Broja,al ALB,FW,Fulham,21,2001,1.0,27,26,1,0,0,0,1,0,0,0,0,0,19,0,1
76,Andre Brooks,eng ENG,"MF,DF",Sheffield Utd,19,2003,10.4,261,252,9,2,0,2,8,5,0,0,0,0,196,0,12
77,David Brooks,wls WAL,"FW,MF",Bournemouth,26,1997,3.1,132,120,12,1,1,1,15,5,6,5,0,0,95,0,6
78,Jacob Brown,sct SCO,"MF,FW",Luton Town,25,1998,11.3,247,238,7,0,0,0,10,6,0,0,0,0,136,2,18
79,Josh Brownhill,eng ENG,MF,Burnley,27,1995,25.0,1106,998,103,29,4,3,57,16,50,23,8,2,850,5,18
80,Jacob Bruun Larsen,dk DEN,"MF,FW",Burnley,24,1998,13.9,526,455,69,15,1,3,62,5,46,14,17,2,378,2,18
81,Hugo Bueno,es ESP,"DF,MF",Wolves,20,2002,8.2,406,358,46,1,0,1,29,45,0,0,0,0,318,2,18
82,Santiago Bueno,uy URU,DF,Wolves,24,1998,9.1,480,468,12,7,0,1,2,2,0,0,0,0,426,0,5
83,Facundo Buonanotte,ar ARG,"FW,MF",Brighton,18,2004,15.2,478,467,11,6,1,1,6,3,1,1,0,0,404,0,9
84,Reece Burke,eng ENG,DF,Luton Town,26,1996,18.4,719,689,29,9,0,2,13,20,0,0,0,0,547,1,15
85,Dan Burn,eng ENG,DF,Newcastle Utd,31,1992,30.3,1667,1471,190,38,1,4,11,150,0,0,0,0,1351,6,25
86,Mason Burstow,eng ENG,FW,Chelsea,19,2003,0.1,4,3,1,0,0,0,0,0,0,0,0,0,3,0,1
87,Moisés Caicedo,ec ECU,MF,Chelsea,21,2001,31.8,2119,2065,45,39,12,12,10,3,0,0,0,0,1907,9,29
88,Tom Cairney,sct SCO,MF,Fulham,32,1991,16.5,1272,1239,27,15,2,1,25,0,2,1,1,0,1126,6,13
89,Dominic Calvert-Lewin,eng ENG,FW,Everton,26,1997,24.1,440,437,1,0,1,0,3,1,0,0,0,0,248,2,15
90,Thomas Cannon,ie IRL,FW,Everton,20,2002,0.0,0,0,0,0,0,0,0,0,0,0,0,0,0,0,0
91,Diego Carlos,br BRA,DF,Aston Villa,30,1993,20.2,1340,1293,47,41,0,6,1,0,0,0,0,0,1184,0,4
92,Cesare Casadei,it ITA,"FW,MF",Chelsea,20,2003,0.9,65,65,0,0,0,0,0,0,0,0,0,0,53,0,1
93,Casemiro,br BRA,"MF,DF",Manchester Utd,31,1992,22.0,1425,1385,34,28,4,6,13,0,0,0,0,0,1165,6,18
94,Kaelan Casey,eng ENG,DF,West Ham,18,2004,0.0,0,0,0,0,0,0,0,0,0,0,0,0,0,0,0
95,Matty Cash,pl POL,DF,Aston Villa,25,1997,23.8,1225,1043,181,24,0,3,39,157,0,0,0,0,985,1,24
96,Timothy Castagne,be BEL,DF,Fulham,27,1995,29.3,1662,1373,286,27,2,2,50,259,0,0,0,0,1350,3,55
97,Jonny Castro,es ESP,MF,Wolves,29,1994,0.1,0,0,0,0,0,0,0,0,0,0,0,0,0,0,0
98,Trevoh Chalobah,eng ENG,DF,Chelsea,24,1999,10.6,783,746,36,13,1,0,0,22,0,0,0,0,700,1,1
99,Calum Chambers,eng ENG,"MF,DF",Aston Villa,28,1995,1.7,113,113,0,0,0,1,0,0,0,0,0,0,100,0,2
100,Youssef Chermiti,pt POR,FW,Everton,19,2004,2.3,58,57,1,0,0,0,0,0,0,0,0,0,35,0,0
101,Ben Chilwell,eng ENG,DF,Chelsea,26,1996,8.4,495,416,73,11,0,0,43,41,21,9,11,0,373,6,19
102,Tawanda Chirewa,zw ZIM,"MF,FW",Wolves,19,2003,1.6,58,54,3,1,0,0,4,0,0,0,0,0,46,1,2
103,Leon Chiwome,eng ENG,FW,Wolves,17,2006,1.9,22,18,4,0,0,0,0,0,0,0,0,0,19,0,1
104,Tahith Chong,nl NED,"MF,FW",Luton Town,23,1999,22.0,550,515,31,4,5,6,35,11,0,0,0,0,428,4,21
105,Ryan Christie,sct SCO,MF,Bournemouth,28,1995,32.3,1300,1217,78,22,17,18,73,2,30,29,0,0,988,5,26
106,Carney Chukwuemeka,eng ENG,"MF,FW",Chelsea,19,2003,2.5,134,134,0,0,2,0,1,0,0,0,0,0,115,0,4
107,Bobby Clark,eng ENG,MF,Liverpool,18,2005,1.0,49,49,0,0,0,0,0,0,0,0,0,0,38,0,2
108,Jordan Clark,eng ENG,MF,Luton Town,29,1993,14.5,513,475,36,13,1,6,23,5,0,0,0,0,369,2,18
109,Nathaniel Clyne,eng ENG,DF,Crystal Palace,32,1991,14.9,600,539,58,3,0,0,9,55,0,0,0,0,495,3,16
110,Séamus Coleman,ie IRL,DF,Everton,34,1988,7.4,306,232,70,1,0,1,13,69,0,0,0,0,207,4,11
111,Nathan Collins,ie IRL,DF,Brentford,22,2001,29.5,1552,1423,123,46,2,13,4,74,0,0,0,0,1261,6,16
112,Levi Colwill,eng ENG,DF,Chelsea,20,2003,20.0,1163,1033,126,28,4,0,12,94,0,0,0,0,965,4,17
113,Lewis Cook,eng ENG,MF,Bournemouth,26,1997,31.0,1487,1290,195,88,2,3,132,10,93,81,5,1,1135,2,25
114,Jack Cork,eng ENG,MF,Burnley,34,1989,0.3,33,31,2,2,0,0,1,0,0,0,0,0,25,0,2
115,Maxwel Cornet,ci CIV,"MF,FW",West Ham,26,1996,1.2,49,48,1,0,0,0,1,0,0,0,0,0,36,0,2
116,Vladimír Coufal,cz CZE,DF,West Ham,30,1992,34.8,1665,1317,337,17,2,4,106,319,1,0,0,0,1154,11,56
117,Philippe Coutinho,br BRA,"MF,FW",Aston Villa,31,1992,0.3,24,23,1,0,0,0,0,0,0,0,0,0,20,0,0
118,Aaron Cresswell,eng ENG,"DF,FW",West Ham,33,1989,4.8,308,245,63,9,0,4,11,50,4,1,3,0,254,0,3
119,Marc Cucurella,es ESP,DF,Chelsea,25,1998,19.8,1196,1043,153,30,1,2,16,123,0,0,0,0,1036,0,26
120,Josh Cullen,ie IRL,MF,Burnley,27,1996,22.9,1373,1311,57,42,5,2,26,1,14,5,6,0,1173,5,19
121,Matheus Cunha,br BRA,"FW,MF",Wolves,24,1999,27.1,831,769,56,8,8,7,24,15,3,1,0,0,658,6,19
122,Sam Curtis,ie IRL,DF,Sheffield Utd,17,2005,0.3,10,8,2,0,0,0,1,2,0,0,0,0,6,0,1
123,Mahmoud Dahoud,de GER,MF,Brighton,27,1996,5.0,328,326,2,2,1,0,3,0,0,0,0,0,284,0,8
124,Ameen Al-Dakhil,be BEL,DF,Burnley,21,2002,11.7,637,590,45,11,2,2,3,34,0,0,0,0,537,2,6
125,Diogo Dalot,pt POR,DF,Manchester Utd,24,1999,35.3,1830,1546,277,21,1,7,80,251,5,2,3,0,1486,7,39
126,Mikkel Damsgaard,dk DEN,MF,Brentford,23,2000,9.4,432,409,21,5,10,3,29,7,7,4,3,0,300,2,19
127,Danilo,br BRA,MF,Nott'ham Forest,22,2001,19.9,758,717,35,7,4,9,26,1,19,19,0,0,589,6,15
128,Arnaut Danjuma,nl NED,"MF,FW",Everton,26,1997,6.6,152,147,5,0,1,1,10,2,1,1,0,0,102,0,8
129,Jayden Danns,eng ENG,FW,Liverpool,17,2006,0.1,7,7,0,0,1,0,0,0,0,0,0,0,5,0,0
130,Josh Dasilva,eng ENG,"DF,FW",Brentford,24,1998,0.3,19,17,2,0,0,0,6,0,2,2,0,0,10,0,1
131,David Datro Fofana,ci CIV,FW,Burnley,20,2002,9.8,173,167,4,0,1,0,3,0,0,0,0,0,117,2,8
132,Ben Davies,wls WAL,DF,Tottenham,30,1993,12.1,850,788,61,34,3,3,10,27,0,0,0,0,766,1,10
133,Tom Davies,eng ENG,MF,Sheffield Utd,25,1998,2.5,99,92,5,2,1,0,4,1,0,0,0,0,68,2,5
134,Craig Dawson,eng ENG,DF,Wolves,33,1990,24.5,1277,1236,38,29,2,22,1,1,0,0,0,0,1104,3,9
135,Kevin De Bruyne,be BEL,MF,Manchester City,32,1991,13.6,971,840,124,23,11,6,136,24,69,29,16,5,732,7,27
136,Hannes Delcroix,be BEL,DF,Burnley,24,1999,6.5,350,320,29,3,0,0,5,26,0,0,0,0,300,1,2
137,Leander Dendoncker,be BEL,MF,Aston Villa,28,1995,1.3,56,56,0,0,0,1,0,0,0,0,0,0,45,0,0
138,Moussa Diaby,fr FRA,"FW,MF",Aston Villa,24,1999,24.2,619,567,51,3,6,2,45,4,1,0,0,0,485,1,15
139,Amad Diallo,ci CIV,"FW,MF",Manchester Utd,21,2002,4.3,170,166,4,1,0,1,1,2,1,1,0,0,149,0,3
140,Amadou Diallo,eng ENG,MF,Newcastle Utd,20,2003,0.0,1,1,0,0,0,0,0,0,0,0,0,0,1,0,0
141,Rúben Dias,pt POR,DF,Manchester City,26,1997,28.4,2635,2567,65,46,2,7,13,11,0,0,0,0,2469,3,8
142,Luis Díaz,co COL,FW,Liverpool,26,1997,29.2,1075,1040,29,4,4,11,26,24,0,0,0,0,898,6,29
143,Eric Dier,eng ENG,DF,Tottenham,29,1994,2.2,141,132,9,6,0,0,0,0,0,0,0,0,125,0,0
144,Lucas Digne,fr FRA,DF,Aston Villa,30,1993,26.8,1351,1095,253,36,0,4,154,181,36,25,5,0,1015,3,42
145,Issa Diop,fr FRA,DF,Fulham,26,1997,15.8,1080,1041,37,22,1,5,0,2,0,0,0,0,950,2,13
146,Axel Disasi,fr FRA,DF,Chelsea,25,1998,28.7,2256,2153,98,49,3,11,10,43,0,0,0,0,2031,5,19
147,Ben Doak,sct SCO,FW,Liverpool,17,2005,0.2,4,4,0,0,0,0,0,0,0,0,0,0,4,0,0
148,Lewis Dobbin,eng ENG,MF,Everton,20,2003,2.6,65,60,3,1,0,0,7,2,0,0,0,0,44,2,3
149,Matt Doherty,ie IRL,"DF,MF",Wolves,31,1992,12.8,653,566,87,11,0,5,13,76,0,0,0,0,515,0,18
150,Jeremy Doku,be BEL,"FW,MF",Manchester City,21,2002,17.7,852,844,8,0,2,2,61,5,3,0,0,0,693,0,34
151,Nicolás Domínguez,ar ARG,"MF,FW",Nott'ham Forest,25,1998,16.6,843,817,22,10,2,5,6,4,1,0,1,0,714,4,13
152,Jamie Donley,eng ENG,FW,Tottenham,18,2005,0.0,1,0,1,0,0,0,0,0,0,0,0,0,1,0,0
153,Abdoulaye Doucouré,ml MLI,"FW,MF",Everton,30,1993,29.2,893,876,16,0,1,1,26,0,0,0,0,0,683,1,29
154,Cheick Doucouré,ml MLI,MF,Crystal Palace,23,2000,10.2,422,418,4,4,5,0,1,0,0,0,0,0,367,0,7
155,Alfie Doughty,eng ENG,DF,Luton Town,23,1999,32.5,1686,1190,489,89,0,9,340,249,151,66,80,5,1121,7,60
156,Tommy Doyle,eng ENG,MF,Wolves,21,2001,13.6,955,878,69,44,2,15,28,8,15,8,3,0,801,8,11
157,Radu Drăgușin,ro ROU,DF,Tottenham,21,2002,4.8,370,352,18,8,1,0,0,1,0,0,0,0,326,0,3
158,Martin Dúbravka,sk SVK,GK,Newcastle Utd,34,1989,22.1,651,443,206,37,0,1,0,0,0,0,0,0,519,2,0
159,Paul Dummett,wls WAL,DF,Newcastle Utd,31,1991,0.2,23,22,1,0,0,0,0,1,0,0,0,0,21,0,0
160,Lewis Dunk,eng ENG,DF,Brighton,31,1991,31.9,3233,3005,219,115,2,16,7,5,0,0,0,0,2977,9,5
161,Jhon Durán,co COL,"FW,MF",Aston Villa,19,2003,5.3,121,117,4,1,0,0,6,1,0,0,0,0,83,0,10
162,George Earthy,eng ENG,FW,West Ham,18,2004,0.4,17,17,0,0,0,0,0,0,0,0,0,0,16,0,0
163,Ederson,br BRA,GK,Manchester City,29,1993,30.9,1234,1077,157,43,0,9,0,0,0,0,0,0,1077,0,1
164,Odsonne Édouard,fr FRA,"FW,MF",Crystal Palace,25,1998,17.3,350,338,9,0,4,0,10,0,1,0,0,0,249,3,20
165,John Egan,ie IRL,DF,Sheffield Utd,30,1992,5.4,185,181,2,2,0,0,0,0,0,0,0,0,128,2,1
166,Hjalmar Ekdal,se SWE,DF,Burnley,24,1998,4.9,217,213,4,4,0,2,0,0,0,0,0,0,191,0,1
167,Anthony Elanga,se SWE,"FW,MF",Nott'ham Forest,21,2002,27.0,712,695,13,0,4,2,58,6,0,0,0,0,498,4,37
168,Harvey Elliott,eng ENG,"MF,FW",Liverpool,20,2003,15.0,986,932,44,4,3,8,62,10,19,9,7,0,825,10,17
169,Mohamed Elneny,eg EGY,MF,Arsenal,31,1992,0.3,40,39,1,1,0,0,0,0,0,0,0,0,39,0,0
170,Emerson,br BRA,DF,Tottenham,24,1999,12.9,1038,915,122,45,1,2,14,75,0,0,0,0,937,1,23
171,Julio Enciso,py PAR,"MF,FW",Brighton,19,2004,5.3,178,168,8,2,2,0,8,1,2,0,0,0,132,2,5
172,Wataru Endo,jp JPN,MF,Liverpool,30,1993,19.1,1315,1295,16,13,5,1,4,2,0,0,0,0,1157,4,19
173,Christian Eriksen,dk DEN,MF,Manchester Utd,31,1992,12.7,805,745,55,25,5,9,43,3,26,12,8,2,648,5,13
174,Maxime Estève,fr FRA,DF,Burnley,21,2002,14.5,821,754,66,13,1,3,5,5,0,0,0,0,690,1,10
175,Pervis Estupiñán,ec ECU,DF,Brighton,25,1998,13.8,962,851,107,22,1,3,65,73,12,6,2,0,809,4,20
176,Jonny Evans,nir NIR,DF,Manchester Utd,35,1988,15.5,832,778,51,18,1,0,0,3,0,0,0,0,729,3,7
177,Eberechi Eze,eng ENG,"MF,FW",Crystal Palace,25,1998,22.8,909,759,144,54,7,6,107,5,71,30,23,3,700,6,20
178,Łukasz Fabiański,pl POL,GK,West Ham,38,1985,8.0,239,161,77,21,0,3,0,0,0,0,0,0,160,1,1
179,Romain Faivre,fr FRA,"MF,FW",Bournemouth,25,1998,0.5,26,25,1,1,0,0,3,0,0,0,0,0,19,0,0
180,Ansu Fati,es ESP,"MF,FW",Brighton,20,2002,5.8,210,203,4,2,1,1,3,0,0,0,0,0,178,3,10
181,Felipe,br BRA,DF,Nott'ham Forest,34,1989,4.2,215,206,8,7,0,1,0,1,0,0,0,0,183,1,1
182,Evan Ferguson,ie IRL,FW,Brighton,18,2004,15.2,303,269,32,0,1,0,1,0,0,0,0,0,244,2,13
183,Bruno Fernandes,pt POR,"MF,FW",Manchester Utd,28,1994,34.6,2179,1872,284,64,30,22,223,22,151,46,55,8,1590,23,62
184,Enzo Fernández,ar ARG,MF,Chelsea,22,2001,24.5,1862,1756,89,52,21,28,45,5,22,4,7,0,1574,17,30
185,John Fleck,sct SCO,"MF,DF",Sheffield Utd,31,1991,1.0,40,36,4,2,1,0,0,0,0,0,0,0,29,0,0
186,Mark Flekken,nl NED,GK,Brentford,30,1993,36.5,1580,1122,455,166,0,5,0,0,0,0,0,0,1131,3,0
187,Phil Foden,eng ENG,"FW,MF",Manchester City,23,2000,31.7,1767,1684,79,19,15,6,89,4,50,26,14,0,1511,4,49
188,Wes Foderingham,eng ENG,GK,Sheffield Utd,32,1991,29.4,1054,658,386,124,0,4,0,0,0,0,0,0,595,10,1
189,Pablo Fornals,es ESP,"MF,FW",West Ham,27,1996,4.7,210,204,6,2,0,2,8,2,0,0,0,0,162,0,6
190,Omari Forson,eng ENG,FW,Manchester Utd,19,2004,0.8,33,32,1,0,0,0,0,0,0,0,0,0,30,0,1
191,Lyle Foster,za RSA,"FW,MF",Burnley,22,2000,21.1,461,430,29,2,3,5,3,4,0,0,0,0,312,2,16
192,Matheus França,br BRA,"MF,FW",Crystal Palace,19,2004,2.6,79,69,10,1,0,1,14,0,9,5,2,0,51,0,5
193,Nathan Fraser,ie IRL,FW,Wolves,18,2005,2.1,42,39,3,0,0,0,0,0,0,0,0,0,33,0,3
194,Cody Gakpo,nl NED,"FW,MF",Liverpool,24,1999,18.3,564,547,15,5,1,2,21,6,0,0,0,0,436,2,15
195,Conor Gallagher,eng ENG,MF,Chelsea,23,2000,34.8,2018,1889,122,50,5,7,64,17,45,15,12,2,1801,7,29
196,Idrissa Gana Gueye,sn SEN,MF,Everton,33,1989,20.9,898,882,13,3,2,6,11,4,0,0,0,0,758,3,14
197,Alejandro Garnacho,ar ARG,FW,Manchester Utd,19,2004,28.5,901,885,13,3,2,4,58,6,4,2,0,0,675,3,50
198,James Garner,eng ENG,MF,Everton,22,2001,33.4,1244,1082,155,36,4,6,112,14,59,55,3,0,958,7,28
199,Saman Ghoddos,ir IRN,DF,Brentford,29,1993,8.2,448,370,74,15,0,3,42,34,24,10,10,0,325,4,8
200,Morgan Gibbs-White,eng ENG,"MF,FW",Nott'ham Forest,23,2000,35.1,1480,1255,214,91,17,17,182,5,97,42,45,0,1045,11,30
201,Bryan Gil,es ESP,"FW,MF",Tottenham,22,2001,2.3,157,155,2,0,0,0,11,2,0,0,0,0,127,0,7
202,Alfie Gilchrist,eng ENG,DF,Chelsea,19,2003,2.3,141,121,19,3,0,0,1,16,0,0,0,0,121,1,0
203,Billy Gilmour,sct SCO,MF,Brighton,22,2001,23.6,2107,2036,64,34,9,8,34,1,20,11,9,0,1915,7,15
204,Ben Godfrey,eng ENG,DF,Everton,25,1998,12.4,484,363,118,0,0,1,21,118,0,0,0,0,336,3,20
205,André Gomes,pt POR,"MF,FW",Everton,30,1993,5.6,291,257,32,11,4,3,26,4,10,7,0,0,223,2,7
206,João Gomes,br BRA,MF,Wolves,22,2001,29.4,1279,1209,62,35,7,5,25,9,14,4,4,3,1051,8,32
207,Toti Gomes,pt POR,DF,Wolves,24,1999,30.8,1847,1685,158,41,1,5,13,117,0,0,0,0,1516,4,22
208,Joe Gomez,eng ENG,DF,Liverpool,26,1997,19.8,1345,1172,169,14,3,9,39,153,0,0,0,0,1114,4,29
209,Sergio Gómez,es ESP,"FW,MF",Manchester City,22,2000,0.6,54,52,2,0,1,0,4,1,1,1,0,0,46,0,1
210,Enso Gonzalez,py PAR,"MF,DF",Wolves,18,2005,0.0,6,6,0,0,0,0,0,0,0,0,0,0,6,0,0
211,Anthony Gordon,eng ENG,FW,Newcastle Utd,22,2001,32.1,1055,963,90,14,8,11,111,20,50,18,16,0,803,2,33
212,Kaide Gordon,eng ENG,FW,Liverpool,18,2004,0.0,1,1,0,0,0,0,0,0,0,0,0,0,1,0,0
213,Daniel Gore,eng ENG,MF,Manchester Utd,18,2004,0.0,0,0,0,0,0,0,0,0,0,0,0,0,0,0,0
214,Ryan Gravenberch,nl NED,MF,Liverpool,21,2002,12.5,504,492,9,3,4,2,4,4,0,0,0,0,415,3,14
215,Ivo Grbić,hr CRO,GK,Sheffield Utd,27,1996,8.6,298,162,134,45,0,0,0,0,0,0,0,0,148,2,0
216,Jack Grealish,eng ENG,"FW,MF",Manchester City,27,1995,11.2,580,560,19,3,3,2,16,11,5,2,0,0,499,1,21
217,Pascal Groß,de GER,"MF,DF",Brighton,32,1991,34.6,3223,2903,309,120,5,16,238,47,133,56,57,3,2774,11,41
218,Marc Guéhi,eng ENG,DF,Crystal Palace,23,2000,22.5,1309,1251,56,51,1,18,3,5,0,0,0,0,1138,2,5
219,Bruno Guimarães,br BRA,MF,Newcastle Utd,25,1997,36.3,2313,2186,115,100,26,27,32,5,3,1,1,0,1941,12,31
220,Malo Gusto,fr FRA,DF,Chelsea,20,2003,19.5,1423,1244,176,38,2,0,64,138,0,0,0,0,1230,3,29
221,Joško Gvardiol,hr CRO,DF,Manchester City,21,2002,25.9,1919,1737,178,28,3,10,33,150,0,0,0,0,1671,4,38
222,Erling Haaland,no NOR,FW,Manchester City,23,2000,28.4,388,375,12,1,2,0,5,1,0,0,0,0,295,1,17
223,Antwoine Hackford,eng ENG,FW,Sheffield Utd,19,2004,0.1,2,1,1,0,0,0,0,0,0,0,0,0,2,0,0
224,Lewis Hall,eng ENG,DF,Newcastle Utd,18,2004,8.7,552,474,76,11,0,2,23,59,6,6,0,0,452,2,12
225,Gustavo Hamer,nl NED,MF,Sheffield Utd,26,1997,32.3,1102,945,152,43,5,9,115,1,78,45,22,4,754,5,27
226,Luke Harris,wls WAL,MF,Fulham,18,2005,0.8,14,11,3,0,0,0,0,0,0,0,0,0,11,0,0
227,Jack Harrison,eng ENG,"MF,FW",Everton,26,1996,24.6,631,608,17,2,4,0,81,10,4,4,0,0,409,6,32
228,Daiki Hashioka,jp JPN,DF,Luton Town,24,1999,6.6,282,264,18,1,0,2,9,17,0,0,0,0,227,0,7
229,Kai Havertz,de GER,"MF,FW",Arsenal,24,1999,29.3,955,938,12,3,2,0,12,6,0,0,0,0,764,5,16
230,Jan Paul van Hecke,nl NED,DF,Brighton,23,2000,26.3,2415,2344,65,42,3,6,4,6,0,0,0,0,2225,6,4
231,Hwang Hee-chan,kr KOR,"FW,MF",Wolves,27,1996,23.5,551,508,43,1,3,3,11,10,4,0,0,0,424,0,23
232,Dean Henderson,eng ENG,GK,Crystal Palace,26,1997,18.0,485,342,140,35,0,0,0,0,0,0,0,0,280,3,0
233,Rico Henry,eng ENG,DF,Brentford,26,1997,4.5,183,165,17,2,0,3,11,15,0,0,0,0,147,1,4
234,Son Heung-min,kr KOR,FW,Tottenham,31,1992,32.6,1075,996,75,3,17,2,36,10,3,0,0,0,887,4,36
235,Aaron Hickey,sct SCO,DF,Brentford,21,2002,7.9,277,254,23,3,1,3,5,20,0,0,0,0,243,0,7
236,James Hill,eng ENG,DF,Bournemouth,21,2002,0.8,42,34,8,0,0,0,0,8,0,0,0,0,28,0,2
237,Jack Hinshelwood,eng ENG,DF,Brighton,18,2005,9.7,498,431,67,14,0,3,10,53,0,0,0,0,418,0,4
238,Mason Holgate,eng ENG,DF,Sheffield Utd,26,1996,7.9,211,169,41,3,0,1,7,38,0,0,0,0,138,1,2
239,Callum Hudson-Odoi,eng ENG,"FW,MF",Nott'ham Forest,22,2000,20.6,736,705,27,6,3,8,74,11,9,5,2,0,574,4,17
240,Will Hughes,eng ENG,MF,Crystal Palace,28,1995,21.0,878,806,71,19,2,1,30,0,17,7,10,0,731,1,13
241,Pierre Højbjerg,dk DEN,MF,Tottenham,27,1995,14.6,1415,1364,41,31,2,12,14,8,2,0,0,0,1234,10,14
242,Rasmus Højlund,dk DEN,FW,Manchester Utd,20,2003,24.0,402,369,30,0,1,0,6,2,0,0,0,0,304,3,16
243,Igor,br BRA,DF,Brighton,25,1998,18.2,1497,1388,105,25,2,3,1,75,0,0,0,0,1398,4,13
244,Danny Ings,eng ENG,FW,West Ham,31,1992,4.5,107,100,6,0,0,0,1,0,0,0,0,0,76,1,6
245,Tim Iroegbunam,eng ENG,MF,Aston Villa,20,2003,1.8,55,54,1,1,0,0,0,0,0,0,0,0,51,0,1
246,Alexander Isak,se SWE,FW,Newcastle Utd,23,1999,25.1,493,428,62,0,5,2,10,6,1,0,0,0,385,3,21
247,Alex Iwobi,ng NGA,MF,Everton,27,1996,1.6,42,34,7,0,0,0,10,1,6,4,2,0,27,1,2
248,Alex Iwobi,ng NGA,"FW,MF",Fulham,27,1996,24.4,1051,1029,21,1,6,7,60,8,1,0,0,0,821,1,32
249,Nicolas Jackson,sn SEN,FW,Chelsea,22,2001,31.1,666,613,52,1,11,0,5,2,0,0,0,0,515,1,25
250,Reece James,eng ENG,DF,Chelsea,23,1999,4.7,341,284,57,10,4,2,28,46,1,0,1,0,275,0,5
251,Vitaly Janelt,de GER,"MF,DF",Brentford,25,1998,33.9,1398,1345,49,14,4,12,59,29,6,2,1,2,1088,4,26
252,Daniel Jebbison,eng ENG,FW,Sheffield Utd,19,2003,0.2,3,3,0,0,0,0,0,0,0,0,0,0,1,0,2
253,Mathias Jensen,dk DEN,MF,Brentford,27,1996,24.5,1202,924,272,47,8,25,113,111,65,32,16,5,875,6,24
254,Gabriel Jesus,br BRA,FW,Arsenal,26,1997,16.4,513,482,23,2,8,2,9,6,0,0,0,0,403,8,18
255,Raúl Jiménez,mx MEX,FW,Fulham,32,1991,15.5,382,370,11,4,4,3,7,1,0,0,0,0,262,1,13
256,João Pedro,br BRA,"FW,MF",Brighton,21,2001,22.7,818,775,38,2,6,2,29,10,2,0,0,0,659,5,26
257,Joelinton,br BRA,"MF,FW",Newcastle Utd,26,1996,14.2,627,600,25,18,3,2,2,7,0,0,0,0,524,2,18
258,Ryan John Giles,eng ENG,"DF,MF",Luton Town,23,2000,5.6,218,157,61,6,0,0,49,41,14,6,8,0,140,0,8
259,Ben Johnson,eng ENG,"DF,FW",West Ham,23,2000,6.0,334,289,43,3,0,3,31,39,1,0,0,0,246,2,15
260,Brennan Johnson,wls WAL,FW,Tottenham,22,2001,23.2,728,710,14,0,0,1,68,13,0,0,0,0,519,4,37
261,Brennan Johnson,wls WAL,"FW,MF",Nott'ham Forest,22,2001,2.6,61,55,5,0,0,0,2,0,0,0,0,0,47,1,2
262,Joseph Johnson,eng ENG,DF,Luton Town,17,2006,0.9,36,33,2,1,0,0,0,1,0,0,0,0,30,1,0
263,Sam Johnstone,eng ENG,GK,Crystal Palace,30,1993,20.0,599,408,186,45,0,3,0,0,0,0,0,0,343,5,0
264,Curtis Jones,eng ENG,MF,Liverpool,22,2001,13.0,776,749,25,4,4,2,4,20,1,0,0,0,707,2,5
265,Jorginho,it ITA,MF,Arsenal,31,1991,10.2,785,759,18,13,5,1,3,1,0,0,0,0,699,8,5
266,Diogo Jota,pt POR,FW,Liverpool,26,1996,12.7,394,393,1,0,5,1,9,1,0,0,0,0,287,0,22
267,Mads Juel Andersen,dk DEN,DF,Luton Town,25,1997,4.4,117,115,2,0,0,1,0,2,0,0,0,0,87,0,1
268,Hamed Junior Traorè,ci CIV,MF,Bournemouth,23,2000,0.5,27,26,1,0,1,0,3,0,1,1,0,0,18,0,1
269,Mathias Jørgensen,dk DEN,DF,Brentford,33,1990,12.1,593,526,64,3,1,0,8,61,0,0,0,0,446,3,11
270,Issa Kaboré,bf BFA,DF,Luton Town,22,2001,19.2,759,601,157,6,1,0,66,151,0,0,0,0,533,1,44
271,Sasa Kalajdzic,at AUT,FW,Wolves,26,1997,1.8,60,59,1,0,0,0,1,0,0,0,0,0,38,0,0
272,Boubacar Kamara,fr FRA,MF,Aston Villa,23,1999,18.4,1035,994,40,32,6,8,2,8,0,0,0,0,922,1,13
273,Willy Kambwala,fr FRA,DF,Manchester Utd,18,2004,3.7,192,187,5,3,0,0,0,1,0,0,0,0,163,0,2
274,Thomas Kaminski,be BEL,GK,Luton Town,30,1992,37.8,1468,969,493,152,0,2,0,0,0,0,0,0,869,6,0
275,Loris Karius,de GER,GK,Newcastle Utd,30,1993,1.0,37,24,12,3,0,0,0,0,0,0,0,0,21,1,0
276,Michael Keane,eng ENG,DF,Everton,30,1993,4.9,221,217,3,3,0,1,0,0,0,0,0,0,171,1,0
277,Thilo Kehrer,de GER,"DF,MF",West Ham,26,1996,0.2,9,7,2,0,0,0,0,2,0,0,0,0,9,0,0
278,Caoimhín Kelleher,ie IRL,GK,Liverpool,24,1998,10.0,442,401,38,10,0,0,0,0,0,0,0,0,359,3,0
279,Lloyd Kelly,eng ENG,DF,Bournemouth,24,1998,17.3,906,771,129,22,1,10,21,107,0,0,0,0,673,6,19
280,Omari Kellyman,eng ENG,FW,Aston Villa,17,2005,0.4,7,6,1,0,0,0,0,0,0,0,0,0,6,0,0
281,Milos Kerkez,hu HUN,DF,Bournemouth,19,2003,21.9,844,677,165,5,1,3,55,160,0,0,0,0,613,2,20
282,Kaine Kesler-Hayden,eng ENG,"MF,DF",Aston Villa,20,2002,0.1,0,0,0,0,0,0,0,0,0,0,0,0,0,0,0
283,Max Kilman,eng ENG,DF,Wolves,26,1997,38.0,2309,2245,55,38,2,20,6,8,0,0,0,0,1979,9,13
284,Jakub Kiwior,pl POL,DF,Arsenal,23,2000,10.5,625,550,73,6,1,1,12,67,0,0,0,0,523,2,2
285,Justin Kluivert,nl NED,"MF,FW",Bournemouth,24,1999,21.3,421,399,18,1,0,3,29,7,2,0,0,1,288,4,19
286,Luca Koleosho,it ITA,"MF,FW",Burnley,18,2004,10.8,274,267,6,2,0,0,23,4,0,0,0,0,192,1,16
287,Ibrahima Konaté,fr FRA,DF,Liverpool,24,1999,17.5,1463,1426,35,24,5,6,1,11,0,0,0,0,1286,2,8
288,Ezri Konsa,eng ENG,DF,Aston Villa,25,1997,34.1,2094,1896,197,71,1,0,17,123,0,0,0,0,1907,1,24
289,Cheikhou Kouyaté,sn SEN,MF,Nott'ham Forest,33,1989,2.4,74,73,0,0,0,0,0,0,0,0,0,0,47,1,1
290,Mateo Kovačić,hr CRO,MF,Manchester City,29,1994,17.2,1527,1491,34,24,4,1,0,2,1,0,0,0,1435,2,10
291,Emil Krafth,se SWE,DF,Newcastle Utd,28,1994,10.1,580,514,65,11,0,0,17,53,1,0,0,0,488,1,14
292,Mohammed Kudus,gh GHA,"FW,MF",West Ham,22,2000,27.6,875,855,16,8,3,6,94,4,2,1,0,0,677,4,43
293,Dejan Kulusevski,se SWE,"FW,MF",Tottenham,23,2000,30.7,1234,1185,42,8,12,6,89,6,24,6,0,0,953,7,55
294,Adam Lallana,eng ENG,"MF,FW",Brighton,35,1988,9.4,509,491,15,5,3,0,7,0,4,0,0,0,451,3,9
295,Tariq Lamptey,gh GHA,"DF,FW",Brighton,22,2000,10.2,454,400,51,2,0,0,31,49,0,0,0,0,379,3,9
296,Aymeric Laporte,es ESP,DF,Manchester City,29,1994,0.1,11,11,0,0,0,0,0,0,0,0,0,0,11,0,0
297,Yasser Larouci,dz ALG,DF,Sheffield Utd,22,2001,5.9,185,171,13,0,0,0,6,13,0,0,0,0,131,1,14
298,Jamaal Lascelles,eng ENG,DF,Newcastle Utd,29,1993,12.0,774,764,8,6,0,3,1,2,0,0,0,0,669,2,5
299,Roméo Lavia,be BEL,MF,Chelsea,19,2004,0.4,27,27,0,0,0,0,0,0,0,0,0,0,22,0,2
300,Mario Lemina,ga GAB,MF,Wolves,29,1993,33.0,1470,1432,31,21,8,12,15,9,0,0,0,0,1261,7,9
301,Clément Lenglet,fr FRA,DF,Aston Villa,28,1995,12.8,918,859,58,40,0,8,3,4,0,0,0,0,822,1,3
302,Bernd Leno,de GER,GK,Fulham,31,1992,38.0,1577,1281,292,91,0,2,0,0,0,0,0,0,1250,4,0
303,Jefferson Lerma,co COL,"MF,DF",Crystal Palace,28,1994,26.7,1250,1209,36,30,8,13,14,6,0,0,0,0,1018,5,20
304,Rico Lewis,eng ENG,"DF,MF",Manchester City,18,2004,9.0,568,525,43,9,1,0,1,34,0,0,0,0,518,0,11
305,Keane Lewis-Potter,eng ENG,"FW,DF",Brentford,22,2001,16.0,415,404,10,3,2,4,50,6,0,0,0,0,289,1,13
306,Victor Lindelöf,se SWE,DF,Manchester Utd,29,1994,14.8,927,854,73,8,2,5,1,50,0,0,0,0,826,0,7
307,Valentino Livramento,eng ENG,DF,Newcastle Utd,20,2002,14.6,802,697,105,4,0,1,26,101,0,0,0,0,689,0,12
308,Giovani Lo Celso,ar ARG,MF,Tottenham,27,1996,5.6,503,466,32,23,2,0,13,2,7,5,0,0,449,5,8
309,Tom Lockyer,wls WAL,DF,Luton Town,28,1994,13.0,422,401,20,17,1,5,1,2,0,0,0,0,301,1,7
310,Sean Longstaff,eng ENG,MF,Newcastle Utd,25,1997,30.5,1241,1193,46,19,8,8,25,5,2,0,1,1,991,2,30
311,Max Lowe,eng ENG,"DF,MF",Sheffield Utd,26,1997,5.6,130,113,17,0,0,0,8,15,2,2,0,0,84,0,6
312,Douglas Luiz,br BRA,MF,Aston Villa,25,1998,33.3,2101,1857,237,129,11,13,115,6,100,61,7,2,1800,7,21
313,Saša Lukić,rs SRB,MF,Fulham,26,1996,12.5,496,472,21,15,4,1,4,0,0,0,0,0,428,3,7
314,Ian Maatsen,nl NED,"FW,MF",Chelsea,21,2002,2.3,138,126,12,0,1,0,8,11,1,0,1,0,97,0,1
315,Alexis Mac Allister,ar ARG,MF,Liverpool,24,1998,28.9,1967,1900,61,38,14,11,32,2,11,2,9,0,1704,6,32
316,James Maddison,eng ENG,MF,Tottenham,26,1996,23.7,1500,1322,167,59,14,6,133,10,96,45,34,0,1210,11,30
317,Noni Madueke,eng ENG,FW,Chelsea,21,2002,11.7,486,472,10,2,2,0,22,6,2,1,0,0,412,4,6
318,Gabriel Magalhães,br BRA,DF,Arsenal,25,1997,33.8,2157,2030,122,53,2,4,4,4,0,0,0,0,1914,5,22
319,Harry Maguire,eng ENG,DF,Manchester Utd,30,1993,18.4,1103,1018,83,36,0,13,3,2,0,0,0,0,917,2,3
320,Kobbie Mainoo,eng ENG,MF,Manchester Utd,18,2005,21.4,868,863,5,4,8,3,6,0,0,0,0,0,748,0,16
321,Orel Mangala,be BEL,MF,Nott'ham Forest,25,1998,17.4,646,639,5,4,1,2,2,0,0,0,0,0,570,2,6
322,Benson Manuel,ao ANG,"MF,FW",Burnley,26,1997,1.3,59,52,6,0,0,0,9,2,4,0,1,0,48,1,3
323,Solly March,eng ENG,"FW,DF",Brighton,29,1994,6.2,261,222,39,8,1,1,21,19,12,6,2,0,203,0,7
324,Anthony Martial,fr FRA,FW,Manchester Utd,27,1995,5.0,139,131,6,0,0,0,0,0,0,0,0,0,109,2,3
325,Gabriel Martinelli,br BRA,FW,Arsenal,22,2001,22.4,929,878,49,3,3,3,109,11,35,30,0,0,724,2,29
326,Emiliano Martínez,ar ARG,GK,Aston Villa,30,1992,33.5,1436,1170,259,100,0,0,0,0,0,0,0,0,1190,7,1
327,Lisandro Martínez,ar ARG,DF,Manchester Utd,25,1998,7.2,446,414,30,10,1,1,2,0,0,0,0,0,411,2,1
328,Han-Noah Massengo,fr FRA,"MF,DF",Burnley,22,2001,0.2,12,11,1,0,0,0,2,1,0,0,0,0,6,0,1
329,Pape Matar Sarr,sn SEN,MF,Tottenham,20,2002,23.0,1349,1329,18,5,6,3,25,9,1,0,0,0,1179,2,27
330,Jean-Philippe Mateta,fr FRA,FW,Crystal Palace,26,1997,25.4,433,421,12,0,1,3,20,0,0,0,0,0,309,0,14
331,Joël Matip,cm CMR,DF,Liverpool,31,1991,8.7,564,559,4,4,0,0,0,0,0,0,0,0,494,1,4
332,Alex Matos,eng ENG,MF,Chelsea,18,2004,0.0,0,0,0,0,0,0,0,0,0,0,0,0,0,0,0
333,Remi Matthews,eng ENG,GK,Crystal Palace,29,1994,0.0,5,2,3,2,0,0,0,0,0,0,0,0,0,0,0
334,Neal Maupay,fr FRA,FW,Brentford,26,1996,14.7,392,362,28,6,5,2,8,10,1,0,0,0,282,2,28
335,Neal Maupay,fr FRA,FW,Everton,26,1996,1.2,26,23,3,0,0,1,0,0,0,0,0,0,22,0,1
336,Konstantinos Mavropanos,gr GRE,DF,West Ham,25,1997,16.7,635,597,36,29,1,11,1,5,0,0,0,0,482,2,7
337,Bryan Mbeumo,cm CMR,FW,Brentford,23,1999,21.8,765,668,89,26,15,4,92,15,47,21,10,3,511,8,29
338,James Mcatee,eng ENG,"MF,FW",Sheffield Utd,20,2002,20.2,530,484,42,7,6,1,36,1,7,5,0,0,362,4,17
339,James Mcatee,eng ENG,MF,Manchester City,20,2002,0.0,0,0,0,0,0,0,0,0,0,0,0,0,0,0,0
340,Oliver McBurnie,sct SCO,FW,Sheffield Utd,27,1996,14.2,408,400,3,0,1,1,5,0,0,0,0,0,242,5,14
341,James McConnell,eng ENG,MF,Liverpool,18,2004,0.0,6,6,0,0,0,0,0,0,0,0,0,0,5,0,1
342,John McGinn,sct SCO,"MF,FW",Aston Villa,28,1994,33.3,1223,1137,82,31,15,8,74,3,37,28,0,0,972,4,25
343,Scott McKenna,sct SCO,DF,Nott'ham Forest,26,1996,4.6,186,168,18,1,0,0,0,17,0,0,0,0,137,0,2
344,Dwight McNeil,eng ENG,"MF,FW",Everton,23,1999,32.1,1266,1098,158,46,14,5,229,26,82,59,14,2,874,10,62
345,Scott McTominay,sct SCO,"MF,FW",Manchester Utd,26,1996,21.1,655,639,13,4,2,3,4,5,0,0,0,0,528,3,19
346,Ben Mee,eng ENG,DF,Brentford,33,1989,14.1,667,594,72,15,0,3,5,56,0,0,0,0,511,1,6
347,Hannibal Mejbri,tn TUN,"MF,FW",Manchester Utd,20,2003,1.5,38,37,1,1,2,0,1,0,0,0,0,0,31,0,2
348,Teden Mengi,eng ENG,DF,Luton Town,21,2002,27.4,938,912,22,18,1,13,2,4,0,0,0,0,728,4,7
349,Chris Mepham,wls WAL,DF,Bournemouth,25,1997,6.9,359,350,8,5,0,1,1,3,0,0,0,0,296,1,1
350,Lewis Miley,eng ENG,MF,Newcastle Utd,17,2006,13.4,535,535,0,0,4,2,11,0,0,0,0,0,441,0,13
351,James Milner,eng ENG,"DF,MF",Brighton,37,1986,8.6,585,516,66,7,4,2,29,53,6,3,0,0,492,3,10
352,Tyrone Mings,eng ENG,DF,Aston Villa,30,1993,0.3,5,5,0,0,1,0,0,0,0,0,0,0,5,0,0
353,Tyrick Mitchell,eng ENG,"DF,MF",Crystal Palace,23,1999,35.6,1627,1262,361,14,1,2,69,347,0,0,0,0,1177,4,70
354,Kaoru Mitoma,jp JPN,FW,Brighton,26,1997,16.5,650,639,9,1,3,0,44,7,1,0,0,0,509,2,18
355,Aleksandar Mitrović,rs SRB,FW,Fulham,28,1994,0.4,8,8,0,0,0,0,0,0,0,0,0,0,4,0,0
356,Jakub Moder,pl POL,"MF,DF",Brighton,24,1999,6.9,304,292,9,2,1,0,6,6,0,0,0,0,243,3,11
357,Gonzalo Montiel,ar ARG,DF,Nott'ham Forest,26,1997,8.9,386,328,57,6,1,0,16,51,0,0,0,0,292,1,9
358,Kieffer Moore,wls WAL,"FW,MF",Bournemouth,30,1992,1.2,42,41,1,0,0,0,2,0,0,0,0,0,28,0,3
359,Mikey Moore,eng ENG,MF,Tottenham,15,2007,0.0,5,5,0,0,0,0,0,0,0,0,0,0,4,0,0
360,Álex Moreno,es ESP,DF,Aston Villa,30,1993,11.5,542,435,106,9,0,0,37,97,0,0,0,0,428,1,33
361,Carlton Morris,eng ENG,"FW,MF",Luton Town,27,1995,31.8,751,719,19,1,0,2,15,3,1,0,1,0,484,13,33
362,Mason Mount,eng ENG,"MF,FW",Manchester Utd,24,1999,5.7,219,207,12,1,1,1,14,2,8,3,4,0,179,0,4
363,Divin Mubama,eng ENG,FW,West Ham,18,2004,0.9,22,20,2,0,0,0,0,0,0,0,0,0,16,0,0
364,Mykhailo Mudryk,ua UKR,FW,Chelsea,22,2001,17.5,566,498,62,4,5,9,78,5,52,24,11,2,385,6,14
365,Rodrigo Muniz,br BRA,FW,Fulham,22,2001,17.7,222,207,14,0,1,1,2,0,0,0,0,0,136,1,4
366,Daniel Muñoz,co COL,"DF,MF",Crystal Palace,27,1996,16.0,720,573,145,4,0,0,11,141,0,0,0,0,561,2,17
367,Finley Munroe,eng ENG,MF,Aston Villa,18,2005,0.0,1,1,0,0,0,0,0,0,0,0,0,0,1,0,0
368,Arijanet Muric,xk KVX,GK,Burnley,24,1998,10.0,585,495,85,52,0,4,0,0,0,0,0,0,404,5,0
369,Murillo,br BRA,DF,Nott'ham Forest,21,2002,31.0,1460,1378,73,42,6,18,4,3,0,0,0,0,1123,9,12
370,Alex Murphy,ie IRL,"DF,FW",Newcastle Utd,19,2004,0.1,17,17,0,0,0,0,0,0,0,0,0,0,17,0,0
371,Jacob Murphy,eng ENG,"FW,DF",Newcastle Utd,28,1995,13.2,519,478,38,8,10,0,77,18,11,7,2,0,343,3,23
372,Vitaliy Mykolenko,ua UKR,DF,Everton,24,1999,27.4,1166,938,225,0,2,2,56,225,0,0,0,0,869,3,35
373,Marvelous Nakamba,zw ZIM,MF,Luton Town,29,1994,12.6,423,404,18,14,0,5,4,3,0,0,0,0,356,1,10
374,Michael Ndiweni,eng ENG,FW,Newcastle Utd,19,2003,0.0,2,2,0,0,0,0,0,0,0,0,0,0,1,0,1
375,Reiss Nelson,eng ENG,FW,Arsenal,23,1999,3.0,144,132,12,4,0,1,14,3,5,4,0,0,127,0,3
376,Zack Nelson,eng ENG,"MF,DF",Luton Town,18,2004,0.1,4,2,2,0,0,0,0,0,0,0,0,0,4,0,0
377,Neto,br BRA,GK,Bournemouth,34,1989,32.0,1060,749,307,84,0,2,0,0,0,0,0,0,692,4,2
378,Pedro Neto,pt POR,"FW,MF",Wolves,23,2000,16.8,722,645,73,23,1,5,115,14,34,16,10,2,538,4,17
379,Moussa Niakhate,sn SEN,DF,Nott'ham Forest,27,1996,16.2,774,687,86,11,0,3,11,74,0,0,0,0,617,1,7
380,Eddie Nketiah,eng ENG,FW,Arsenal,24,1999,12.0,215,199,16,0,3,0,5,1,0,0,0,0,168,0,10
381,Christopher Nkunku,fr FRA,"FW,MF",Chelsea,25,1997,4.9,183,166,16,0,3,1,4,1,3,1,0,0,159,1,5
382,Rhys Norrington-Davies,wls WAL,DF,Sheffield Utd,24,1999,1.2,67,55,12,1,0,1,2,11,0,0,0,0,48,0,2
383,Oliver Norwood,nir NIR,MF,Sheffield Utd,32,1991,16.0,911,813,95,55,2,8,52,1,35,5,25,2,634,3,10
384,Matheus Nunes,pt POR,MF,Wolves,24,1998,2.0,106,97,8,4,0,0,3,2,1,1,0,0,87,1,2
385,Matheus Nunes,pt POR,MF,Manchester City,24,1998,7.3,443,429,14,9,1,1,19,2,3,2,0,0,373,0,12
386,Darwin Núñez,uy URU,FW,Liverpool,24,1999,22.7,493,472,17,2,6,1,19,5,0,0,0,0,341,4,18
387,Ethan Nwaneri,eng ENG,FW,Arsenal,16,2007,0.2,18,18,0,0,0,0,0,0,0,0,0,0,15,0,0
388,Christian Nørgaard,dk DEN,MF,Brentford,29,1994,27.8,1501,1422,73,23,8,8,22,32,1,0,0,0,1199,6,16
389,Mark O'Mahony,ie IRL,FW,Brighton,18,2005,0.7,16,16,0,0,0,0,0,0,0,0,0,0,13,0,0
390,Dara O'Shea,ie IRL,DF,Burnley,24,1999,32.1,1759,1705,47,34,3,10,11,9,0,0,0,0,1393,7,19
391,Michael Obafemi,ie IRL,"FW,MF",Burnley,23,2000,0.2,5,5,0,0,0,0,0,0,0,0,0,0,4,0,0
392,Wilson Odobert,fr FRA,"MF,FW",Burnley,18,2004,23.3,584,567,15,0,3,2,35,2,1,0,1,0,446,2,33
393,Odeluga Offiah,eng ENG,DF,Brighton,20,2002,1.4,80,70,9,0,0,0,3,9,0,0,0,0,63,1,5
394,Chiedozie Ogbene,ie IRL,"MF,DF",Luton Town,26,1997,22.2,790,697,91,5,0,2,79,80,0,0,0,0,589,2,47
395,Angelo Ogbonna,it ITA,DF,West Ham,35,1988,7.1,214,194,20,12,0,2,0,0,0,0,0,0,171,0,2
396,Michael Olakigbe,eng ENG,"DF,FW",Brentford,19,2004,0.7,40,38,2,1,0,0,7,1,0,0,0,0,27,0,3
397,Michael Olise,fr FRA,"FW,MF",Crystal Palace,21,2001,14.2,721,605,111,44,7,4,97,10,41,25,10,2,540,5,23
398,Robin Olsen,se SWE,GK,Aston Villa,33,1990,4.5,203,163,40,13,0,0,0,0,0,0,0,0,165,0,0
399,Andrew Omobamidele,ie IRL,DF,Nott'ham Forest,21,2002,8.7,310,304,6,5,0,0,0,1,0,0,0,0,271,0,1
400,Amadou Onana,be BEL,MF,Everton,21,2001,23.2,1036,1017,10,6,6,14,3,1,0,0,0,0,871,9,10
401,André Onana,cm CMR,GK,Manchester Utd,27,1996,38.0,1521,1277,236,74,1,6,0,0,0,0,0,0,1105,8,2
402,Ryan One,sct SCO,FW,Sheffield Utd,17,2006,0.1,1,1,0,0,0,0,0,0,0,0,0,0,1,0,0
403,Tyler Onyango,eng ENG,MF,Everton,20,2003,0.0,0,0,0,0,0,0,0,0,0,0,0,0,0,0,0
404,Fred Onyedinma,eng ENG,"DF,MF",Luton Town,26,1996,4.5,135,97,38,1,0,0,13,37,0,0,0,0,91,0,7
405,Frank Onyeka,ng NGA,MF,Brentford,25,1998,12.9,396,389,6,2,2,0,16,4,0,0,0,0,299,1,13
406,Divock Origi,be BEL,FW,Nott'ham Forest,28,1995,6.7,144,143,1,1,3,0,13,0,0,0,0,0,92,0,10
407,Stefan Ortega,de GER,GK,Manchester City,30,1992,7.1,266,240,26,7,0,0,0,0,0,0,0,0,213,0,1
408,Ben Osborn,eng ENG,"DF,MF",Sheffield Utd,28,1994,15.2,608,526,77,8,1,1,47,50,12,10,0,0,448,5,15
409,Gabriel Osho,ng NGA,DF,Luton Town,24,1998,20.5,706,697,8,8,0,1,3,0,0,0,0,0,580,1,3
410,William Osula,dk DEN,FW,Sheffield Utd,19,2003,8.7,93,90,2,0,0,0,2,0,0,0,0,0,49,1,1
411,Dango Ouattara,bf BFA,"FW,DF",Bournemouth,21,2002,13.7,558,473,84,8,2,1,36,73,3,0,0,0,371,1,23
412,David Ozoh,eng ENG,"MF,DF",Crystal Palace,18,2005,1.7,51,51,0,0,0,0,0,0,0,0,0,0,48,0,1
413,João Palhinha,pt POR,MF,Fulham,28,1995,30.0,1333,1272,55,52,6,20,5,1,0,0,0,0,1098,6,29
414,Cole Palmer,eng ENG,"FW,MF",Chelsea,21,2002,29.0,1415,1294,111,23,27,14,81,22,55,24,12,0,1121,10,37
415,Cole Palmer,eng ENG,MF,Manchester City,21,2002,0.1,5,5,0,0,0,0,0,0,0,0,0,0,4,0,0
416,Emerson Palmieri,it ITA,DF,West Ham,28,1994,34.9,1745,1459,280,18,2,5,49,256,6,0,5,0,1421,6,57
417,Lucas Paquetá,br BRA,"FW,MF",West Ham,25,1997,29.1,1465,1397,60,20,30,17,35,11,0,0,0,0,1082,8,53
418,Ben Parkinson,eng ENG,FW,Newcastle Utd,18,2005,0.3,3,2,1,0,0,0,0,0,0,0,0,0,1,0,0
419,Thomas Partey,gh GHA,"MF,DF",Arsenal,30,1993,8.8,636,609,24,14,3,3,2,10,0,0,0,0,570,3,3
420,Nathan Patterson,sct SCO,DF,Everton,21,2001,11.2,550,439,110,1,1,1,32,109,0,0,0,0,393,1,13
421,Myles Peart-Harris,eng ENG,"DF,MF",Brentford,20,2002,0.1,10,8,2,0,0,0,1,2,0,0,0,0,6,0,0
422,Sydie Peck,eng ENG,MF,Sheffield Utd,18,2004,0.1,1,1,0,0,0,0,0,0,0,0,0,0,1,0,0
423,Facundo Pellistri,uy URU,"FW,MF",Manchester Utd,21,2001,1.9,79,78,0,0,0,0,4,0,0,0,0,0,60,1,5
424,Andreas Pereira,br BRA,MF,Fulham,27,1996,29.0,1295,1035,255,67,14,11,220,7,148,49,74,1,912,5,44
425,Ivan Perišić,hr CRO,FW,Tottenham,34,1989,1.1,76,72,4,1,0,1,13,2,1,1,0,0,53,0,1
426,Đorđe Petrović,rs SRB,GK,Chelsea,23,1999,22.1,806,629,175,26,0,0,0,0,0,0,0,0,635,2,0
427,Kalvin Phillips,eng ENG,MF,West Ham,27,1995,3.4,179,170,7,6,1,1,1,1,0,0,0,0,141,2,2
428,Kalvin Phillips,eng ENG,MF,Manchester City,27,1995,1.0,70,67,3,3,0,0,2,0,0,0,0,0,62,0,1
429,Jaden Philogene Bidace,eng ENG,FW,Aston Villa,21,2002,0.0,4,4,0,0,0,0,0,0,0,0,0,0,3,0,1
430,Jordan Pickford,eng ENG,GK,Everton,29,1994,38.0,1576,1074,496,223,1,5,0,0,0,0,0,0,986,6,0
431,Ethan Pinnock,jm JAM,DF,Brentford,30,1993,28.0,1432,1374,55,26,0,8,7,24,0,0,0,0,1192,3,13
432,Nick Pope,eng ENG,GK,Newcastle Utd,31,1992,14.9,399,274,125,30,0,0,0,0,0,0,0,0,307,0,0
433,Pedro Porro,es ESP,DF,Tottenham,23,1999,34.3,2369,1907,451,56,14,11,198,295,100,36,36,1,1806,11,68
434,Jarell Quansah,eng ENG,DF,Liverpool,20,2003,13.2,1172,1147,22,16,1,5,0,4,0,0,0,0,1038,3,2
435,Ionuț Radu,ro ROU,GK,Bournemouth,26,1997,2.0,68,54,14,3,0,0,0,0,0,0,0,0,56,0,0
436,Jesurun Rak Sakyi,eng ENG,"MF,FW",Crystal Palace,20,2002,1.5,50,50,0,0,0,0,3,0,0,0,0,0,37,0,2
437,Aaron Ramsdale,eng ENG,GK,Arsenal,25,1998,6.0,188,153,35,16,0,0,0,0,0,0,0,0,131,0,2
438,Aaron Ramsey,eng ENG,"MF,FW",Burnley,20,2003,5.9,151,141,9,1,1,0,2,2,0,0,0,0,118,1,9
439,Jacob Ramsey,eng ENG,"FW,MF",Aston Villa,22,2001,9.5,322,310,12,1,3,0,11,1,10,3,0,0,257,0,9
440,Marcus Rashford,eng ENG,FW,Manchester Utd,25,1997,25.2,742,708,26,0,6,4,35,16,3,0,0,0,559,8,18
441,David Raya,es ESP,GK,Arsenal,27,1995,32.0,1068,898,167,71,0,1,0,0,0,0,0,0,800,3,2
442,Tim Ream,us USA,DF,Fulham,35,1987,16.7,1060,1010,49,19,0,8,1,0,0,0,0,0,944,1,9
443,Nathan Redmond,eng ENG,"FW,MF",Burnley,29,1994,1.6,73,71,0,0,0,1,3,0,0,0,0,0,48,2,1
444,Harrison Reed,eng ENG,MF,Fulham,28,1995,14.7,748,702,46,23,2,0,19,7,5,2,3,0,627,0,24
445,Sergio Reguilón,es ESP,DF,Manchester Utd,26,1996,4.6,314,252,60,5,0,1,29,49,6,1,4,0,244,2,7
446,Sergio Reguilón,es ESP,DF,Brentford,26,1996,12.4,522,428,91,29,1,1,72,35,27,8,11,0,351,3,19
447,Bobby Reid,jm JAM,FW,Fulham,30,1993,15.8,487,474,12,2,2,1,35,9,1,0,0,0,364,1,16
448,Gio Reyna,us USA,"FW,MF",Nott'ham Forest,20,2002,2.6,140,129,9,4,0,0,8,1,4,3,1,0,118,2,3
449,Rodrigo Ribeiro,pt POR,"MF,FW",Nott'ham Forest,18,2005,0.2,8,8,0,0,0,0,0,0,0,0,0,0,6,0,0
450,Declan Rice,eng ENG,MF,Arsenal,24,1999,35.8,2295,2181,107,48,2,17,60,1,47,38,0,0,2041,7,26
451,Chris Richards,us USA,"DF,MF",Crystal Palace,23,2000,23.3,942,902,37,18,1,5,1,14,0,0,0,0,778,3,15
452,Richarlison,br BRA,FW,Tottenham,26,1997,16.6,392,360,29,3,2,3,14,1,0,0,0,0,267,3,25
453,Jaïro Riedewald,nl NED,"MF,FW",Crystal Palace,26,1996,2.6,113,104,7,5,0,0,3,0,2,1,0,1,87,2,3
454,Matt Ritchie,sct SCO,"FW,MF",Newcastle Utd,33,1989,1.4,93,91,2,0,0,0,7,0,2,1,0,0,70,0,3
455,Connor Roberts,wls WAL,DF,Burnley,27,1995,9.1,495,406,87,13,0,2,10,74,0,0,0,0,395,2,9
456,Andrew Robertson,sct SCO,DF,Liverpool,29,1994,18.8,1547,1297,240,41,0,7,184,109,90,34,53,0,1248,10,29
457,Antonee Robinson,us USA,DF,Fulham,25,1997,36.3,2054,1736,314,25,1,11,132,289,0,0,0,0,1514,4,68
458,Jack Robinson,eng ENG,DF,Sheffield Utd,29,1993,32.1,1254,1044,205,32,1,7,12,173,0,0,0,0,894,5,21
459,Rodri,es ESP,MF,Manchester City,27,1996,32.6,3656,3572,79,69,15,36,12,6,3,0,0,0,3365,5,22
460,Jay Rodriguez,eng ENG,FW,Burnley,34,1989,9.1,216,216,0,0,1,4,1,0,0,0,0,0,142,0,4
461,Mads Roerslev,dk DEN,DF,Brentford,24,1999,22.1,742,664,74,3,1,3,62,71,0,0,0,0,496,4,29
462,Morgan Rogers,eng ENG,"MF,FW",Aston Villa,21,2002,7.1,195,182,10,0,2,2,2,2,0,0,0,0,147,3,7
463,Cristian Romero,ar ARG,DF,Tottenham,25,1998,31.0,2606,2456,147,123,6,4,3,14,0,0,0,0,2390,3,24
464,Joe Rothwell,eng ENG,MF,Bournemouth,28,1995,4.3,216,194,20,11,0,1,12,0,8,6,0,1,179,2,3
465,Pelly Ruddock Mpanzu,cd COD,MF,Luton Town,30,1993,12.2,364,338,24,7,0,7,11,8,2,0,0,0,268,2,13
466,José Sá,pt POR,GK,Wolves,30,1993,33.7,1097,771,323,70,0,1,0,0,0,0,0,0,720,3,1
467,Dominic Sadi,eng ENG,FW,Bournemouth,19,2003,0.0,1,1,0,0,0,0,0,0,0,0,0,0,0,0,0
468,Bukayo Saka,eng ENG,FW,Arsenal,21,2001,32.4,1512,1365,138,7,4,3,181,12,119,99,0,0,1143,9,50
469,Mohamed Salah,eg EGY,FW,Liverpool,31,1992,28.2,1010,968,28,4,18,3,41,20,0,0,0,0,737,14,42
470,William Saliba,fr FRA,DF,Arsenal,22,2001,38.0,2851,2794,55,33,3,2,3,7,0,0,0,0,2635,2,11
471,Albert Sambi Lokonga,be BEL,MF,Luton Town,23,1999,14.5,766,694,67,28,5,11,13,8,2,1,1,0,669,5,3
472,Davinson Sánchez,co COL,DF,Tottenham,27,1996,0.9,75,73,2,1,0,0,0,1,0,0,0,0,68,0,0
473,Robert Sánchez,es ESP,GK,Chelsea,25,1997,15.9,609,487,120,29,0,2,0,0,0,0,0,0,500,2,0
474,Jadon Sancho,eng ENG,"FW,MF",Manchester Utd,23,2000,0.9,43,41,1,0,0,0,1,0,1,0,0,0,34,1,0
475,Ibrahim Sangaré,ci CIV,MF,Nott'ham Forest,25,1997,11.5,425,414,8,7,3,6,2,1,0,0,0,0,339,3,16
476,Andrey Santos,br BRA,MF,Nott'ham Forest,19,2004,0.1,6,6,0,0,0,0,0,0,0,0,0,0,6,0,0
477,Pablo Sarabia,es ESP,"MF,FW",Wolves,31,1992,19.4,976,837,130,34,9,7,131,7,71,37,19,10,684,9,44
478,Dane Scarlett,eng ENG,FW,Tottenham,19,2004,0.2,3,3,0,0,0,0,0,0,0,0,0,0,2,0,0
479,Kevin Schade,de GER,"FW,MF",Brentford,21,2001,3.7,95,93,0,0,1,0,5,0,0,0,0,0,58,2,4
480,Fabian Schär,ch SUI,DF,Newcastle Utd,31,1991,33.9,2128,2044,76,67,6,41,8,6,0,0,0,0,1762,8,15
481,Jeffrey Schlupp,gh GHA,"FW,MF",Crystal Palace,30,1992,15.0,334,329,4,2,0,0,10,0,0,0,0,0,247,1,10
482,Alex Scott,eng ENG,MF,Bournemouth,19,2003,11.3,474,429,43,10,2,4,36,4,26,22,1,0,361,2,10
483,Matz Sels,be BEL,GK,Nott'ham Forest,31,1992,16.0,378,254,122,29,0,0,0,0,0,0,0,0,263,2,0
484,Nélson Semedo,pt POR,"DF,MF",Wolves,29,1993,34.3,1849,1571,273,25,2,9,80,248,0,0,0,0,1474,5,42
485,Antoine Semenyo,gh GHA,FW,Bournemouth,23,2000,23.4,647,632,11,0,5,3,45,11,0,0,0,0,452,4,26
486,Marcos Senesi,ar ARG,DF,Bournemouth,26,1997,24.9,1297,1244,47,40,4,6,25,7,0,0,0,0,1005,6,17
487,Luke Shaw,eng ENG,DF,Manchester Utd,28,1995,10.7,648,540,106,17,2,3,33,62,19,3,12,0,531,2,10
488,James Shea,eng ENG,GK,Luton Town,32,1991,0.2,9,5,4,1,0,0,0,0,0,0,0,0,6,0,0
489,Bernardo Silva,pt POR,"MF,FW",Manchester City,28,1994,28.6,1936,1831,99,40,2,7,83,23,21,10,0,0,1671,6,37
490,Fábio Silva,pt POR,FW,Wolves,21,2002,2.9,76,72,4,1,1,0,0,1,0,0,0,0,61,0,0
491,Thiago Silva,br BRA,DF,Chelsea,38,1984,28.1,2287,2198,88,60,0,9,4,3,0,0,0,0,2166,1,6
492,Luis Sinisterra,co COL,"FW,MF",Bournemouth,24,1999,7.8,292,292,0,0,1,5,11,0,0,0,0,0,226,0,16
493,Oliver Skipp,eng ENG,"MF,DF",Tottenham,22,2000,7.9,383,366,16,8,1,0,1,8,0,0,0,0,351,1,2
494,Adam Smith,eng ENG,DF,Bournemouth,32,1991,23.9,1025,793,229,14,3,1,39,215,0,0,0,0,782,3,26
495,Emile Smith Rowe,eng ENG,MF,Arsenal,23,2000,3.9,213,207,6,3,0,1,1,1,1,0,0,0,188,0,2
496,Cédric Soares,pt POR,DF,Arsenal,31,1991,0.7,69,61,8,2,0,0,4,6,0,0,0,0,60,0,1
497,Dominic Solanke,eng ENG,FW,Bournemouth,25,1997,36.9,544,485,58,0,1,1,6,4,0,0,0,0,400,1,30
498,Manor Solomon,il ISR,FW,Tottenham,24,1999,2.2,90,90,0,0,1,0,5,0,0,0,0,0,78,0,1
499,Tomáš Souček,cz CZE,MF,West Ham,28,1995,31.9,962,949,7,2,2,9,6,3,0,0,0,0,722,6,27
500,Vinicius Souza,br BRA,MF,Sheffield Utd,24,1999,29.6,994,978,13,10,0,8,10,2,0,0,0,0,790,3,30
501,Jason Steele,eng ENG,GK,Brighton,32,1990,17.0,673,607,64,10,0,1,0,0,0,0,0,0,570,2,0
502,Raheem Sterling,eng ENG,"FW,MF",Chelsea,28,1994,22.0,728,716,7,0,11,1,59,6,0,0,0,0,538,5,34
503,John Stones,eng ENG,"DF,MF",Manchester City,29,1994,11.8,839,824,15,9,0,7,5,3,0,0,0,0,781,0,6
504,Thomas Strakosha,al ALB,GK,Brentford,28,1995,1.5,71,45,26,11,0,0,0,0,0,0,0,0,52,0,0
505,Dominik Szoboszlai,hu HUN,MF,Liverpool,22,2000,23.4,1550,1376,167,34,3,16,113,31,66,24,28,2,1280,7,24
506,Matt Targett,eng ENG,DF,Newcastle Utd,27,1995,0.9,41,38,3,0,0,0,0,3,0,0,0,0,36,0,1
507,James Tarkowski,eng ENG,DF,Everton,30,1992,38.0,1550,1485,52,45,1,22,6,6,0,0,0,0,1195,13,10
508,Jimi Tauriainen,eng ENG,FW,Chelsea,19,2004,0.0,0,0,0,0,0,0,0,0,0,0,0,0,0,0,0
509,Nuno Tavares,pt POR,DF,Nott'ham Forest,23,2000,5.1,274,225,48,8,0,4,16,39,1,0,1,0,201,1,7
510,Marcus Tavernier,eng ENG,FW,Bournemouth,24,1999,23.5,920,790,121,25,3,8,116,35,59,45,2,1,658,9,27
511,Charlie Taylor,eng ENG,DF,Burnley,29,1993,25.9,1312,1099,206,14,0,7,71,192,0,0,0,0,995,7,28
512,Kenny Tete,nl NED,DF,Fulham,27,1995,9.6,523,438,84,7,1,0,23,77,0,0,0,0,418,1,13
513,Luke Thomas,eng ENG,DF,Sheffield Utd,22,2001,10.2,319,287,32,1,0,0,13,31,0,0,0,0,234,0,14
514,Youri Tielemans,be BEL,"MF,FW",Aston Villa,26,1997,18.0,949,891,54,14,17,3,31,7,18,12,3,0,789,4,21
515,Jurriën Timber,nl NED,DF,Arsenal,22,2001,0.8,74,67,7,1,0,1,1,6,0,0,0,0,66,0,2
516,Harry Toffolo,eng ENG,DF,Nott'ham Forest,27,1995,16.2,590,465,125,15,0,0,47,97,13,11,1,0,424,0,15
517,Takehiro Tomiyasu,jp JPN,DF,Arsenal,24,1998,12.8,697,615,80,7,2,2,14,73,0,0,0,0,574,2,11
518,James Tomkins,eng ENG,DF,Crystal Palace,34,1989,0.1,21,21,0,0,0,0,0,0,0,0,0,0,18,0,0
519,Sandro Tonali,it ITA,MF,Newcastle Utd,23,2000,4.9,280,276,4,0,0,5,11,2,2,0,2,0,241,0,3
520,Ivan Toney,eng ENG,FW,Brentford,27,1996,16.1,426,395,23,8,5,0,22,8,2,0,0,0,228,8,22
521,Pau Torres,es ESP,DF,Aston Villa,26,1997,27.4,1788,1663,120,79,1,26,8,5,0,0,0,0,1562,5,9
522,Andros Townsend,eng ENG,"MF,FW",Luton Town,32,1991,13.4,432,402,28,4,1,10,74,7,8,7,0,0,304,2,22
523,James Trafford,eng ENG,GK,Burnley,20,2002,28.0,1541,1203,327,129,1,5,0,0,0,0,0,0,1009,11,5
524,Adama Traoré,es ESP,"FW,MF",Fulham,27,1996,4.2,139,137,2,0,0,1,26,2,0,0,0,0,97,0,7
525,Bénie Traoré,ci CIV,"FW,MF",Sheffield Utd,20,2002,4.3,71,65,5,0,2,0,3,0,0,0,0,0,55,1,4
526,Bertrand Traoré,bf BFA,"DF,FW",Aston Villa,27,1995,0.1,3,3,0,0,0,0,0,0,0,0,0,0,2,0,0
527,Boubacar Traoré,ml MLI,MF,Wolves,21,2001,9.1,455,444,10,4,0,2,6,5,0,0,0,0,383,1,7
528,Mark Travers,ie IRL,GK,Bournemouth,24,1999,4.0,118,76,42,16,0,0,0,0,0,0,0,0,67,0,0
529,Mike Trésor,be BEL,"FW,MF",Burnley,24,1999,4.7,180,156,24,3,0,0,32,2,19,5,11,0,120,0,9
530,Kieran Trippier,eng ENG,DF,Newcastle Utd,32,1990,24.8,2130,1705,418,109,1,12,212,197,112,42,38,8,1624,7,42
531,Leandro Trossard,be BEL,"FW,MF",Arsenal,28,1994,18.3,673,625,46,6,8,2,57,8,24,22,0,0,494,2,30
532,Auston Trusty,us USA,DF,Sheffield Utd,24,1998,28.6,920,842,76,7,0,0,5,68,0,0,0,0,701,2,11
533,Kostas Tsimikas,gr GRE,DF,Liverpool,27,1996,7.5,500,389,110,14,0,1,72,67,29,7,22,0,383,1,10
534,Matt Turner,us USA,GK,Nott'ham Forest,29,1994,17.0,578,373,199,63,0,0,0,0,0,0,0,0,398,6,2
535,Destiny Udogie,it ITA,DF,Tottenham,20,2002,26.6,1440,1212,225,24,0,0,22,201,0,0,0,0,1235,3,42
536,Lesley Ugochukwu,fr FRA,MF,Chelsea,19,2004,3.3,183,183,0,0,0,1,0,0,0,0,0,0,155,0,2
537,Enes Ünal,tr TUR,"FW,MF",Bournemouth,26,1997,3.6,75,68,7,1,0,0,3,0,0,0,0,0,55,0,5
538,Virgil van Dijk,nl NED,DF,Liverpool,32,1991,35.3,2887,2712,173,80,0,21,0,13,0,0,0,0,2640,2,6
539,Raphaël Varane,fr FRA,DF,Manchester Utd,30,1993,15.3,781,708,69,24,1,0,0,3,0,0,0,0,694,4,4
540,Alejo Véliz,ar ARG,FW,Tottenham,19,2003,0.6,10,8,2,0,0,0,0,0,0,0,0,0,5,0,0
541,Joël Veltman,nl NED,DF,Brighton,31,1992,17.6,906,786,118,35,2,0,11,83,0,0,0,0,758,2,16
542,Micky van de Ven,nl NED,DF,Tottenham,22,2001,26.0,1810,1707,100,48,0,1,3,21,0,0,0,0,1698,3,5
543,Bart Verbruggen,nl NED,GK,Brighton,20,2002,21.0,862,771,90,17,0,0,0,1,0,0,0,0,753,1,1
544,Guglielmo Vicario,it ITA,GK,Tottenham,26,1996,38.0,1569,1272,292,91,0,0,0,0,0,0,0,0,1335,5,1
545,Fabio Vieira,pt POR,"MF,FW",Arsenal,23,2000,3.3,150,137,12,3,3,2,15,0,8,3,0,0,122,1,1
546,Carlos Vinícius,br BRA,FW,Fulham,28,1995,3.5,62,61,1,0,0,0,1,0,0,0,0,0,46,0,1
547,Vitinho,br BRA,"DF,MF",Burnley,24,1999,25.7,994,804,186,8,4,1,56,178,0,0,0,0,715,4,28
548,Odisseas Vlachodimos,gr GRE,GK,Nott'ham Forest,29,1994,5.0,176,119,55,11,0,0,0,0,0,0,0,0,141,2,0
549,Kyle Walker,eng ENG,DF,Manchester City,33,1990,30.7,2404,2162,241,33,6,20,59,208,0,0,0,0,2128,1,31
550,Aaron Wan-Bissaka,eng ENG,DF,Manchester Utd,25,1997,19.8,986,839,145,7,0,1,14,138,0,0,0,0,823,2,27
551,Joel Ward,eng ENG,DF,Crystal Palace,33,1989,22.0,944,804,139,21,1,3,22,118,0,0,0,0,715,1,21
552,James Ward-Prowse,eng ENG,MF,West Ham,28,1994,33.3,1672,1422,242,80,2,16,189,3,119,64,53,0,1386,8,19
553,Lewis Warrington,eng ENG,FW,Everton,20,2002,0.0,2,2,0,0,0,0,0,0,0,0,0,0,2,0,0
554,Deivid Washington,br BRA,"DF,FW",Chelsea,18,2005,0.1,1,1,0,0,0,0,0,0,0,0,0,0,1,0,0
555,Ollie Watkins,eng ENG,FW,Aston Villa,27,1995,35.7,609,586,21,1,5,1,13,4,0,0,0,0,459,2,17
556,Adam Webster,eng ENG,DF,Brighton,28,1995,12.7,1096,1063,31,23,1,4,1,7,0,0,0,0,997,2,2
557,Danny Welbeck,eng ENG,"FW,MF",Brighton,32,1990,18.8,515,490,21,1,4,1,3,2,0,0,0,0,423,4,22
558,Timo Werner,de GER,FW,Tottenham,27,1996,9.0,366,349,16,2,2,0,28,14,0,0,0,0,281,1,16
559,Adam Wharton,eng ENG,MF,Crystal Palace,19,2004,14.4,596,553,34,13,3,2,25,0,15,7,4,0,464,9,11
560,Ethan Wheatley,eng ENG,FW,Manchester Utd,17,2006,0.2,0,0,0,0,0,0,0,0,0,0,0,0,0,0,0
561,Ben White,eng ENG,DF,Arsenal,25,1997,33.2,2177,1922,251,46,5,11,57,205,0,0,0,0,1828,4,21
562,Joe White,eng ENG,MF,Newcastle Utd,20,2002,0.1,12,12,0,0,0,0,0,0,0,0,0,0,11,0,1
563,Neco Williams,wls WAL,DF,Nott'ham Forest,22,2001,18.2,785,642,138,18,0,2,68,115,4,0,4,0,519,5,34
564,Willian,br BRA,FW,Fulham,34,1988,22.8,1145,1081,59,17,8,14,75,6,36,11,14,0,932,5,20
565,Joe Willock,eng ENG,MF,Newcastle Utd,23,1999,4.7,164,158,5,1,1,2,6,4,0,0,0,0,136,1,3
566,Callum Wilson,eng ENG,FW,Newcastle Utd,31,1992,11.0,163,152,11,0,2,2,3,2,0,0,0,0,105,0,17
567,Harry Wilson,wls WAL,FW,Fulham,26,1997,18.0,632,591,38,13,3,9,42,5,19,7,6,0,478,3,21
568,Yoane Wissa,cd COD,FW,Brentford,26,1996,27.7,462,444,17,1,3,3,21,0,2,0,0,0,327,1,19
569,Chris Wood,nz NZL,FW,Nott'ham Forest,31,1991,20.1,433,428,5,0,1,1,2,0,0,0,0,0,278,0,12
570,Cauley Woodrow,eng ENG,"FW,MF",Luton Town,28,1994,4.7,152,145,6,0,0,0,10,2,3,0,2,0,110,1,7
571,Joe Worrall,eng ENG,DF,Nott'ham Forest,26,1997,4.9,164,157,7,4,0,1,0,3,0,0,0,0,138,0,1
572,Yehor Yarmoliuk,ua UKR,MF,Brentford,19,2004,7.6,298,296,2,0,0,1,14,2,0,0,0,0,221,0,11
573,Ryan Yates,eng ENG,MF,Nott'ham Forest,25,1997,22.1,827,749,75,26,2,0,6,2,0,0,0,0,658,3,23
574,Ashley Young,eng ENG,"DF,MF",Everton,38,1985,25.3,1052,831,212,25,2,1,100,168,19,10,7,1,723,9,29
575,Illia Zabarnyi,ua UKR,DF,Bournemouth,20,2002,37.0,1805,1755,49,42,2,10,1,1,0,0,0,0,1471,1,11
576,Nicolò Zaniolo,it ITA,"FW,MF",Aston Villa,24,1999,9.3,228,225,2,0,0,2,18,1,0,0,0,0,150,1,23
577,Anass Zaroury,ma MAR,"FW,MF",Burnley,22,2000,1.7,70,65,5,0,0,0,11,0,4,2,2,0,43,0,4
578,Oleksandr Zinchenko,ua UKR,DF,Arsenal,26,1996,19.1,1568,1395,165,46,11,5,30,119,0,0,0,0,1374,8,14
579,Kurt Zouma,fr FRA,DF,West Ham,28,1994,31.5,1148,1096,50,39,1,28,0,3,0,0,0,0,962,2,10
580,Martin Ødegaard,no NOR,MF,Arsenal,24,1998,34.3,2006,1887,103,55,39,3,77,13,26,21,1,0,1692,16,38
