Rk,Player,Nation,Pos,Squad,Age,Born,Playing Time MP,Playing Time Min,Playing Time Mn/MP,Playing Time Min%,Playing Time 90s,Starts Starts,Starts Mn/Start,Starts Compl,Subs Subs,Subs Mn/Sub,Subs unSub,Team Success PPM,Team Success onG,Team Success onGA,Team Success +/-,Team Success +/-90,Team Success On-Off,Team Success (xG) onxG,Team Success (xG) onxGA,Team Success (xG) xG+/-,Team Success (xG) xG+/-90,Team Success (xG) On-Off
1,Max Aarons,eng ENG,DF,Bournemouth,23,2000,20,1237,62,36.2,13.7,13,85,9,7,19,5,0.80,12,34,-22,-1.60,-1.97,14.2,27.1,-12.8,-0.94,-1.37
2,Joshua Acheampong,eng ENG,DF,Chelsea,17,2006,1,6,6,0.2,0.1,0,,0,1,6,3,3.00,0,0,0,0.00,-0.37,0.0,0.6,-0.5,-7.70,-8.15
3,Tyler Adams,us USA,MF,Bournemouth,24,1999,3,121,40,3.5,1.3,1,90,1,2,16,2,2.00,4,3,+1,+0.74,+1.13,2.1,1.5,+0.6,+0.43,+0.51
4,Tosin Adarabioyo,eng ENG,DF,Fulham,25,1997,20,1617,81,47.3,18.0,18,90,17,2,2,2,1.40,28,25,+3,+0.17,+0.62,27.6,28.0,-0.5,-0.03,+0.56
5,Tayo Adaramola,ie IRL,DF,Crystal Palace,19,2003,0,,,,,0,,0,0,,2,,,,,,,,,,,
6,Elijah Adebayo,eng ENG,FW,Luton Town,25,1998,27,1419,53,41.5,15.8,16,77,5,11,16,0,0.78,30,36,-6,-0.38,+0.83,22.2,28.4,-6.3,-0.40,+0.92
7,Val Adedokun,ie IRL,FW,Brentford,20,2003,0,,,,,0,,0,0,,5,,,,,,,,,,,
8,Simon Adingra,ci CIV,FW,Brighton,21,2002,31,2222,72,65.0,24.7,25,83,10,6,26,1,1.19,34,38,-4,-0.16,+0.06,33.9,35.9,-2.0,-0.08,-0.34
9,Adrián,es ESP,GK,Liverpool,36,1987,0,,,,,0,,0,0,,15,,,,,,,,,,,
10,Nayef Aguerd,ma MAR,DF,West Ham,27,1996,21,1857,88,54.3,20.6,21,88,19,0,,4,1.19,26,44,-18,-0.87,-1.10,25.0,38.2,-13.2,-0.64,-0.32
11,Brandon Aguilera,cr CRC,FW,Nott'ham Forest,20,2003,1,5,5,0.1,0.1,0,,0,1,5,3,0.00,0,0,0,0.00,+0.47,0.0,0.0,0.0,0.00,+0.09
12,Naouirou Ahamada,fr FRA,"MF,FW",Crystal Palace,21,2002,20,349,17,10.2,3.9,0,,0,20,17,14,0.85,13,14,-1,-0.26,-0.26,10.0,8.6,+1.4,+0.35,+0.49
13,Anel Ahmedhodžić,ba BIH,DF,Sheffield Utd,24,1999,31,2649,85,77.5,29.4,29,89,27,2,34,0,0.35,28,89,-61,-2.07,-1.14,31.9,61.5,-29.6,-1.01,+0.01
14,Ola Aina,ng NGA,DF,Nott'ham Forest,26,1996,22,1692,77,49.5,18.8,20,84,9,2,5,3,1.00,27,39,-12,-0.64,-0.33,23.3,28.6,-5.3,-0.28,-0.39
15,Rayan Aït-Nouri,dz ALG,"DF,MF",Wolves,22,2001,33,2329,71,68.1,25.9,29,76,10,4,30,0,1.21,36,43,-7,-0.27,+0.39,32.8,45.5,-12.7,-0.49,+0.19
16,Kristoffer Ajer,no NOR,DF,Brentford,25,1998,28,1832,65,53.6,20.4,21,84,13,7,11,1,1.14,28,33,-5,-0.25,-0.02,32.5,29.6,+2.9,+0.14,+0.18
17,Manuel Akanji,ch SUI,"DF,MF",Manchester City,28,1995,30,2511,84,73.4,27.9,28,88,25,2,23,4,2.40,72,23,+49,+1.76,+0.47,57.1,26.8,+30.4,+1.09,-0.35
18,Nathan Aké,nl NED,DF,Manchester City,28,1995,29,2042,70,59.7,22.7,24,83,19,5,12,6,2.38,55,20,+35,+1.54,-0.22,43.8,21.6,+22.2,+0.98,-0.51
19,Thiago Alcántara,es ESP,MF,Liverpool,32,1991,1,6,6,0.2,0.1,0,,0,1,6,0,0.00,0,1,-1,-15.00,-16.21,0.0,0.0,0.0,-0.62,-1.73
20,Trent Alexander-Arnold,eng ENG,DF,Liverpool,24,1998,28,2155,77,63.0,23.9,25,83,14,3,28,0,2.00,53,28,+25,+1.04,-0.38,54.5,28.5,+26.0,+1.09,-0.05
21,Alisson,br BRA,GK,Liverpool,30,1992,28,2520,90,73.7,28.0,28,90,28,0,,0,2.00,60,30,+30,+1.07,-0.43,62.1,35.4,+26.7,+0.95,-0.58
22,Miguel Almirón,py PAR,FW,Newcastle Utd,29,1994,33,1937,59,56.6,21.5,23,74,5,10,23,0,1.52,40,40,0,0.00,-1.40,39.2,37.4,+1.8,+0.08,-0.70
23,Edson Álvarez,mx MEX,MF,West Ham,25,1997,31,2377,77,69.5,26.4,28,82,18,3,25,1,1.48,40,45,-5,-0.19,+0.59,35.4,49.0,-13.6,-0.52,-0.07
24,Julián Álvarez,ar ARG,"MF,FW",Manchester City,23,2000,36,2647,74,77.4,29.4,31,83,15,5,13,2,2.42,76,24,+52,+1.77,+0.60,61.4,25.9,+35.5,+1.21,+0.11
25,Steven Alzate,co COL,MF,Brighton,24,1998,0,,,,,0,,0,0,,1,,,,,,,,,,,
26,Harry Amass,eng ENG,DF,Manchester Utd,16,2007,0,,,,,0,,0,0,,6,,,,,,,,,,,
27,Zeki Amdouni,ch SUI,FW,Burnley,22,2000,34,1953,57,57.1,21.7,27,69,2,7,14,4,0.62,20,41,-21,-0.97,+0.01,19.5,36.2,-16.7,-0.77,+0.03
28,Jordan Amissah,gh GHA,GK,Sheffield Utd,21,2001,0,,,,,0,,0,0,,6,,,,,,,,,,,
29,Sofyan Amrabat,ma MAR,"MF,DF",Manchester Utd,26,1996,21,938,45,27.4,10.4,10,83,6,11,10,8,1.71,8,15,-7,-0.67,-0.89,14.3,19.1,-4.7,-0.45,-0.17
30,Joseph Anang,eng ENG,GK,West Ham,23,2000,0,,,,,0,,0,0,,7,,,,,,,,,,,
31,Joachim Andersen,dk DEN,DF,Crystal Palace,27,1996,38,3415,90,99.9,37.9,38,90,36,0,,0,1.29,57,58,-1,-0.03,-0.03,48.6,52.0,-3.4,-0.09,-0.09
32,Elliot Anderson,eng ENG,"MF,FW",Newcastle Utd,20,2002,21,1027,49,30.0,11.4,10,80,3,11,21,0,1.86,30,14,+16,+1.40,+1.14,25.9,12.2,+13.7,+1.20,+1.17
33,Vincent Angelini,sct SCO,GK,Brentford,19,2003,0,,,,,0,,0,0,,2,,,,,,,,,,,
34,Jaidon Anthony,eng ENG,FW,Bournemouth,23,1999,3,152,51,4.4,1.7,2,61,0,1,31,0,0.33,1,5,-4,-2.37,-2.12,0.6,4.4,-3.8,-2.27,-2.31
35,Michail Antonio,jm JAM,FW,West Ham,33,1990,26,1695,65,49.6,18.8,21,75,2,5,26,0,1.27,33,34,-1,-0.05,+0.63,27.1,35.1,-8.0,-0.42,+0.14
36,Antony,br BRA,FW,Manchester Utd,23,2000,29,1324,46,38.7,14.7,15,73,3,14,16,4,1.41,20,26,-6,-0.41,-0.62,25.5,25.4,+0.1,+0.01,+0.55
37,Oliver Arblaster,eng ENG,MF,Sheffield Utd,19,2004,12,943,79,27.6,10.5,11,83,7,1,27,2,0.25,13,28,-15,-1.43,+0.53,14.0,20.3,-6.3,-0.60,+0.56
38,Cameron Archer,eng ENG,"FW,MF",Sheffield Utd,22,2001,29,1832,63,53.6,20.4,21,80,9,8,19,0,0.48,22,50,-28,-1.38,+0.95,23.6,41.6,-18.0,-0.88,+0.28
39,Cameron Archer,eng ENG,MF,Aston Villa,22,2001,1,6,6,0.2,0.1,0,,0,1,6,1,3.00,0,0,0,0.00,-0.40,0.0,0.0,0.0,0.00,-0.09
40,Alphonse Areola,fr FRA,GK,West Ham,30,1993,31,2699,87,78.9,30.0,31,87,28,0,,2,1.35,49,53,-4,-0.13,+1.11,41.7,54.3,-12.7,-0.42,+0.34
41,Benjamin Arthur,eng ENG,DF,Brentford,17,2005,0,,,,,0,,0,0,,1,,,,,,,,,,,
42,Lorenz Assignon,tg TOG,DF,Burnley,23,2000,15,1234,82,36.1,13.7,15,82,10,0,,0,0.73,14,30,-16,-1.17,-0.30,17.4,28.7,-11.3,-0.83,-0.07
43,Bigo Atom,de GER,DF,Brighton,18,2005,0,,,,,0,,0,0,,1,,,,,,,,,,,
44,Serge Aurier,ci CIV,"DF,MF",Nott'ham Forest,30,1992,12,833,69,24.4,9.3,10,80,6,2,18,1,1.00,9,15,-6,-0.65,-0.23,10.1,14.1,-4.0,-0.43,-0.45
45,Brandon Austin,eng ENG,GK,Tottenham,24,1999,0,,,,,0,,0,0,,18,,,,,,,,,,,
46,Taiwo Awoniyi,ng NGA,FW,Nott'ham Forest,25,1997,20,1042,52,30.5,11.6,12,74,1,8,19,0,1.05,17,21,-4,-0.35,+0.18,13.1,16.2,-3.0,-0.26,-0.25
47,Jordan Ayew,gh GHA,"FW,MF",Crystal Palace,31,1991,35,2543,73,74.4,28.3,30,82,17,5,19,1,1.29,33,37,-4,-0.14,-0.45,31.8,35.2,-3.4,-0.12,-0.12
48,Benoît Badiashile,fr FRA,DF,Chelsea,22,2001,18,1338,74,39.1,14.9,15,88,13,3,7,7,1.67,31,31,0,0.00,-0.61,31.0,25.7,+5.3,+0.36,-0.13
49,Leon Bailey,jm JAM,"MF,FW",Aston Villa,25,1997,35,2068,59,60.5,23.0,22,76,3,13,31,1,1.77,53,32,+21,+0.91,+1.31,43.0,35.8,+7.2,+0.31,+0.56
50,Stefan Bajcetic,es ESP,MF,Liverpool,18,2004,1,26,26,0.8,0.3,0,,0,1,26,6,3.00,0,2,-2,-6.92,-8.17,0.8,0.9,-0.2,-0.58,-1.70
51,Ellery Balcombe,eng ENG,GK,Brentford,23,1999,0,,,,,0,,0,0,,3,,,,,,,,,,,
52,George Baldock,gr GRE,DF,Sheffield Utd,30,1993,13,969,75,28.3,10.8,11,82,9,2,33,1,0.54,11,21,-10,-0.93,+1.24,9.3,21.8,-12.5,-1.16,-0.21
53,Carlos Baleba,cm CMR,MF,Brighton,19,2004,27,1325,49,38.7,14.7,15,78,7,12,13,7,1.07,14,28,-14,-0.95,-1.25,16.0,23.5,-7.5,-0.51,-0.89
54,Fodé Ballo-Touré,sn SEN,"DF,MF",Fulham,26,1997,6,71,12,2.1,0.8,0,,0,6,12,16,2.00,2,1,+1,+1.27,+1.46,1.9,1.1,+0.8,+0.98,+1.32
55,Mauro Bandeira,pt POR,MF,Arsenal,19,2003,0,,,,,0,,0,0,,2,,,,,,,,,,,
56,Shandon Baptiste,gd GRN,MF,Brentford,25,1998,10,229,23,6.7,2.5,2,66,0,8,12,11,1.00,3,5,-2,-0.79,-0.59,4.8,3.0,+1.8,+0.69,+0.68
57,Valentín Barco,ar ARG,"DF,FW",Brighton,19,2004,6,307,51,9.0,3.4,3,87,2,3,16,4,0.50,1,9,-8,-2.35,-2.37,4.3,4.9,-0.7,-0.19,-0.25
58,Ross Barkley,eng ENG,MF,Luton Town,29,1993,32,2618,82,76.5,29.1,30,86,24,2,15,0,0.69,43,66,-23,-0.79,+0.33,31.4,59.3,-27.9,-0.96,-0.10
59,Harvey Barnes,eng ENG,"FW,MF",Newcastle Utd,25,1997,21,802,38,23.5,8.9,7,67,1,14,24,0,1.76,24,10,+14,+1.57,+1.26,19.7,10.1,+9.6,+1.07,+0.90
60,Ty Barnett,eng ENG,MF,Wolves,18,2005,0,,,,,0,,0,0,,6,,,,,,,,,,,
61,Luca Barrington,eng ENG,MF,Brighton,18,2004,0,,,,,0,,0,0,,2,,,,,,,,,,,
62,Chris Basham,eng ENG,"DF,MF",Sheffield Utd,35,1988,8,321,40,9.4,3.6,3,68,1,5,24,0,0.13,2,6,-4,-1.12,+0.77,3.4,7.3,-4.0,-1.11,-0.11
63,Calvin Bassey,ng NGA,DF,Fulham,23,1999,29,2303,79,67.3,25.6,25,90,24,4,15,4,1.31,44,42,+2,+0.08,+0.72,36.4,39.6,-3.2,-0.12,+0.60
64,Altay Bayındır,tr TUR,GK,Manchester Utd,25,1998,0,,,,,0,,0,0,,33,,,,,,,,,,,
65,Eddie Beach,wls WAL,GK,Chelsea,19,2003,0,,,,,0,,0,0,,2,,,,,,,,,,,
66,Owen Beck,wls WAL,DF,Liverpool,20,2002,1,8,8,0.2,0.1,0,,0,1,8,0,3.00,1,0,+1,+11.25,+10.09,0.3,0.9,-0.6,-6.87,-7.99
67,Donny van de Beek,nl NED,DF,Manchester Utd,26,1997,1,3,3,0.1,0.0,0,,0,1,3,11,0.00,0,0,0,0.00,+0.03,0.2,0.0,+0.2,+5.54,+5.87
68,Amari'i Bell,jm JAM,DF,Luton Town,29,1994,21,1720,82,50.3,19.1,21,82,18,0,,0,0.86,30,41,-11,-0.58,+0.59,24.6,38.1,-13.5,-0.71,+0.46
69,Jean-Ricner Bellegarde,fr FRA,"MF,FW",Wolves,25,1998,22,958,44,28.0,10.6,10,61,1,12,29,0,1.23,7,23,-16,-1.50,-1.54,9.9,23.2,-13.2,-1.24,-0.96
70,Anis Ben Slimane,tn TUN,MF,Sheffield Utd,22,2001,15,419,28,12.3,4.7,4,61,0,11,16,13,0.33,2,14,-12,-2.58,-0.87,2.4,9.8,-7.4,-1.59,-0.66
71,Rhys Bennett,eng ENG,DF,Manchester Utd,19,2003,0,,,,,0,,0,0,,1,,,,,,,,,,,
72,Saïd Benrahma,dz ALG,"FW,MF",West Ham,27,1995,13,620,48,18.1,6.9,5,73,1,8,32,7,1.62,12,8,+4,+0.58,+1.16,10.1,13.0,-2.9,-0.43,+0.08
73,Rodrigo Bentancur,uy URU,MF,Tottenham,26,1997,23,1005,44,29.4,11.2,13,59,1,10,24,0,1.43,17,25,-8,-0.72,-1.50,19.9,20.7,-0.8,-0.07,-0.28
74,Daniel Bentley,eng ENG,GK,Wolves,30,1993,5,383,77,11.2,4.3,3,90,3,2,57,33,0.60,3,7,-4,-0.94,-0.61,4.2,7.6,-3.4,-0.79,-0.26
75,Jóhann Berg Guðmundsson,is ISL,"MF,FW",Burnley,32,1990,26,1192,46,34.9,13.2,12,68,1,14,27,5,0.50,20,25,-5,-0.38,+0.92,14.8,21.0,-6.2,-0.47,+0.48
76,Sander Berge,no NOR,MF,Burnley,25,1998,37,3005,81,87.9,33.4,34,86,28,3,26,0,0.62,36,69,-33,-0.99,-0.12,36.0,63.5,-27.4,-0.82,-0.33
77,Lucas Bergström,fi FIN,GK,Chelsea,20,2002,0,,,,,0,,0,0,,15,,,,,,,,,,,
78,Luke Berry,eng ENG,"MF,DF",Luton Town,31,1992,17,323,19,9.4,3.6,2,69,0,15,12,16,0.59,8,8,0,0.00,+0.96,4.2,9.8,-5.6,-1.56,-0.69
79,Beto,gw GNB,FW,Everton,25,1998,30,951,32,27.8,10.6,9,72,2,21,15,2,1.20,16,20,-4,-0.38,-0.12,17.5,18.0,-0.5,-0.04,-0.02
80,Marcus Bettinelli,eng ENG,GK,Chelsea,31,1992,0,,,0.0,0.0,0,,0,0,,17,0.00,1,2,-1,,,,,,,
81,Jordan Beyer,de GER,DF,Burnley,23,2000,15,1234,82,36.1,13.7,15,82,10,0,,0,0.73,14,23,-9,-0.66,+0.50,10.7,20.5,-9.8,-0.72,+0.10
82,Philip Billing,dk DEN,MF,Bournemouth,27,1996,29,1398,48,40.9,15.5,13,83,6,16,20,4,1.24,18,36,-18,-1.16,-1.38,18.8,29.2,-10.4,-0.67,-1.04
83,Yves Bissouma,ml MLI,MF,Tottenham,26,1996,28,2068,74,60.5,23.0,26,77,8,2,28,0,1.75,45,35,+10,+0.44,+0.24,37.3,37.8,-0.5,-0.02,-0.38
84,Billy Blacker,eng ENG,FW,Sheffield Utd,17,2006,0,,,,,0,,0,0,,1,,,,,,,,,,,
85,Benicio Boaitey,eng ENG,"FW,DF",Brighton,19,2004,5,40,8,1.2,0.4,0,,0,5,8,9,1.00,1,1,0,0.00,+0.19,0.9,0.8,+0.1,+0.13,+0.09
86,Oscar Bobb,no NOR,"FW,MF",Manchester City,20,2003,14,302,22,8.8,3.4,2,75,1,12,13,21,2.57,12,5,+7,+2.09,+0.50,9.3,3.1,+6.3,+1.86,+0.75
87,Jayden Bogle,eng ENG,DF,Sheffield Utd,23,2000,34,2788,82,81.5,31.0,32,84,23,2,43,1,0.44,29,79,-50,-1.61,+1.09,32.4,58.3,-25.9,-0.84,+0.94
88,Willy Boly,ci CIV,DF,Nott'ham Forest,32,1991,20,1438,72,42.0,16.0,18,79,11,2,10,3,1.00,17,23,-6,-0.38,+0.17,20.6,23.2,-2.5,-0.16,-0.12
89,Sven Botman,nl NED,DF,Newcastle Utd,23,2000,17,1377,81,40.3,15.3,15,88,12,2,31,0,1.35,37,29,+8,+0.52,-0.14,26.3,31.0,-4.7,-0.31,-1.16
90,Jarrod Bowen,eng ENG,FW,West Ham,26,1996,34,3019,89,88.3,33.5,34,89,31,0,,0,1.44,53,63,-10,-0.30,+0.60,47.8,62.1,-14.2,-0.42,+0.58
91,Conor Bradley,nir NIR,DF,Liverpool,20,2003,11,753,68,22.0,8.4,10,73,2,1,20,8,2.36,18,7,+11,+1.31,+0.17,18.7,7.3,+11.3,+1.35,+0.32
92,Jarrad Branthwaite,eng ENG,DF,Everton,21,2002,35,3116,89,91.1,34.6,35,89,34,0,,2,1.29,38,44,-6,-0.17,+1.31,49.1,49.0,+0.1,0.00,+0.37
93,Ben Brereton,cl CHI,"FW,MF",Sheffield Utd,24,1999,14,1105,79,32.3,12.3,14,79,8,0,,1,0.29,16,37,-21,-1.71,+0.16,16.3,23.7,-7.3,-0.60,+0.61
94,Rhian Brewster,eng ENG,"FW,MF",Sheffield Utd,23,2000,13,346,27,10.1,3.8,3,61,0,10,16,1,0.54,0,8,-8,-2.08,-0.29,1.7,7.2,-5.4,-1.42,-0.45
95,Ethan Brierley,eng ENG,MF,Brentford,19,2003,0,,,,,0,,0,0,,13,,,,,,,,,,,
96,Armando Broja,al ALB,FW,Chelsea,21,2001,13,454,35,13.3,5.0,6,60,0,7,14,1,1.69,8,5,+3,+0.59,+0.26,10.5,5.7,+4.9,+0.97,+0.61
97,Armando Broja,al ALB,FW,Fulham,21,2001,8,88,11,2.6,1.0,0,,0,8,11,4,1.38,2,4,-2,-2.05,-1.94,2.3,2.8,-0.5,-0.53,-0.21
98,Joshua Brooking,eng ENG,DF,Chelsea,20,2002,0,,,,,0,,0,0,,1,,,,,,,,,,,
99,Andre Brooks,eng ENG,"MF,DF",Sheffield Utd,19,2003,20,938,47,27.4,10.4,12,62,0,8,24,11,0.25,5,29,-24,-2.30,-0.67,9.4,19.2,-9.8,-0.94,+0.09
100,David Brooks,wls WAL,"FW,MF",Bournemouth,26,1997,13,282,22,8.2,3.1,2,65,0,11,14,7,0.92,5,7,-2,-0.64,-0.32,5.6,6.1,-0.5,-0.16,-0.11
101,Jacob Brown,sct SCO,"MF,FW",Luton Town,25,1998,19,1019,54,29.8,11.3,12,73,4,7,21,2,0.84,16,26,-10,-0.88,-0.02,11.1,26.4,-15.3,-1.36,-0.60
102,Josh Brownhill,eng ENG,MF,Burnley,27,1995,33,2252,68,65.8,25.0,23,87,18,10,26,4,0.67,27,53,-26,-1.04,-0.19,25.5,44.1,-18.5,-0.74,+0.12
103,Jacob Bruun Larsen,dk DEN,"MF,FW",Burnley,24,1998,32,1249,39,36.5,13.9,16,64,0,16,14,5,0.69,15,23,-8,-0.58,+0.63,19.2,24.3,-5.2,-0.37,+0.64
104,Hugo Bueno,es ESP,"DF,MF",Wolves,20,2002,22,741,34,21.7,8.2,7,76,1,15,14,11,1.14,7,16,-9,-1.09,-0.89,7.8,13.5,-5.7,-0.70,-0.18
105,Santiago Bueno,uy URU,DF,Wolves,24,1998,12,822,69,24.0,9.1,9,84,7,3,21,18,0.92,12,18,-6,-0.66,-0.35,9.8,20.2,-10.3,-1.13,-0.76
106,Facundo Buonanotte,ar ARG,"FW,MF",Brighton,18,2004,27,1364,51,39.9,15.2,17,65,1,10,25,6,1.19,18,19,-1,-0.07,+0.20,23.2,21.1,+2.1,+0.14,+0.17
107,Reece Burke,eng ENG,DF,Luton Town,26,1996,22,1660,75,48.5,18.4,20,79,12,2,41,3,0.68,24,37,-13,-0.70,+0.32,21.8,36.5,-14.8,-0.80,+0.26
108,Dan Burn,eng ENG,DF,Newcastle Utd,31,1992,33,2726,83,79.7,30.3,32,85,24,1,18,0,1.64,74,45,+29,+0.96,+1.74,63.0,44.9,+18.0,+0.60,+1.04
109,Mason Burstow,eng ENG,FW,Chelsea,19,2003,2,9,5,0.3,0.1,0,,0,2,5,1,1.50,0,1,-1,-10.00,-10.40,0.1,0.9,-0.8,-7.71,-8.16
110,Jili Buyabu,eng ENG,MF,Sheffield Utd,21,2001,0,,,,,0,,0,0,,2,,,,,,,,,,,
111,Moisés Caicedo,ec ECU,MF,Chelsea,21,2001,35,2866,82,83.8,31.8,33,85,23,2,26,0,1.74,67,50,+17,+0.53,+1.02,60.8,46.3,+14.5,+0.46,+0.15
112,Tom Cairney,sct SCO,MF,Fulham,32,1991,34,1488,44,43.5,16.5,14,77,6,20,21,4,1.18,29,27,+2,+0.12,+0.49,25.9,28.7,-2.8,-0.17,+0.26
113,Dominic Calvert-Lewin,eng ENG,FW,Everton,26,1997,32,2171,68,63.5,24.1,26,78,4,6,26,0,1.28,26,27,-1,-0.04,+0.68,32.4,31.2,+1.3,+0.05,+0.23
114,Allan Campbell,sct SCO,MF,Luton Town,25,1998,0,,,,,0,,0,0,,1,,,,,,,,,,,
115,Elijah Campbell,eng ENG,DF,Everton,18,2004,0,,,,,0,,0,0,,1,,,,,,,,,,,
116,Thomas Cannon,ie IRL,FW,Everton,20,2002,1,1,1,0.0,0.0,0,,0,1,1,2,0.00,0,0,0,0.00,+0.29,0.0,0.2,-0.2,-19.26,-19.24
117,Diego Carlos,br BRA,DF,Aston Villa,30,1993,27,1816,67,53.1,20.2,20,86,18,7,15,5,1.56,35,36,-1,-0.05,-0.95,31.4,33.8,-2.4,-0.12,-0.44
118,Álvaro Carreras,es ESP,"DF,MF",Manchester Utd,20,2003,0,,,,,0,,0,0,,1,,,,,,,,,,,
119,Scott Carson,eng ENG,GK,Manchester City,37,1985,0,,,,,0,,0,0,,13,,,,,,,,,,,
120,Cesare Casadei,it ITA,"FW,MF",Chelsea,20,2003,11,79,7,2.3,0.9,0,,0,11,7,6,1.91,2,3,-1,-1.14,-1.54,1.5,3.5,-1.9,-2.21,-2.71
121,Casemiro,br BRA,"MF,DF",Manchester Utd,31,1992,25,1982,79,58.0,22.0,24,82,18,1,11,1,1.60,36,34,+2,+0.09,+0.28,33.2,40.3,-7.2,-0.33,0.00
122,Kaelan Casey,eng ENG,DF,West Ham,18,2004,1,1,1,0.0,0.0,0,,0,1,1,7,3.00,0,0,0,0.00,+0.37,0.7,0.0,+0.7,+59.11,+59.62
123,Matty Cash,pl POL,DF,Aston Villa,25,1997,29,2142,74,62.6,23.8,23,84,16,6,34,2,1.86,49,36,+13,+0.55,+0.41,41.2,36.6,+4.6,+0.19,+0.28
124,Timothy Castagne,be BEL,DF,Fulham,27,1995,34,2634,77,77.0,29.3,29,88,25,5,16,1,1.26,41,40,+1,+0.03,+0.84,40.8,40.7,+0.1,0.00,+1.40
125,Leo Castledine,eng ENG,MF,Chelsea,17,2005,0,,,,,0,,0,0,,4,,,,,,,,,,,
126,Jonny Castro,es ESP,MF,Wolves,29,1994,1,5,5,0.1,0.1,0,,0,1,5,7,3.00,0,0,0,0.00,+0.40,0.0,0.1,-0.1,-1.27,-0.72
127,Trevoh Chalobah,eng ENG,DF,Chelsea,24,1999,13,952,73,27.8,10.6,10,89,9,3,20,1,2.15,31,14,+17,+1.61,+1.72,20.0,15.4,+4.6,+0.44,0.00
128,Calum Chambers,eng ENG,"MF,DF",Aston Villa,28,1995,5,152,30,4.4,1.7,1,67,0,4,21,26,0.80,3,6,-3,-1.78,-2.27,3.1,4.9,-1.8,-1.04,-1.19
129,Luke Chambers,eng ENG,DF,Liverpool,19,2004,0,,,,,0,,0,0,,4,,,,,,,,,,,
130,Ismaila Cheick Coulibaly,ml MLI,MF,Sheffield Utd,22,2000,0,,,,,0,,0,0,,1,,,,,,,,,,,
131,Youssef Chermiti,pt POR,FW,Everton,19,2004,18,208,12,6.1,2.3,1,89,0,17,7,18,1.33,3,4,-1,-0.43,-0.15,4.8,5.0,-0.2,-0.07,-0.04
132,Christian Chigozie,eng ENG,DF,Luton Town,16,2007,0,,,,,0,,0,0,,2,,,,,,,,,,,
133,Ben Chilwell,eng ENG,DF,Chelsea,26,1996,13,756,58,22.1,8.4,9,77,3,4,17,1,1.23,13,14,-1,-0.12,-0.63,14.8,12.2,+2.6,+0.30,-0.17
134,Tawanda Chirewa,zw ZIM,"MF,FW",Wolves,19,2003,8,145,18,4.2,1.6,1,74,0,7,10,15,0.25,0,2,-2,-1.24,-0.88,0.8,1.5,-0.7,-0.44,+0.11
135,Leon Chiwome,eng ENG,FW,Wolves,17,2006,3,174,58,5.1,1.9,2,79,0,1,16,1,0.33,1,4,-3,-1.55,-1.22,2.2,2.2,-0.1,-0.04,+0.54
136,Tahith Chong,nl NED,"MF,FW",Luton Town,23,1999,33,1982,60,58.0,22.0,20,80,6,13,29,5,0.45,26,51,-25,-1.14,-0.63,22.6,47.2,-24.7,-1.12,-0.44
137,Samy Chouchane,tn TUN,MF,Brighton,19,2003,0,,,,,0,,0,0,,1,,,,,,,,,,,
138,Ryan Christie,sct SCO,MF,Bournemouth,28,1995,37,2907,79,85.0,32.3,35,81,18,2,29,0,1.22,44,56,-12,-0.37,-0.20,46.3,48.3,-2.0,-0.06,-0.03
139,Carney Chukwuemeka,eng ENG,"MF,FW",Chelsea,19,2003,9,227,25,6.6,2.5,2,63,0,7,15,4,1.56,7,5,+2,+0.79,+0.45,5.4,4.6,+0.8,+0.32,-0.13
140,Bobby Clark,eng ENG,MF,Liverpool,18,2005,5,89,18,2.6,1.0,1,59,0,4,8,6,3.00,2,0,+2,+2.02,+0.86,1.7,1.7,-0.1,-0.05,-1.19
141,Jordan Clark,eng ENG,MF,Luton Town,29,1993,23,1304,57,38.1,14.5,14,78,4,9,24,4,0.57,22,41,-19,-1.31,-0.72,18.0,30.4,-12.4,-0.86,+0.13
142,Nathaniel Clyne,eng ENG,DF,Crystal Palace,32,1991,19,1338,70,39.1,14.9,14,87,10,5,24,18,1.53,31,16,+15,+1.01,+1.70,21.5,20.9,+0.6,+0.04,+0.21
143,Séamus Coleman,ie IRL,DF,Everton,34,1988,12,665,55,19.4,7.4,7,80,5,5,21,6,1.08,5,10,-5,-0.68,-0.48,11.2,10.6,+0.6,+0.08,+0.14
144,Nathan Collins,ie IRL,DF,Brentford,22,2001,32,2652,83,77.5,29.5,29,90,28,3,18,1,1.13,47,51,-4,-0.14,+0.45,47.5,41.9,+5.6,+0.19,+0.58
145,Toby Collyer,eng ENG,MF,Manchester Utd,19,2004,0,,,,,0,,0,0,,7,,,,,,,,,,,
146,Levi Colwill,eng ENG,DF,Chelsea,20,2003,23,1797,78,52.5,20.0,20,84,15,3,37,4,1.52,29,26,+3,+0.15,-0.46,35.9,27.8,+8.1,+0.41,-0.06
147,Lewis Cook,eng ENG,MF,Bournemouth,26,1997,33,2786,84,81.5,31.0,32,86,26,1,45,0,1.24,43,50,-7,-0.23,+0.63,46.1,45.8,+0.3,+0.01,+0.36
148,Jack Cork,eng ENG,MF,Burnley,34,1989,4,27,7,0.8,0.3,0,,0,4,7,18,0.25,1,0,+1,+3.33,+4.34,0.7,0.1,+0.6,+1.89,+2.69
149,Maxwel Cornet,ci CIV,"MF,FW",West Ham,26,1996,7,112,16,3.3,1.2,1,69,0,6,7,21,0.43,2,3,-1,-0.80,-0.45,1.3,3.1,-1.8,-1.44,-0.98
150,Vladimír Coufal,cz CZE,DF,West Ham,30,1992,36,3132,87,91.6,34.8,36,87,28,0,,0,1.39,57,69,-12,-0.34,+0.28,48.5,63.9,-15.5,-0.44,+0.58
151,Philippe Coutinho,br BRA,"MF,FW",Aston Villa,31,1992,2,25,13,0.7,0.3,0,,0,2,13,0,1.50,1,1,0,0.00,-0.40,0.9,0.6,+0.3,+1.16,+1.08
152,Conor Coventry,ie IRL,MF,West Ham,23,2000,0,,,,,0,,0,0,,2,,,,,,,,,,,
153,William Crellin,eng ENG,GK,Everton,23,2000,0,,,,,0,,0,0,,1,,,,,,,,,,,
154,Aaron Cresswell,eng ENG,"DF,FW",West Ham,33,1989,11,436,40,12.7,4.8,4,77,2,7,18,21,1.00,6,11,-5,-1.03,-0.76,6.6,5.6,+0.9,+0.19,+0.79
155,Marc Cucurella,es ESP,DF,Chelsea,25,1998,21,1782,85,52.1,19.8,20,87,16,1,45,6,1.81,50,33,+17,+0.86,+1.02,39.8,31.2,+8.5,+0.43,-0.01
156,Josh Cullen,ie IRL,MF,Burnley,27,1996,25,2057,82,60.1,22.9,23,87,18,2,30,8,0.64,25,48,-23,-1.01,-0.08,25.8,45.6,-19.8,-0.87,-0.21
157,Matheus Cunha,br BRA,"FW,MF",Wolves,24,1999,32,2440,76,71.3,27.1,29,81,12,3,29,0,1.16,40,46,-6,-0.22,+0.61,33.9,48.8,-15.0,-0.55,0.00
158,Ted Curd,eng ENG,GK,Chelsea,17,2006,0,,,,,0,,0,0,,1,,,,,,,,,,,
159,Sam Curtis,ie IRL,DF,Sheffield Utd,17,2005,1,28,28,0.8,0.3,0,,0,1,28,8,0.00,0,0,0,0.00,+1.83,0.4,0.4,0.0,-0.03,+0.99
160,Michael DaCosta,es ESP,FW,Bournemouth,18,2005,0,,,,,0,,0,0,,4,,,,,,,,,,,
161,Mahmoud Dahoud,de GER,MF,Brighton,27,1996,9,452,50,13.2,5.0,6,68,0,3,16,8,2.11,10,5,+5,+1.00,+1.36,7.9,4.1,+3.8,+0.76,+0.83
162,Ameen Al-Dakhil,be BEL,DF,Burnley,21,2002,13,1056,81,30.9,11.7,12,86,11,1,21,2,0.38,10,26,-16,-1.36,-0.56,10.8,20.3,-9.5,-0.81,-0.04
163,Diogo Dalot,pt POR,DF,Manchester Utd,24,1999,36,3174,88,92.8,35.3,35,90,34,1,25,1,1.58,56,55,+1,+0.03,+0.76,51.5,64.3,-12.8,-0.36,-0.47
164,Mikkel Damsgaard,dk DEN,MF,Brentford,23,2000,23,842,37,24.6,9.4,7,75,0,16,20,3,0.87,17,9,+8,+0.86,+1.45,14.3,10.5,+3.8,+0.41,+0.47
165,Danilo,br BRA,MF,Nott'ham Forest,22,2001,29,1792,62,52.4,19.9,20,80,7,9,20,2,1.03,31,42,-11,-0.55,-0.17,30.4,28.1,+2.3,+0.11,+0.42
166,Arnaut Danjuma,nl NED,"MF,FW",Everton,26,1997,14,595,43,17.4,6.6,5,84,2,9,19,14,0.43,3,10,-7,-1.06,-0.93,8.6,9.8,-1.2,-0.18,-0.18
167,Jayden Danns,eng ENG,FW,Liverpool,17,2006,2,9,5,0.3,0.1,0,,0,2,5,4,3.00,2,0,+2,+20.00,+18.87,0.6,0.1,+0.5,+4.56,+3.47
168,Josh Dasilva,eng ENG,"DF,FW",Brentford,24,1998,3,24,8,0.7,0.3,0,,0,3,8,1,2.00,0,0,0,0.00,+0.24,0.2,0.1,+0.1,+0.32,+0.27
169,David Datro Fofana,ci CIV,FW,Burnley,20,2002,15,879,59,25.7,9.8,10,80,5,5,15,1,0.73,10,18,-8,-0.82,+0.21,13.7,17.2,-3.5,-0.36,+0.57
170,Adam Davies,wls WAL,GK,Sheffield Utd,31,1992,0,,,,,0,,0,0,,18,,,,,,,,,,,
171,Ben Davies,wls WAL,DF,Tottenham,30,1993,17,1090,64,31.9,12.1,12,86,10,5,12,13,1.82,25,21,+4,+0.33,-0.02,22.1,21.8,+0.3,+0.02,-0.15
172,Tom Davies,eng ENG,MF,Sheffield Utd,25,1998,9,221,25,6.5,2.5,2,45,0,7,19,1,0.44,2,11,-9,-3.67,-1.98,3.0,7.1,-4.1,-1.67,-0.70
173,Craig Dawson,eng ENG,DF,Wolves,33,1990,25,2209,88,64.6,24.5,25,88,23,0,,2,1.40,33,38,-5,-0.20,+0.54,32.4,39.4,-7.0,-0.29,+0.75
174,Kevin De Bruyne,be BEL,MF,Manchester City,32,1991,18,1221,68,35.7,13.6,15,77,5,3,21,3,2.67,40,8,+32,+2.36,+1.13,30.8,11.4,+19.4,+1.43,+0.39
175,Luc De Fougerolles,ca CAN,DF,Fulham,17,2005,0,,,,,0,,0,0,,5,,,,,,,,,,,
176,Hannes Delcroix,be BEL,DF,Burnley,24,1999,12,589,49,17.2,6.5,5,86,4,7,23,10,0.67,6,25,-19,-2.90,-2.33,6.3,16.1,-9.8,-1.50,-0.87
177,Leander Dendoncker,be BEL,MF,Aston Villa,28,1995,8,119,15,3.5,1.3,1,85,0,7,5,10,2.25,3,3,0,0.00,-0.41,2.6,1.7,+1.0,+0.72,+0.66
178,Moussa Diaby,fr FRA,"FW,MF",Aston Villa,24,1999,38,2174,57,63.6,24.2,25,75,4,13,23,0,1.79,41,40,+1,+0.04,-0.97,35.9,36.1,-0.1,-0.01,-0.26
179,Amad Diallo,ci CIV,"FW,MF",Manchester Utd,21,2002,9,390,43,11.4,4.3,3,75,0,6,28,8,1.22,10,6,+4,+0.92,+1.07,7.7,7.4,+0.3,+0.07,+0.45
180,Amadou Diallo,eng ENG,MF,Newcastle Utd,20,2003,1,1,1,0.0,0.0,0,,0,1,1,5,3.00,0,0,0,0.00,-0.61,0.0,0.0,0.0,0.00,-0.39
181,Rúben Dias,pt POR,DF,Manchester City,26,1997,30,2559,85,74.8,28.4,28,90,28,2,20,5,2.30,65,28,+37,+1.30,-1.31,62.2,25.4,+36.8,+1.30,+0.45
182,Luis Díaz,co COL,FW,Liverpool,26,1997,37,2629,71,76.9,29.2,32,78,11,5,24,0,2.14,67,33,+34,+1.16,-0.09,66.1,35.4,+30.7,+1.05,-0.24
183,Matt Dibley-Dias,nz NZL,MF,Fulham,19,2004,0,,,,,0,,0,0,,1,,,,,,,,,,,
184,Eric Dier,eng ENG,DF,Tottenham,29,1994,4,201,50,5.9,2.2,1,90,1,3,37,8,1.50,1,8,-7,-3.13,-3.69,2.6,6.9,-4.3,-1.94,-2.19
185,Lucas Digne,fr FRA,DF,Aston Villa,30,1993,33,2410,73,70.5,26.8,27,85,18,6,19,0,1.76,54,41,+13,+0.49,+0.31,43.6,41.9,+1.7,+0.06,-0.08
186,Issa Diop,fr FRA,DF,Fulham,26,1997,18,1424,79,41.6,15.8,16,88,13,2,11,3,1.28,12,25,-13,-0.82,-1.14,16.7,30.3,-13.6,-0.86,-0.93
187,Axel Disasi,fr FRA,DF,Chelsea,25,1998,31,2579,83,75.4,28.7,29,89,27,2,5,4,1.52,50,50,0,0.00,-1.50,56.1,43.1,+12.9,+0.45,+0.08
188,Ben Doak,sct SCO,FW,Liverpool,17,2005,1,14,14,0.4,0.2,0,,0,1,14,8,1.00,0,0,0,0.00,-1.19,0.0,0.0,0.0,+0.24,-0.87
189,Lewis Dobbin,eng ENG,MF,Everton,20,2003,12,232,19,6.8,2.6,1,65,0,11,15,16,0.92,2,3,-1,-0.39,-0.11,5.8,3.9,+1.8,+0.71,+0.79
190,Matt Doherty,ie IRL,"DF,MF",Wolves,31,1992,30,1150,38,33.6,12.8,9,79,4,21,21,8,1.40,17,21,-4,-0.31,+0.12,16.3,23.8,-7.4,-0.58,-0.04
191,Jeremy Doku,be BEL,"FW,MF",Manchester City,21,2002,29,1595,55,46.6,17.7,18,76,7,11,20,2,2.38,50,19,+31,+1.75,+0.22,39.7,16.7,+22.9,+1.29,+0.21
192,Nicolás Domínguez,ar ARG,"MF,FW",Nott'ham Forest,25,1998,26,1495,58,43.7,16.6,19,74,3,7,12,6,0.92,16,27,-11,-0.66,-0.33,18.6,20.8,-2.2,-0.13,-0.08
193,Jamie Donley,eng ENG,FW,Tottenham,18,2005,3,3,1,0.1,0.0,0,,0,3,1,10,2.33,0,1,-1,-30.00,-30.37,0.0,0.5,-0.5,-14.76,-14.90
194,Alfie Dorrington,eng ENG,DF,Tottenham,18,2005,0,,,,,0,,0,0,,10,,,,,,,,,,,
195,Abdoulaye Doucouré,ml MLI,"FW,MF",Everton,30,1993,32,2629,82,76.9,29.2,32,82,17,0,,0,1.44,33,36,-3,-0.10,+0.81,40.3,41.8,-1.5,-0.05,-0.08
196,Cheick Doucouré,ml MLI,MF,Crystal Palace,23,2000,11,919,84,26.9,10.2,11,84,8,0,,1,1.27,9,12,-3,-0.29,-0.37,11.1,13.1,-2.0,-0.19,-0.14
197,Alfie Doughty,eng ENG,DF,Luton Town,23,1999,37,2925,79,85.5,32.5,34,84,18,3,22,0,0.70,46,74,-28,-0.86,+0.05,38.1,66.1,-28.1,-0.86,+0.50
198,Tommy Doyle,eng ENG,MF,Wolves,21,2001,26,1222,47,35.7,13.6,11,82,5,15,22,6,1.08,18,24,-6,-0.44,-0.07,17.7,22.3,-4.6,-0.34,+0.33
199,Radu Drăgușin,ro ROU,DF,Tottenham,21,2002,9,429,48,12.5,4.8,4,90,4,5,14,9,1.89,10,7,+3,+0.63,+0.33,12.8,8.3,+4.5,+0.95,+0.94
200,Martin Dúbravka,sk SVK,GK,Newcastle Utd,34,1989,23,1985,86,58.0,22.1,22,90,22,1,5,14,1.48,48,42,+6,+0.27,-0.79,44.4,43.5,+0.9,+0.04,-0.82
201,Josh Duffus,eng ENG,MF,Brighton,18,2004,0,,,,,0,,0,0,,1,,,,,,,,,,,
202,Paul Dummett,wls WAL,DF,Newcastle Utd,31,1991,5,20,4,0.6,0.2,0,,0,5,4,24,2.60,0,1,-1,-4.50,-5.14,0.4,0.9,-0.5,-2.22,-2.62
203,Lewis Dunk,eng ENG,DF,Brighton,31,1991,33,2869,87,83.9,31.9,33,87,29,0,,0,1.30,49,52,-3,-0.09,+0.56,46.0,46.4,-0.4,-0.01,-0.31
204,Jhon Durán,co COL,"FW,MF",Aston Villa,19,2003,23,475,21,13.9,5.3,3,68,1,20,14,5,1.74,15,12,+3,+0.57,+0.20,8.6,11.3,-2.6,-0.50,-0.68
205,Kiano Dyer,eng ENG,MF,Chelsea,16,2006,0,,,,,0,,0,0,,4,,,,,,,,,,,
206,George Earthy,eng ENG,FW,West Ham,18,2004,3,34,11,1.0,0.4,0,,0,3,11,6,1.00,1,0,+1,+2.65,+3.05,1.2,0.1,+1.0,+2.75,+3.27
207,Malcolm Ebiowei,eng ENG,MF,Crystal Palace,19,2003,0,,,,,0,,0,0,,10,,,,,,,,,,,
208,Ederson,br BRA,GK,Manchester City,29,1993,33,2785,84,81.4,30.9,33,84,29,0,,2,2.36,78,27,+51,+1.65,+0.09,66.8,28.0,+38.7,+1.25,+0.37
209,Odsonne Édouard,fr FRA,"FW,MF",Crystal Palace,25,1998,30,1555,52,45.5,17.3,17,81,5,13,14,3,1.23,14,24,-10,-0.58,-1.01,19.6,20.6,-1.0,-0.06,+0.06
210,John Egan,ie IRL,DF,Sheffield Utd,30,1992,6,482,80,14.1,5.4,6,80,4,0,,0,0.17,4,17,-13,-2.43,-0.71,3.5,14.6,-11.1,-2.06,-1.23
211,CJ Egan-Riley,eng ENG,DF,Burnley,20,2003,0,,,,,0,,0,0,,1,,,,,,,,,,,
212,Hjalmar Ekdal,se SWE,DF,Burnley,24,1998,8,437,55,12.8,4.9,5,75,0,3,21,12,0.88,2,8,-6,-1.24,-0.30,5.1,7.7,-2.6,-0.54,+0.28
213,Anthony Elanga,se SWE,"FW,MF",Nott'ham Forest,21,2002,36,2433,68,71.1,27.0,25,86,15,11,27,0,0.97,40,47,-7,-0.26,+0.74,39.1,39.7,-0.7,-0.02,+0.21
214,Harvey Elliott,eng ENG,"MF,FW",Liverpool,20,2003,34,1352,40,39.5,15.0,11,77,4,23,22,4,2.15,41,13,+28,+1.86,+1.12,37.2,18.6,+18.6,+1.24,+0.22
215,Mohamed Elneny,eg EGY,MF,Arsenal,31,1992,3,28,9,0.8,0.3,0,,0,3,9,13,3.00,1,0,+1,+3.21,+1.60,0.8,0.1,+0.7,+2.24,+0.98
216,Emerson,br BRA,DF,Tottenham,24,1999,22,1161,53,33.9,12.9,11,86,8,11,19,16,1.64,22,31,-9,-0.70,-1.57,18.5,28.3,-9.8,-0.76,-1.34
217,Lander Emery,eng ENG,GK,Aston Villa,20,2003,0,,,,,0,,0,0,,1,,,,,,,,,,,
218,Yunus Emre Konak,tr TUR,MF,Brentford,17,2006,0,,,,,0,,0,0,,1,,,,,,,,,,,
219,Julio Enciso,py PAR,"MF,FW",Brighton,19,2004,12,475,40,13.9,5.3,5,65,0,7,22,1,1.25,8,12,-4,-0.76,-0.67,8.6,9.9,-1.3,-0.25,-0.33
220,Wataru Endo,jp JPN,MF,Liverpool,30,1993,29,1722,59,50.4,19.1,20,79,11,9,15,4,2.21,42,16,+26,+1.36,+0.35,45.5,22.5,+22.9,+1.20,+0.19
221,Christian Eriksen,dk DEN,MF,Manchester Utd,31,1992,22,1141,52,33.4,12.7,12,78,5,10,20,11,1.45,20,27,-7,-0.55,-0.79,19.2,20.1,-0.9,-0.07,+0.39
222,Maxime Estève,fr FRA,DF,Burnley,21,2002,16,1309,82,38.3,14.5,15,84,12,1,45,0,0.75,18,28,-10,-0.69,+0.46,19.4,28.7,-9.3,-0.64,+0.23
223,Pervis Estupiñán,ec ECU,DF,Brighton,25,1998,19,1243,65,36.3,13.8,15,76,9,4,24,1,1.47,23,26,-3,-0.22,-0.05,21.6,25.8,-4.2,-0.30,-0.54
224,Jonny Evans,nir NIR,DF,Manchester Utd,35,1988,23,1392,61,40.7,15.5,15,85,9,8,15,3,1.65,21,24,-3,-0.19,-0.28,18.0,27.4,-9.4,-0.61,-0.47
225,Eberechi Eze,eng ENG,"MF,FW",Crystal Palace,25,1998,27,2055,76,60.1,22.8,24,83,12,3,18,0,1.56,41,28,+13,+0.57,+1.49,32.2,30.9,+1.3,+0.06,+0.36
226,Łukasz Fabiański,pl POL,GK,West Ham,38,1985,10,721,72,21.1,8.0,7,90,7,3,30,27,1.10,11,21,-10,-1.25,-1.11,10.7,16.8,-6.1,-0.76,-0.34
227,Romain Faivre,fr FRA,"MF,FW",Bournemouth,25,1998,5,41,8,1.2,0.5,0,,0,5,8,8,0.40,0,1,-1,-2.20,-1.88,0.6,0.2,+0.5,+1.01,+1.08
228,Ansu Fati,es ESP,"MF,FW",Brighton,20,2002,19,521,27,15.2,5.8,3,50,0,16,23,5,1.26,13,12,+1,+0.17,+0.42,10.2,7.0,+3.2,+0.56,+0.61
229,Felipe,br BRA,DF,Nott'ham Forest,34,1989,7,375,54,11.0,4.2,4,75,2,3,25,5,0.75,4,11,-7,-1.68,-1.35,5.7,6.3,-0.6,-0.14,-0.06
230,Evan Ferguson,ie IRL,FW,Brighton,18,2004,27,1367,51,40.0,15.2,15,71,4,12,25,1,1.48,24,28,-4,-0.26,-0.13,21.5,21.1,+0.4,+0.02,-0.02
231,Bruno Fernandes,pt POR,"MF,FW",Manchester Utd,28,1994,35,3118,89,91.2,34.6,35,89,33,0,,0,1.69,55,52,+3,+0.09,+1.28,53.8,63.3,-9.5,-0.27,+0.61
232,Enzo Fernández,ar ARG,MF,Chelsea,22,2001,28,2209,79,64.6,24.5,26,84,18,2,16,0,1.46,41,47,-6,-0.24,-1.73,43.7,39.4,+4.2,+0.17,-0.73
233,John Fleck,sct SCO,"MF,DF",Sheffield Utd,31,1991,4,92,23,2.7,1.0,1,45,0,3,16,5,0.00,1,5,-4,-3.91,-2.16,1.0,3.0,-2.0,-1.92,-0.94
234,Mark Flekken,nl NED,GK,Brentford,30,1993,37,3285,89,96.1,36.5,37,89,36,0,,0,1.05,53,63,-10,-0.27,-0.94,56.8,54.3,+2.5,+0.07,+0.23
235,Phil Foden,eng ENG,"FW,MF",Manchester City,23,2000,35,2857,82,83.5,31.7,33,85,19,2,25,2,2.34,75,27,+48,+1.51,-0.73,65.4,28.8,+36.6,+1.15,-0.18
236,Wes Foderingham,eng ENG,GK,Sheffield Utd,32,1991,30,2649,88,77.5,29.4,29,90,29,1,39,8,0.43,24,79,-55,-1.87,-0.23,29.0,62.2,-33.2,-1.13,-0.53
237,Pablo Fornals,es ESP,"MF,FW",West Ham,27,1996,15,426,28,12.5,4.7,4,78,2,11,11,6,1.67,6,9,-3,-0.63,-0.30,6.7,9.6,-2.8,-0.60,-0.12
238,Omari Forson,eng ENG,FW,Manchester Utd,19,2004,4,70,18,2.0,0.8,1,52,0,3,6,9,0.75,1,2,-1,-1.29,-1.29,1.4,0.9,+0.5,+0.59,+0.94
239,Fraser Forster,eng ENG,GK,Tottenham,35,1988,0,,,,,0,,0,0,,23,,,,,,,,,,,
240,Lyle Foster,za RSA,"FW,MF",Burnley,22,2000,24,1899,79,55.5,21.1,22,84,10,2,24,0,0.79,22,43,-21,-1.00,-0.05,21.9,41.2,-19.3,-0.92,-0.30
241,Matheus França,br BRA,"MF,FW",Crystal Palace,19,2004,10,232,23,6.8,2.6,1,83,0,9,17,9,0.70,7,7,0,0.00,+0.03,4.3,3.5,+0.8,+0.32,+0.43
242,Aidan Francis,eng ENG,DF,Luton Town,19,2004,0,,,,,0,,0,0,,2,,,,,,,,,,,
243,Tyrese Francois,au AUS,MF,Fulham,23,2000,0,,,,,0,,0,0,,5,,,,,,,,,,,
244,Nathan Fraser,ie IRL,FW,Wolves,18,2005,7,186,27,5.4,2.1,1,76,0,6,18,13,0.57,4,3,+1,+0.48,+0.93,2.8,3.3,-0.5,-0.22,+0.35
245,Benjamin Fredrick,ng NGA,DF,Brentford,18,2005,0,,,,,0,,0,0,,2,,,,,,,,,,,
246,Remo Freuler,ch SUI,MF,Nott'ham Forest,31,1992,0,,,,,0,,0,0,,3,,,,,,,,,,,
247,Cody Gakpo,nl NED,"FW,MF",Liverpool,24,1999,35,1649,47,48.2,18.3,17,73,3,18,23,0,2.23,52,20,+32,+1.75,+1.09,46.4,23.8,+22.6,+1.23,+0.24
248,Conor Gallagher,eng ENG,MF,Chelsea,23,2000,37,3128,85,91.5,34.8,37,85,28,0,,0,1.70,69,55,+14,+0.40,+0.40,67.8,49.8,+18.0,+0.52,+0.99
249,Idrissa Gana Gueye,sn SEN,MF,Everton,33,1989,25,1884,75,55.1,20.9,24,77,12,1,45,3,1.36,23,25,-2,-0.10,+0.43,30.8,28.7,+2.1,+0.10,+0.29
250,Joe Gardner,eng ENG,DF,Nott'ham Forest,18,2005,0,,,,,0,,0,0,,2,,,,,,,,,,,
251,Alejandro Garnacho,ar ARG,FW,Manchester Utd,19,2004,36,2565,71,75.0,28.5,30,82,12,6,19,2,1.50,44,39,+5,+0.18,+0.81,42.0,50.8,-8.8,-0.31,+0.07
252,James Garner,eng ENG,MF,Everton,22,2001,37,3004,81,87.8,33.4,34,86,29,3,22,0,1.22,36,47,-11,-0.33,-0.33,48.5,47.8,+0.7,+0.02,+0.43
253,Joe Gauci,au AUS,GK,Aston Villa,23,2000,0,,,,,0,,0,0,,5,,,,,,,,,,,
254,Tyrique George,eng ENG,FW,Chelsea,17,2006,0,,,,,0,,0,0,,3,,,,,,,,,,,
255,Saman Ghoddos,ir IRN,DF,Brentford,29,1993,19,739,39,21.6,8.2,7,88,5,12,10,13,0.74,10,20,-10,-1.22,-1.25,13.8,12.9,+1.0,+0.12,+0.07
256,Morgan Gibbs-White,eng ENG,"MF,FW",Nott'ham Forest,23,2000,37,3156,85,92.3,35.1,35,88,27,2,38,0,0.97,46,59,-13,-0.37,+1.33,47.2,49.1,-1.9,-0.05,+0.43
257,Bryan Gil,es ESP,"FW,MF",Tottenham,22,2001,11,209,19,6.1,2.3,2,58,0,9,10,13,1.09,4,11,-7,-3.01,-3.57,5.3,7.3,-2.0,-0.85,-1.04
258,Alfie Gilchrist,eng ENG,DF,Chelsea,19,2003,11,207,19,6.1,2.3,2,81,0,9,5,14,2.27,8,6,+2,+0.87,+0.53,6.2,5.4,+0.8,+0.36,-0.08
259,Mark Gillespie,eng ENG,GK,Newcastle Utd,31,1992,0,,,,,0,,0,0,,12,,,,,,,,,,,
260,Billy Gilmour,sct SCO,MF,Brighton,22,2001,30,2120,71,62.0,23.6,24,83,13,6,22,1,1.40,40,37,+3,+0.13,+0.82,40.2,34.5,+5.7,+0.24,+0.54
261,Ben Godfrey,eng ENG,DF,Everton,25,1998,15,1120,75,32.7,12.4,13,86,10,2,1,23,1.07,12,13,-1,-0.08,+0.31,17.4,18.3,-0.9,-0.07,-0.06
262,André Gomes,pt POR,"MF,FW",Everton,30,1993,12,508,42,14.9,5.6,3,73,1,9,32,4,0.92,6,7,-1,-0.18,+0.13,6.2,8.2,-2.0,-0.35,-0.38
263,João Gomes,br BRA,MF,Wolves,22,2001,34,2649,78,77.5,29.4,32,82,18,2,7,1,1.32,38,51,-13,-0.44,-0.21,33.2,53.2,-20.0,-0.68,-0.56
264,Toti Gomes,pt POR,DF,Wolves,24,1999,35,2772,79,81.1,30.8,31,86,23,4,29,3,1.31,42,49,-7,-0.23,+0.88,37.0,53.2,-16.1,-0.52,+0.15
265,Joe Gomez,eng ENG,DF,Liverpool,26,1997,32,1786,56,52.2,19.8,17,85,12,15,23,4,2.22,47,19,+28,+1.41,+0.47,46.9,27.0,+19.9,+1.00,-0.22
266,Sergio Gómez,es ESP,"FW,MF",Manchester City,22,2000,6,53,9,1.5,0.6,0,,0,6,9,26,3.00,3,2,+1,+1.70,+0.07,1.7,1.5,+0.2,+0.30,-0.89
267,Enso Gonzalez,py PAR,"MF,DF",Wolves,18,2005,1,1,1,0.0,0.0,0,,0,1,1,4,0.00,0,0,0,0.00,+0.39,0.1,0.0,+0.1,+5.65,+6.20
268,Charlie Goode,eng ENG,DF,Brentford,27,1995,0,,,,,0,,0,0,,5,,,,,,,,,,,
269,Anthony Gordon,eng ENG,FW,Newcastle Utd,22,2001,35,2890,83,84.5,32.1,34,83,16,1,79,0,1.57,71,48,+23,+0.72,+0.72,62.2,50.4,+11.8,+0.37,-0.11
270,John-Kymani Gordon,eng ENG,"FW,MF",Crystal Palace,20,2003,0,,,,,0,,0,0,,3,,,,,,,,,,,
271,Kaide Gordon,eng ENG,FW,Liverpool,18,2004,1,1,1,0.0,0.0,0,,0,1,1,1,3.00,0,0,0,0.00,-1.18,0.0,0.4,-0.4,-39.59,-40.70
272,Daniel Gore,eng ENG,MF,Manchester Utd,18,2004,1,1,1,0.0,0.0,0,,0,1,1,6,3.00,0,0,0,0.00,+0.03,0.0,0.0,0.0,0.00,+0.33
273,Ryan Gravenberch,nl NED,MF,Liverpool,21,2002,26,1121,43,32.8,12.5,12,68,1,14,22,5,2.23,28,17,+11,+0.88,-0.45,27.0,15.0,+12.0,+0.96,-0.21
274,Ivo Grbić,hr CRO,GK,Sheffield Utd,27,1996,9,771,86,22.5,8.6,9,86,8,0,,5,0.33,11,25,-14,-1.63,+0.23,9.3,14.5,-5.2,-0.60,+0.53
275,Jack Grealish,eng ENG,"FW,MF",Manchester City,27,1995,20,1009,50,29.5,11.2,10,83,7,10,18,9,2.45,26,13,+13,+1.16,-0.67,23.2,12.8,+10.4,+0.92,-0.37
276,Ben Greenwood,ie IRL,DF,Bournemouth,20,2003,0,,,,,0,,0,0,,4,,,,,,,,,,,
277,Harvey Griffiths,eng ENG,MF,Wolves,19,2003,0,,,,,0,,0,0,,2,,,,,,,,,,,
278,Pascal Groß,de GER,"MF,DF",Brighton,32,1991,36,3114,87,91.1,34.6,34,90,32,2,33,0,1.25,50,50,0,0.00,+2.06,52.1,50.3,+1.8,+0.05,+0.18
279,Marc Guéhi,eng ENG,DF,Crystal Palace,23,2000,25,2021,81,59.1,22.5,23,86,19,2,17,0,1.32,30,32,-2,-0.09,-0.15,28.2,30.3,-2.1,-0.09,-0.01
280,Bruno Guimarães,br BRA,MF,Newcastle Utd,25,1997,37,3263,88,95.4,36.3,37,88,31,0,,0,1.62,81,60,+21,+0.58,-0.57,74.0,57.4,+16.7,+0.46,+1.63
281,Malo Gusto,fr FRA,DF,Chelsea,20,2003,27,1751,65,51.2,19.5,19,83,8,8,21,1,1.81,38,27,+11,+0.57,+0.40,40.0,23.5,+16.5,+0.85,+0.86
282,Joško Gvardiol,hr CRO,DF,Manchester City,21,2002,28,2328,83,68.1,25.9,26,87,22,2,30,7,2.50,68,23,+45,+1.74,+0.34,57.4,24.8,+32.7,+1.26,+0.25
283,Erling Haaland,no NOR,FW,Manchester City,23,2000,31,2552,82,74.6,28.4,29,86,20,2,25,1,2.32,65,25,+40,+1.41,-0.87,59.5,26.2,+33.4,+1.18,-0.02
284,Antwoine Hackford,eng ENG,FW,Sheffield Utd,19,2004,2,13,7,0.4,0.1,0,,0,2,7,0,0.00,0,1,-1,-6.92,-5.13,0.0,0.1,-0.1,-0.65,+0.36
285,Lewis Hall,eng ENG,DF,Newcastle Utd,18,2004,18,781,43,22.8,8.7,8,82,3,10,13,15,1.44,23,12,+11,+1.27,+0.86,22.0,12.9,+9.2,+1.06,+0.87
286,Tyrese Hall,eng ENG,MF,Tottenham,17,2005,0,,,,,0,,0,0,,1,,,,,,,,,,,
287,Gustavo Hamer,nl NED,MF,Sheffield Utd,26,1997,36,2910,81,85.1,32.3,34,83,18,2,39,0,0.44,31,83,-52,-1.61,+1.39,34.0,62.5,-28.6,-0.88,+0.84
288,Micah Hamilton,eng ENG,MF,Manchester City,19,2003,0,,,,,0,,0,0,,2,,,,,,,,,,,
289,Owen Hampson,eng ENG,MF,Sheffield Utd,18,2004,0,,,,,0,,0,0,,1,,,,,,,,,,,
290,Luke Harris,wls WAL,MF,Fulham,18,2005,1,75,75,2.2,0.8,0,,0,1,75,4,0.00,1,5,-4,-4.80,-4.75,1.4,2.2,-0.8,-0.92,-0.62
291,Taylan Harris,eng ENG,FW,Luton Town,17,2005,0,,,,,0,,0,0,,1,,,,,,,,,,,
292,Jack Harrison,eng ENG,"MF,FW",Everton,26,1996,29,2214,76,64.7,24.6,25,84,17,4,31,1,1.38,27,26,+1,+0.04,+0.94,32.5,33.6,-1.0,-0.04,-0.03
293,Ollie Harrison,eng ENG,MF,Chelsea,15,2007,0,,,,,0,,0,0,,1,,,,,,,,,,,
294,Daiki Hashioka,jp JPN,DF,Luton Town,24,1999,10,595,60,17.4,6.6,6,77,3,4,33,3,0.40,10,21,-11,-1.66,-0.96,7.5,12.5,-5.0,-0.75,+0.22
295,Kai Havertz,de GER,"MF,FW",Arsenal,24,1999,37,2634,71,77.0,29.3,30,83,18,7,19,0,2.41,77,22,+55,+1.88,+1.08,60.7,20.6,+40.1,+1.37,+0.44
296,Travis Hearnes,no NOR,MF,Newcastle Utd,17,2005,0,,,,,0,,0,0,,1,,,,,,,,,,,
297,Tom Heaton,eng ENG,GK,Manchester Utd,37,1986,0,,,,,0,,0,0,,4,,,,,,,,,,,
298,Jan Paul van Hecke,nl NED,DF,Brighton,23,2000,28,2369,85,69.3,26.3,26,90,26,2,15,4,1.32,40,38,+2,+0.08,+0.85,38.7,37.2,+1.5,+0.06,+0.06
299,Hwang Hee-chan,kr KOR,"FW,MF",Wolves,27,1996,29,2119,73,62.0,23.5,25,80,14,4,32,0,1.31,35,37,-2,-0.08,+0.81,29.2,39.3,-10.1,-0.43,+0.32
300,Dean Henderson,eng ENG,GK,Manchester Utd,26,1997,0,,,,,0,,0,0,,3,,,,,,,,,,,
301,Dean Henderson,eng ENG,GK,Crystal Palace,26,1997,18,1620,90,47.4,18.0,18,90,18,0,,7,1.56,36,30,+6,+0.33,+0.68,23.1,25.6,-2.6,-0.14,-0.10
302,Wayne Hennessey,wls WAL,GK,Nott'ham Forest,36,1987,0,,,,,0,,0,0,,1,,,,,,,,,,,
303,Rico Henry,eng ENG,DF,Brentford,26,1997,5,401,80,11.7,4.5,5,80,4,0,,0,1.20,8,5,+3,+0.67,+1.03,9.8,5.1,+4.7,+1.05,+1.12
304,Owen Hesketh,wls WAL,MF,Wolves,20,2002,0,,,,,0,,0,0,,1,,,,,,,,,,,
305,Son Heung-min,kr KOR,FW,Tottenham,31,1992,35,2934,84,85.8,32.6,34,85,19,1,29,0,1.74,63,51,+12,+0.37,+0.18,59.4,53.9,+5.4,+0.17,+0.29
306,Aaron Hickey,sct SCO,DF,Brentford,21,2002,9,713,79,20.8,7.9,9,79,2,0,,0,1.11,10,12,-2,-0.25,-0.02,10.3,10.3,+0.1,+0.01,-0.07
307,James Hill,eng ENG,DF,Bournemouth,21,2002,5,76,15,2.2,0.8,1,54,0,4,6,10,2.00,1,1,0,0.00,+0.35,1.5,1.3,+0.2,+0.20,+0.27
308,Jack Hinshelwood,eng ENG,DF,Brighton,18,2005,12,869,72,25.4,9.7,8,81,3,4,56,4,1.33,15,17,-2,-0.21,-0.03,16.4,14.5,+1.9,+0.20,+0.22
309,Joseph Hodge,ie IRL,MF,Wolves,20,2002,0,,,,,0,,0,0,,9,,,,,,,,,,,
310,Rob Holding,eng ENG,DF,Crystal Palace,27,1995,0,,,,,0,,0,0,,10,,,,,,,,,,,
311,Mason Holgate,eng ENG,DF,Sheffield Utd,26,1996,10,710,71,20.8,7.9,9,76,4,1,22,2,0.50,11,22,-11,-1.39,+0.53,9.4,14.2,-4.8,-0.61,+0.51
312,Fletcher Holman,eng ENG,FW,Wolves,18,2004,0,,,,,0,,0,0,,3,,,,,,,,,,,
313,Ethan Horvath,us USA,GK,Nott'ham Forest,28,1995,0,,,,,0,,0,0,,4,,,,,,,,,,,
314,Justin Hubner,id IDN,DF,Wolves,19,2003,0,,,,,0,,0,0,,1,,,,,,,,,,,
315,Callum Hudson-Odoi,eng ENG,"FW,MF",Nott'ham Forest,22,2000,29,1854,64,54.2,20.6,20,82,9,9,24,1,0.86,32,41,-9,-0.44,+0.08,32.4,28.2,+4.2,+0.21,+0.64
316,Will Hughes,eng ENG,MF,Crystal Palace,28,1995,30,1891,63,55.3,21.0,23,78,8,7,15,1,1.23,29,38,-9,-0.43,-0.90,23.1,29.4,-6.3,-0.30,-0.47
317,Joe Hugill,eng ENG,FW,Manchester Utd,19,2003,0,,,,,0,,0,0,,1,,,,,,,,,,,
318,Bashir Humphreys,eng ENG,DF,Chelsea,20,2003,0,,,,,0,,0,0,,2,,,,,,,,,,,
319,Mackenzie Hunt,ae UAE,DF,Everton,21,2001,0,,,,,0,,0,0,,17,,,,,,,,,,,
320,Pierre Højbjerg,dk DEN,MF,Tottenham,27,1995,36,1311,36,38.3,14.6,8,83,4,28,23,2,1.81,31,28,+3,+0.21,-0.22,27.6,25.4,+2.2,+0.15,+0.04
321,Rasmus Højlund,dk DEN,FW,Manchester Utd,20,2003,30,2158,72,63.1,24.0,25,81,8,5,26,0,1.60,36,35,+1,+0.04,+0.18,35.1,40.9,-5.8,-0.24,+0.23
322,Bradley Ibrahim,eng ENG,MF,Arsenal,18,2004,0,,,,,0,,0,0,,1,,,,,,,,,,,
323,Igor,br BRA,DF,Brighton,25,1998,24,1637,68,47.9,18.2,17,82,11,7,34,10,1.17,22,26,-4,-0.22,-0.07,26.6,24.3,+2.3,+0.13,+0.17
324,Danny Ings,eng ENG,FW,West Ham,31,1992,20,404,20,11.8,4.5,3,80,1,17,10,18,0.95,5,10,-5,-1.11,-0.85,6.8,10.6,-3.8,-0.85,-0.40
325,Tim Iroegbunam,eng ENG,MF,Aston Villa,20,2003,9,164,18,4.8,1.8,1,62,0,8,13,16,1.44,2,7,-5,-2.74,-3.30,2.0,5.3,-3.3,-1.82,-2.00
326,Alexander Isak,se SWE,FW,Newcastle Utd,23,1999,30,2255,75,65.9,25.1,27,80,13,3,32,1,1.50,51,41,+10,+0.40,-0.61,51.2,43.1,+8.1,+0.32,-0.19
327,Alex Iwobi,ng NGA,MF,Everton,27,1996,2,140,70,4.1,1.6,2,70,1,0,,0,0.00,0,3,-3,-1.93,-1.71,2.9,3.3,-0.3,-0.21,-0.18
328,Alex Iwobi,ng NGA,"FW,MF",Fulham,27,1996,30,2192,73,64.1,24.4,25,81,9,5,34,0,1.27,38,38,0,0.00,+0.44,34.7,33.9,+0.7,+0.03,+0.97
329,Ben Jackson,eng ENG,DF,Brighton,19,2003,0,,,,,0,,0,0,,1,,,,,,,,,,,
330,Louis Jackson,sct SCO,DF,Manchester Utd,17,2005,0,,,,,0,,0,0,,3,,,,,,,,,,,
331,Nicolas Jackson,sn SEN,FW,Chelsea,22,2001,35,2799,80,81.8,31.1,31,86,17,4,31,0,1.63,65,48,+17,+0.55,+0.98,64.3,46.5,+17.7,+0.57,+0.76
332,Karl Jakob Hein,ee EST,GK,Arsenal,21,2002,0,,,,,0,,0,0,,5,,,,,,,,,,,
333,Reece James,eng ENG,DF,Chelsea,23,1999,10,419,42,12.3,4.7,5,62,0,5,21,0,1.20,8,11,-3,-0.64,-1.15,8.1,9.6,-1.5,-0.33,-0.87
334,Vitaly Janelt,de GER,"MF,DF",Brentford,25,1998,38,3054,80,89.3,33.9,37,82,16,1,18,0,1.03,50,52,-2,-0.06,+1.66,50.8,47.7,+3.1,+0.09,+0.31
335,Daniel Jebbison,eng ENG,FW,Sheffield Utd,19,2003,1,21,21,0.6,0.2,0,,0,1,21,0,0.00,0,0,0,0.00,+1.83,0.1,1.0,-0.9,-3.85,-2.85
336,Mathias Jensen,dk DEN,MF,Brentford,27,1996,32,2204,69,64.4,24.5,27,77,5,5,27,0,1.09,37,45,-8,-0.33,-0.25,34.8,36.8,-2.1,-0.08,-0.40
337,Gabriel Jesus,br BRA,FW,Arsenal,26,1997,27,1478,55,43.2,16.4,17,78,4,10,16,3,2.19,29,11,+18,+1.10,-0.94,31.3,11.4,+19.9,+1.21,-0.10
338,Raúl Jiménez,mx MEX,FW,Fulham,32,1991,24,1395,58,40.8,15.5,18,71,4,6,19,5,1.25,25,26,-1,-0.06,+0.16,17.3,28.8,-11.5,-0.74,-0.71
339,Kim Jisoo,kr KOR,DF,Brentford,18,2004,0,,,,,0,,0,0,,8,,,,,,,,,,,
340,João Pedro,br BRA,"FW,MF",Brighton,21,2001,31,2045,66,59.8,22.7,19,85,9,12,36,0,1.29,32,38,-6,-0.26,-0.20,36.3,32.0,+4.2,+0.19,+0.37
341,Joelinton,br BRA,"MF,FW",Newcastle Utd,26,1996,20,1279,64,37.4,14.2,15,79,8,5,18,0,1.45,26,23,+3,+0.21,-0.63,26.6,24.7,+1.9,+0.13,-0.41
342,Ryan John Giles,eng ENG,"DF,MF",Luton Town,23,2000,11,503,46,14.7,5.6,5,81,2,6,17,9,0.64,5,14,-9,-1.61,-0.87,5.3,13.3,-8.1,-1.44,-0.60
343,Ben Johnson,eng ENG,"DF,FW",West Ham,23,2000,14,544,39,15.9,6.0,4,90,4,10,18,11,1.14,5,16,-11,-1.82,-1.73,7.4,12.5,-5.1,-0.85,-0.42
344,Brennan Johnson,wls WAL,FW,Tottenham,22,2001,32,2085,65,61.0,23.2,23,79,8,9,31,0,1.56,49,37,+12,+0.52,+0.45,42.1,40.6,+1.5,+0.06,-0.16
345,Brennan Johnson,wls WAL,"FW,MF",Nott'ham Forest,22,2001,3,237,79,6.9,2.6,3,79,0,0,,0,1.00,4,5,-1,-0.38,+0.10,2.9,2.8,+0.1,+0.03,+0.13
346,Joseph Johnson,eng ENG,DF,Luton Town,17,2006,2,77,39,2.3,0.9,0,,0,2,39,17,0.00,2,5,-3,-3.51,-2.70,1.5,1.8,-0.3,-0.37,+0.58
347,Sam Johnstone,eng ENG,GK,Crystal Palace,30,1993,20,1796,90,52.5,20.0,20,90,19,0,,4,1.05,21,27,-6,-0.30,-0.58,25.2,26.3,-1.1,-0.05,+0.07
348,Curtis Jones,eng ENG,MF,Liverpool,22,2001,23,1167,51,34.1,13.0,14,70,4,9,20,4,1.96,31,17,+14,+1.08,-0.16,31.7,15.5,+16.2,+1.25,+0.22
349,Jorginho,it ITA,MF,Arsenal,31,1991,24,921,38,26.9,10.2,10,78,3,14,10,13,2.42,25,11,+14,+1.37,-0.36,21.2,8.2,+13.0,+1.27,+0.01
350,Diogo Jota,pt POR,FW,Liverpool,26,1996,21,1145,55,33.5,12.7,14,71,3,7,22,1,2.29,34,10,+24,+1.89,+1.06,28.5,14.0,+14.5,+1.14,+0.05
351,Mads Juel Andersen,dk DEN,DF,Luton Town,25,1997,8,400,50,11.7,4.4,4,78,2,4,22,4,1.13,2,6,-4,-0.90,-0.04,3.5,7.3,-3.8,-0.86,+0.08
352,Hamed Junior Traorè,ci CIV,MF,Bournemouth,23,2000,3,47,16,1.4,0.5,0,,0,3,16,7,0.00,0,1,-1,-1.91,-1.59,1.3,0.8,+0.5,+0.93,+1.00
353,Mathias Jørgensen,dk DEN,DF,Brentford,33,1990,14,1087,78,31.8,12.1,12,90,11,2,4,23,0.57,16,24,-8,-0.66,-0.62,14.8,19.7,-4.9,-0.41,-0.68
354,Issa Kaboré,bf BFA,DF,Luton Town,22,2001,24,1729,72,50.6,19.2,21,79,13,3,24,4,0.58,23,39,-16,-0.83,+0.07,18.2,36.8,-18.7,-0.97,-0.07
355,Sasa Kalajdzic,at AUT,FW,Wolves,26,1997,11,166,15,4.9,1.8,1,60,0,10,11,9,1.09,6,2,+4,+2.17,+2.69,5.5,2.7,+2.8,+1.50,+2.16
356,Boubacar Kamara,fr FRA,MF,Aston Villa,23,1999,20,1652,83,48.3,18.4,20,83,10,0,,0,2.05,36,22,+14,+0.76,+0.71,31.1,24.7,+6.4,+0.35,+0.50
357,Willy Kambwala,fr FRA,DF,Manchester Utd,18,2004,8,330,41,9.6,3.7,3,88,2,5,13,8,1.00,5,10,-5,-1.36,-1.48,3.3,8.3,-5.0,-1.37,-1.16
358,Thomas Kaminski,be BEL,GK,Luton Town,30,1992,38,3405,90,99.6,37.8,38,90,37,0,,0,0.68,52,85,-33,-0.87,-0.87,42.1,77.6,-35.4,-0.94,-0.34
359,Loris Karius,de GER,GK,Newcastle Utd,30,1993,1,90,90,2.6,1.0,1,90,1,0,,21,0.00,1,4,-3,-3.00,-3.70,0.2,2.8,-2.7,-2.69,-3.16
360,Leigh Kavanagh,ie IRL,DF,Brighton,19,2003,0,,,,,0,,0,0,,4,,,,,,,,,,,
361,Michael Keane,eng ENG,DF,Everton,30,1993,9,439,49,12.8,4.9,4,83,3,5,21,26,0.67,2,13,-11,-2.26,-2.26,5.6,10.2,-4.6,-0.95,-1.06
362,Thilo Kehrer,de GER,"DF,MF",West Ham,26,1996,4,22,6,0.6,0.2,0,,0,4,6,14,1.75,0,1,-1,-4.09,-3.75,0.5,0.5,+0.1,+0.29,+0.79
363,Caoimhín Kelleher,ie IRL,GK,Liverpool,24,1998,10,900,90,26.3,10.0,10,90,10,0,,27,2.60,26,11,+15,+1.50,+0.43,25.7,10.3,+15.4,+1.54,+0.58
364,Lloyd Kelly,eng ENG,DF,Bournemouth,24,1998,23,1559,68,45.6,17.3,17,83,12,6,25,0,1.13,22,32,-10,-0.58,-0.43,24.4,25.0,-0.6,-0.03,+0.04
365,Omari Kellyman,eng ENG,FW,Aston Villa,17,2005,2,37,19,1.1,0.4,0,,0,2,19,10,0.00,0,1,-1,-2.43,-2.86,0.1,0.9,-0.9,-2.14,-2.25
366,Milos Kerkez,hu HUN,DF,Bournemouth,19,2003,28,1970,70,57.6,21.9,22,83,11,6,25,3,1.14,25,37,-12,-0.55,-0.49,29.8,35.4,-5.6,-0.26,-0.47
367,Kaine Kesler-Hayden,eng ENG,"MF,DF",Aston Villa,20,2002,3,6,2,0.2,0.1,0,,0,3,2,14,2.00,0,0,0,0.00,-0.40,0.0,0.1,-0.1,-1.66,-1.75
368,Gavin Kilkenny,ie IRL,MF,Bournemouth,23,2000,0,,,,,0,,0,0,,7,,,,,,,,,,,
369,Max Kilman,eng ENG,DF,Wolves,26,1997,38,3420,90,100.0,38.0,38,90,38,0,,0,1.21,50,65,-15,-0.39,,46.7,67.7,-21.0,-0.55,
370,Joshua King,eng ENG,MF,Fulham,16,2007,0,,,,,0,,0,0,,2,,,,,,,,,,,
371,Tom King,wls WAL,GK,Wolves,28,1995,0,,,,,0,,0,0,,4,,,,,,,,,,,
372,Jakub Kiwior,pl POL,DF,Arsenal,23,2000,20,946,47,27.7,10.5,11,80,7,9,7,18,2.65,39,8,+31,+2.95,+1.82,24.8,5.4,+19.4,+1.85,+0.80
373,Justin Kluivert,nl NED,"MF,FW",Bournemouth,24,1999,32,1916,60,56.0,21.3,26,68,0,6,24,6,1.22,29,23,+6,+0.28,+1.42,33.5,28.7,+4.9,+0.23,+0.65
374,Luca Koleosho,it ITA,"MF,FW",Burnley,18,2004,15,974,65,28.5,10.8,13,69,0,2,38,0,0.47,11,23,-12,-1.11,-0.19,9.0,15.4,-6.5,-0.60,+0.26
375,Ibrahima Konaté,fr FRA,DF,Liverpool,24,1999,22,1574,72,46.0,17.5,17,87,14,5,20,11,2.00,38,18,+20,+1.14,-0.08,41.3,21.9,+19.4,+1.11,+0.01
376,Ezri Konsa,eng ENG,DF,Aston Villa,25,1997,35,3069,88,89.7,34.1,35,88,30,0,,0,1.77,68,54,+14,+0.41,+0.15,55.1,52.2,+2.9,+0.08,-0.05
377,Lewis Koumas,wls WAL,MF,Liverpool,17,2005,0,,,,,0,,0,0,,3,,,,,,,,,,,
378,Cheikhou Kouyaté,sn SEN,MF,Nott'ham Forest,33,1989,12,212,18,6.2,2.4,2,64,0,10,8,18,1.33,1,6,-5,-2.12,-1.76,1.4,5.9,-4.5,-1.91,-1.95
379,Mateo Kovačić,hr CRO,MF,Manchester City,29,1994,30,1551,52,45.4,17.2,16,81,7,14,18,4,2.43,45,14,+31,+1.80,+0.31,35.7,14.4,+21.3,+1.24,+0.10
380,Emil Krafth,se SWE,DF,Newcastle Utd,28,1994,17,913,54,26.7,10.1,8,90,8,9,21,11,1.71,26,15,+11,+1.08,+0.65,24.8,12.8,+12.0,+1.18,+1.09
381,Tim Krul,nl NED,GK,Luton Town,35,1988,0,,,,,0,,0,0,,37,,,,,,,,,,,
382,Mohammed Kudus,gh GHA,"FW,MF",West Ham,22,2000,33,2484,75,72.6,27.6,27,88,18,6,17,0,1.30,42,61,-19,-0.69,-1.17,36.1,49.0,-12.9,-0.47,+0.09
383,Dejan Kulusevski,se SWE,"FW,MF",Tottenham,23,2000,36,2762,77,80.8,30.7,31,85,21,5,26,0,1.72,57,46,+11,+0.36,+0.08,55.0,48.7,+6.3,+0.20,+0.41
384,Levi Laing,eng ENG,DF,West Ham,20,2003,0,,,,,0,,0,0,,1,,,,,,,,,,,
385,Adam Lallana,eng ENG,"MF,FW",Brighton,35,1988,25,850,34,24.9,9.4,13,53,0,12,13,8,1.24,12,13,-1,-0.11,+0.10,10.9,11.7,-0.8,-0.08,-0.16
386,Tariq Lamptey,gh GHA,"DF,FW",Brighton,22,2000,19,914,48,26.7,10.2,10,67,1,9,27,0,1.32,12,20,-8,-0.79,-0.82,11.1,14.6,-3.5,-0.35,-0.53
387,Aymeric Laporte,es ESP,DF,Manchester City,29,1994,1,12,12,0.4,0.1,0,,0,1,12,0,3.00,0,0,0,0.00,-1.64,0.1,0.1,+0.1,+0.57,-0.62
388,Yasser Larouci,dz ALG,DF,Sheffield Utd,22,2001,11,531,48,15.5,5.9,6,61,0,5,33,23,0.18,5,11,-6,-1.02,+0.95,3.8,13.6,-9.9,-1.67,-0.78
389,Jamaal Lascelles,eng ENG,DF,Newcastle Utd,29,1993,16,1080,68,31.6,12.0,13,80,9,3,15,10,1.44,23,15,+8,+0.67,+0.09,24.5,17.5,+7.1,+0.59,+0.30
390,Roméo Lavia,be BEL,MF,Chelsea,19,2004,1,33,33,1.0,0.4,0,,0,1,33,1,3.00,1,0,+1,+2.73,+2.38,1.6,0.3,+1.3,+3.63,+3.23
391,Mario Lemina,ga GAB,MF,Wolves,29,1993,35,2968,85,86.8,33.0,34,86,26,1,40,0,1.14,43,55,-12,-0.36,+0.23,40.5,59.0,-18.6,-0.56,-0.08
392,Noha Lemina,fr FRA,FW,Wolves,18,2005,0,,,,,0,,0,0,,5,,,,,,,,,,,
393,Clément Lenglet,fr FRA,DF,Aston Villa,28,1995,14,1153,82,33.7,12.8,14,82,11,0,,20,1.29,22,27,-5,-0.39,-1.18,20.4,23.4,-3.0,-0.23,-0.49
394,Bernd Leno,de GER,GK,Fulham,31,1992,38,3420,90,100.0,38.0,38,90,38,0,,0,1.24,55,61,-6,-0.16,,50.8,62.9,-12.1,-0.32,
395,Jefferson Lerma,co COL,"MF,DF",Crystal Palace,28,1994,28,2400,86,70.2,26.7,27,88,22,1,15,0,1.07,32,46,-14,-0.52,-1.67,31.7,37.5,-5.8,-0.22,-0.42
396,Rico Lewis,eng ENG,"DF,MF",Manchester City,18,2004,16,809,51,23.7,9.0,8,83,4,8,19,22,2.25,26,9,+17,+1.89,+0.34,19.1,9.0,+10.1,+1.12,-0.08
397,Keane Lewis-Potter,eng ENG,"FW,DF",Brentford,22,2001,30,1441,48,42.1,16.0,15,78,2,15,18,3,0.93,24,29,-5,-0.31,-0.13,26.4,20.9,+5.4,+0.34,+0.49
398,Myles Lewis-Skelly,eng ENG,MF,Arsenal,16,2006,0,,,,,0,,0,0,,1,,,,,,,,,,,
399,Victor Lindelöf,se SWE,DF,Manchester Utd,29,1994,19,1328,70,38.8,14.8,14,82,7,5,37,2,1.95,18,16,+2,+0.14,+0.26,24.7,26.0,-1.3,-0.09,+0.39
400,Valentino Livramento,eng ENG,DF,Newcastle Utd,20,2002,26,1314,51,38.4,14.6,12,84,8,14,22,7,1.73,31,27,+4,+0.27,-0.54,29.7,28.5,+1.3,+0.09,-0.48
401,Giovani Lo Celso,ar ARG,MF,Tottenham,27,1996,22,506,23,14.8,5.6,4,78,0,18,11,6,1.32,12,12,0,0.00,-0.40,12.6,12.5,+0.1,+0.02,-0.13
402,Tom Lockyer,wls WAL,DF,Luton Town,28,1994,14,1169,84,34.2,13.0,14,84,10,0,,0,0.64,12,23,-11,-0.85,+0.03,12.7,27.0,-14.3,-1.10,-0.25
403,Andy Lonergan,ie IRL,GK,Everton,39,1983,0,,,,,0,,0,0,,10,,,,,,,,,,,
404,Sean Longstaff,eng ENG,MF,Newcastle Utd,25,1997,35,2747,78,80.3,30.5,30,88,25,5,24,0,1.54,74,50,+24,+0.79,+0.92,61.9,50.4,+11.5,+0.38,-0.04
405,Max Lowe,eng ENG,"DF,MF",Sheffield Utd,26,1997,10,503,50,14.7,5.6,4,71,1,6,37,3,0.70,6,12,-6,-1.07,+0.87,7.0,11.0,-4.0,-0.71,+0.35
406,Douglas Luiz,br BRA,MF,Aston Villa,25,1998,35,2993,86,87.5,33.3,35,86,26,0,,0,1.69,65,57,+8,+0.24,-1.23,56.4,52.7,+3.7,+0.11,+0.18
407,Jayden Luker,eng ENG,MF,Luton Town,18,2005,0,,,,,0,,0,0,,4,,,,,,,,,,,
408,Saša Lukić,rs SRB,MF,Fulham,26,1996,24,1122,47,32.8,12.5,13,77,5,11,12,9,1.08,14,20,-6,-0.48,-0.48,16.7,22.6,-5.9,-0.47,-0.23
409,Ian Maatsen,nl NED,"FW,MF",Chelsea,21,2002,12,209,17,6.1,2.3,1,57,0,11,14,8,1.67,2,5,-3,-1.29,-1.77,4.5,5.2,-0.6,-0.28,-0.76
410,Alexis Mac Allister,ar ARG,MF,Liverpool,24,1998,33,2599,79,76.0,28.9,31,83,17,2,17,0,2.15,62,34,+28,+0.97,-0.89,66.1,34.9,+31.2,+1.08,-0.11
411,James Maddison,eng ENG,MF,Tottenham,26,1996,28,2135,76,62.4,23.7,26,80,4,2,29,0,1.86,46,31,+15,+0.63,+0.77,41.9,33.2,+8.7,+0.37,+0.64
412,Noni Madueke,eng ENG,FW,Chelsea,21,2002,23,1053,46,30.8,11.7,13,70,2,10,14,10,1.74,28,19,+9,+0.77,+0.58,23.8,18.3,+5.6,+0.48,+0.06
413,Gabriel Magalhães,br BRA,DF,Arsenal,25,1997,36,3044,85,89.0,33.8,34,89,32,2,13,2,2.36,78,26,+52,+1.54,-0.86,65.0,25.7,+39.3,+1.16,-0.98
414,Harry Maguire,eng ENG,DF,Manchester Utd,30,1993,22,1653,75,48.3,18.4,18,88,17,4,20,3,1.68,33,29,+4,+0.22,+0.47,30.6,36.1,-5.5,-0.30,+0.05
415,Kobbie Mainoo,eng ENG,MF,Manchester Utd,18,2005,24,1924,80,56.3,21.4,24,80,7,0,,5,1.50,33,31,+2,+0.09,+0.27,28.4,42.4,-14.0,-0.65,-0.74
416,Orel Mangala,be BEL,MF,Nott'ham Forest,25,1998,20,1563,78,45.7,17.4,19,82,10,1,4,1,0.85,16,31,-15,-0.86,-0.72,17.3,24.7,-7.4,-0.43,-0.62
417,Javier Manquillo,es ESP,DF,Newcastle Utd,29,1994,0,,,,,0,,0,0,,1,,,,,,,,,,,
418,Benson Manuel,ao ANG,"MF,FW",Burnley,26,1997,8,116,15,3.4,1.3,1,45,0,7,10,13,0.13,0,5,-5,-3.88,-3.01,0.5,4.3,-3.8,-3.00,-2.29
419,Solly March,eng ENG,"FW,DF",Brighton,29,1994,7,554,79,16.2,6.2,7,79,2,0,,1,1.43,13,11,+2,+0.32,+0.61,11.3,10.0,+1.2,+0.20,+0.19
420,Emiliano Marcondes,dk DEN,"FW,MF",Bournemouth,28,1995,0,,,,,0,,0,0,,1,,,,,,,,,,,
421,Louie Marsh,eng ENG,FW,Sheffield Utd,19,2003,0,,,,,0,,0,0,,4,,,,,,,,,,,
422,Callum Marshall,nir NIR,FW,West Ham,18,2004,0,,,,,0,,0,0,,1,,,,,,,,,,,
423,Filip Marshall,eng ENG,GK,Aston Villa,20,2003,0,,,,,0,,0,0,,10,,,,,,,,,,,
424,Anthony Martial,fr FRA,FW,Manchester Utd,27,1995,13,448,34,13.1,5.0,5,65,0,8,16,3,1.38,11,6,+5,+1.00,+1.19,7.5,8.0,-0.4,-0.09,+0.27
425,Gabriel Martinelli,br BRA,FW,Arsenal,22,2001,35,2019,58,59.0,22.4,24,74,4,11,22,0,2.34,52,23,+29,+1.29,-0.83,43.8,14.5,+29.3,+1.30,+0.09
426,Emiliano Martínez,ar ARG,GK,Aston Villa,30,1992,34,3015,89,88.2,33.5,34,89,33,0,,0,1.91,72,48,+24,+0.72,+2.72,58.8,49.8,+9.0,+0.27,+1.52
427,Lisandro Martínez,ar ARG,DF,Manchester Utd,25,1998,11,646,59,18.9,7.2,8,74,2,3,19,0,1.82,12,12,0,0.00,+0.03,11.0,11.5,-0.5,-0.07,+0.32
428,Dominic Martins,pt POR,MF,Luton Town,17,2005,0,,,,,0,,0,0,,2,,,,,,,,,,,
429,Han-Noah Massengo,fr FRA,"MF,DF",Burnley,22,2001,3,16,5,0.5,0.2,0,,0,3,5,5,0.33,2,0,+2,+11.25,+12.28,1.1,0.7,+0.4,+2.43,+3.23
430,Pape Matar Sarr,sn SEN,MF,Tottenham,20,2002,34,2069,61,60.5,23.0,27,71,4,7,23,0,1.79,40,27,+13,+0.57,+0.57,37.6,34.2,+3.4,+0.15,+0.05
431,Jean-Philippe Mateta,fr FRA,FW,Crystal Palace,26,1997,35,2282,65,66.7,25.4,25,83,13,10,21,2,1.23,46,44,+2,+0.08,+0.32,33.5,38.8,-5.3,-0.21,-0.35
432,Roshaun Mathurin,eng ENG,FW,Crystal Palace,19,2004,0,,,,,0,,0,0,,2,,,,,,,,,,,
433,Joël Matip,cm CMR,DF,Liverpool,31,1991,10,781,78,22.8,8.7,9,84,6,1,25,4,2.30,20,9,+11,+1.27,+0.11,16.6,11.3,+5.3,+0.61,-0.64
434,Alex Matos,eng ENG,MF,Chelsea,18,2004,1,1,1,0.0,0.0,0,,0,1,1,12,3.00,0,0,0,0.00,-0.37,0.0,0.0,0.0,0.00,-0.43
435,Remi Matthews,eng ENG,GK,Crystal Palace,29,1994,1,4,4,0.1,0.0,0,,0,1,4,28,0.00,0,1,-1,-22.50,-22.50,0.3,0.1,+0.2,+5.54,+5.64
436,Neal Maupay,fr FRA,FW,Brentford,26,1996,29,1321,46,38.6,14.7,13,83,5,16,15,2,0.97,24,35,-11,-0.75,-0.84,24.1,25.1,-1.0,-0.07,-0.21
437,Neal Maupay,fr FRA,FW,Everton,26,1996,2,111,56,3.2,1.2,1,71,0,1,40,1,0.00,0,2,-2,-1.62,-1.38,2.8,1.5,+1.3,+1.08,+1.15
438,Konstantinos Mavropanos,gr GRE,DF,West Ham,25,1997,19,1500,79,43.9,16.7,16,88,15,3,30,10,1.32,27,27,0,0.00,+0.66,23.7,29.4,-5.7,-0.34,+0.27
439,Kevin Mbabu,ch SUI,"DF,MF",Fulham,28,1995,0,,,,,0,,0,0,,3,,,,,,,,,,,
440,Bryan Mbeumo,cm CMR,FW,Brentford,23,1999,25,1960,78,57.3,21.8,22,87,18,3,17,0,1.28,37,31,+6,+0.28,+1.20,36.2,28.3,+8.0,+0.37,+0.72
441,James Mcatee,eng ENG,"MF,FW",Sheffield Utd,20,2002,30,1822,61,53.3,20.2,20,78,7,10,25,2,0.50,19,65,-46,-2.27,-0.98,21.8,39.9,-18.0,-0.89,+0.25
442,James Mcatee,eng ENG,MF,Manchester City,20,2002,1,1,1,0.0,0.0,0,,0,1,1,2,3.00,0,0,0,0.00,-1.63,0.0,0.0,0.0,+3.22,+2.04
443,John Mcatee,eng ENG,"FW,MF",Luton Town,24,1999,0,,,,,0,,0,0,,1,,,,,,,,,,,
444,Oliver McBurnie,sct SCO,FW,Sheffield Utd,27,1996,21,1280,61,37.4,14.2,15,75,6,6,25,3,0.29,20,40,-20,-1.41,+0.65,18.2,25.8,-7.6,-0.53,+0.76
445,James McConnell,eng ENG,MF,Liverpool,18,2004,3,4,1,0.1,0.0,0,,0,3,1,15,3.00,1,0,+1,+22.50,+21.34,0.2,0.0,+0.2,+3.67,+2.57
446,Jamie McDonnell,nir NIR,MF,Nott'ham Forest,19,2004,0,,,,,0,,0,0,,1,,,,,,,,,,,
447,John McGinn,sct SCO,"MF,FW",Aston Villa,28,1994,35,2999,86,87.7,33.3,35,86,24,0,,0,1.83,68,52,+16,+0.48,+0.69,56.6,48.6,+8.0,+0.24,+1.22
448,Callan Mckenna,sct SCO,GK,Bournemouth,16,2006,0,,,,,0,,0,0,,3,,,,,,,,,,,
449,Scott McKenna,sct SCO,DF,Nott'ham Forest,26,1996,5,416,83,12.2,4.6,5,83,4,0,,1,1.40,7,6,+1,+0.22,+0.79,5.0,5.7,-0.7,-0.14,-0.06
450,Dwight McNeil,eng ENG,"MF,FW",Everton,23,1999,35,2892,83,84.6,32.1,33,86,24,2,22,0,1.37,37,39,-2,-0.06,+1.47,43.3,44.6,-1.3,-0.04,-0.06
451,Scott McTominay,sct SCO,"MF,FW",Manchester Utd,26,1996,32,1901,59,55.6,21.1,18,88,16,14,23,2,1.81,31,30,+1,+0.05,+0.17,31.7,39.5,-7.8,-0.37,-0.09
452,Ben Mee,eng ENG,DF,Brentford,33,1989,16,1272,80,37.2,14.1,15,85,11,1,1,2,0.81,16,26,-10,-0.71,-0.75,18.6,23.8,-5.2,-0.37,-0.68
453,Dermot Mee,nir NIR,GK,Manchester Utd,20,2002,0,,,,,0,,0,0,,1,,,,,,,,,,,
454,Hannibal Mejbri,tn TUN,"MF,FW",Manchester Utd,20,2003,5,133,27,3.9,1.5,1,90,1,4,11,9,2.00,2,1,+1,+0.68,+0.73,1.4,3.0,-1.6,-1.10,-0.81
455,Teden Mengi,eng ENG,DF,Luton Town,21,2002,30,2469,82,72.2,27.4,28,86,25,2,34,3,0.73,37,59,-22,-0.80,+0.24,27.3,54.7,-27.4,-1.00,-0.23
456,Chris Mepham,wls WAL,DF,Bournemouth,25,1997,10,617,62,18.0,6.9,6,83,5,4,31,14,1.60,13,16,-3,-0.44,-0.12,11.9,9.7,+2.3,+0.33,+0.47
457,Jenson Metcalfe,eng ENG,MF,Everton,18,2004,0,,,,,0,,0,0,,4,,,,,,,,,,,
458,Lewis Miley,eng ENG,MF,Newcastle Utd,17,2006,17,1202,71,35.1,13.4,14,80,6,3,29,1,1.18,26,29,-3,-0.22,-1.28,22.5,30.1,-7.6,-0.57,-1.47
459,James Milner,eng ENG,"DF,MF",Brighton,37,1986,15,773,52,22.6,8.6,11,63,1,4,20,2,1.47,10,12,-2,-0.23,-0.06,14.4,12.1,+2.2,+0.26,+0.29
460,Tyrone Mings,eng ENG,DF,Aston Villa,30,1993,1,30,30,0.9,0.3,1,30,0,0,,0,0.00,1,2,-1,-3.00,-3.42,0.3,1.1,-0.8,-2.43,-2.54
461,Tyrick Mitchell,eng ENG,"DF,MF",Crystal Palace,23,1999,37,3204,87,93.7,35.6,37,87,31,0,,0,1.32,52,55,-3,-0.08,-0.92,44.9,49.0,-4.0,-0.11,-0.38
462,Kaoru Mitoma,jp JPN,FW,Brighton,26,1997,19,1486,78,43.5,16.5,15,88,12,4,42,0,1.42,32,27,+5,+0.30,+0.86,29.2,23.8,+5.4,+0.32,+0.51
463,Aleksandar Mitrović,rs SRB,FW,Fulham,28,1994,1,33,33,1.0,0.4,0,,0,1,33,0,3.00,1,0,+1,+2.73,+2.91,1.2,0.6,+0.7,+1.79,+2.13
464,Jakub Moder,pl POL,"MF,DF",Brighton,24,1999,17,618,36,18.1,6.9,6,73,1,11,16,10,1.35,6,13,-7,-1.02,-1.02,7.7,12.9,-5.2,-0.75,-0.97
465,Gonzalo Montiel,ar ARG,DF,Nott'ham Forest,26,1997,14,801,57,23.4,8.9,8,77,2,6,32,10,1.29,13,11,+2,+0.22,+0.91,13.5,11.1,+2.4,+0.27,+0.47
466,Kieffer Moore,wls WAL,"FW,MF",Bournemouth,30,1992,8,108,14,3.2,1.2,0,,0,8,14,8,0.88,3,2,+1,+0.83,+1.21,4.7,2.5,+2.2,+1.85,+1.97
467,Mikey Moore,eng ENG,MF,Tottenham,15,2007,2,4,2,0.1,0.0,0,,0,2,2,3,1.50,0,0,0,0.00,-0.34,0.0,0.1,0.0,-0.37,-0.49
468,Diego Moreira,pt POR,MF,Chelsea,18,2004,0,,,,,0,,0,0,,1,,,,,,,,,,,
469,Álex Moreno,es ESP,DF,Aston Villa,30,1993,21,1031,49,30.1,11.5,11,80,5,10,16,4,1.67,24,20,+4,+0.35,-0.07,20.3,18.2,+2.1,+0.18,+0.13
470,Carlton Morris,eng ENG,"FW,MF",Luton Town,27,1995,38,2862,75,83.7,31.8,32,86,22,6,21,0,0.68,40,72,-32,-1.01,-0.84,35.1,66.3,-31.3,-0.98,-0.29
471,Yerson Mosquera,co COL,DF,Wolves,22,2001,0,,,,,0,,0,0,,1,,,,,,,,,,,
472,Mason Mount,eng ENG,"MF,FW",Manchester Utd,24,1999,14,516,37,15.1,5.7,5,74,0,9,16,0,1.36,3,13,-10,-1.74,-2.02,7.0,10.3,-3.3,-0.58,-0.29
473,Fabian Mrozek,pl POL,GK,Liverpool,19,2003,0,,,,,0,,0,0,,1,,,,,,,,,,,
474,Divin Mubama,eng ENG,FW,West Ham,18,2004,5,80,16,2.3,0.9,0,,0,5,16,26,1.60,2,2,0,0.00,+0.38,1.3,2.6,-1.3,-1.46,-0.99
475,Mykhailo Mudryk,ua UKR,FW,Chelsea,22,2001,31,1576,51,46.1,17.5,18,71,2,13,23,4,1.52,40,28,+12,+0.69,+0.59,37.0,25.0,+12.0,+0.68,+0.47
476,Rodrigo Muniz,br BRA,FW,Fulham,22,2001,26,1593,61,46.6,17.7,18,80,7,8,18,7,1.04,24,27,-3,-0.17,-0.02,25.5,26.1,-0.6,-0.04,+0.53
477,Daniel Muñoz,co COL,"DF,MF",Crystal Palace,27,1996,16,1439,90,42.1,16.0,16,90,15,0,,0,1.56,32,22,+10,+0.63,+1.13,22.5,19.3,+3.2,+0.20,+0.50
478,Finley Munroe,eng ENG,MF,Aston Villa,18,2005,1,4,4,0.1,0.0,0,,0,1,4,2,0.00,0,0,0,0.00,-0.40,0.0,0.0,0.0,0.00,-0.09
479,Arijanet Muric,xk KVX,GK,Burnley,24,1998,10,900,90,26.3,10.0,10,90,10,0,,25,1.00,14,16,-2,-0.20,+1.05,15.0,21.0,-5.9,-0.59,+0.26
480,Murillo,br BRA,DF,Nott'ham Forest,21,2002,32,2789,87,81.5,31.0,32,87,28,0,,0,0.91,41,56,-15,-0.48,-0.06,41.8,42.8,-0.9,-0.03,+0.31
481,Alex Murphy,ie IRL,"DF,FW",Newcastle Utd,19,2004,2,13,7,0.4,0.1,0,,0,2,7,17,3.00,0,0,0,0.00,-0.61,0.0,0.1,-0.1,-0.54,-0.93
482,Jacob Murphy,eng ENG,"FW,DF",Newcastle Utd,28,1995,21,1189,57,34.8,13.2,14,75,5,7,20,5,1.95,40,21,+19,+1.44,+1.28,32.2,18.4,+13.8,+1.04,+1.01
483,Vitaliy Mykolenko,ua UKR,DF,Everton,24,1999,28,2469,88,72.2,27.4,28,88,25,0,,4,1.32,30,37,-7,-0.26,+0.12,38.7,40.0,-1.3,-0.05,-0.06
484,Marvelous Nakamba,zw ZIM,MF,Luton Town,29,1994,13,1130,87,33.0,12.6,13,87,10,0,,0,0.46,10,24,-14,-1.12,-0.37,12.8,25.7,-12.9,-1.02,-0.13
485,Amara Nallo,eng ENG,DF,Liverpool,16,2006,0,,,,,0,,0,0,,1,,,,,,,,,,,
486,Michael Ndiweni,eng ENG,FW,Newcastle Utd,19,2003,1,1,1,0.0,0.0,0,,0,1,1,0,3.00,0,0,0,0.00,-0.61,0.0,0.0,0.0,0.00,-0.39
487,Reiss Nelson,eng ENG,FW,Arsenal,23,1999,15,268,18,7.8,3.0,1,74,0,14,14,15,2.27,10,1,+9,+3.02,+1.51,7.0,2.2,+4.8,+1.62,+0.39
488,Zack Nelson,eng ENG,"MF,DF",Luton Town,18,2004,2,7,4,0.2,0.1,0,,0,2,4,14,0.50,1,1,0,0.00,+0.87,0.2,1.1,-0.9,-13.13,-12.22
489,Neto,br BRA,GK,Bournemouth,34,1989,32,2880,90,84.2,32.0,32,90,32,0,,4,1.22,46,55,-9,-0.28,+0.39,49.0,49.5,-0.5,-0.02,+0.27
490,Pedro Neto,pt POR,"FW,MF",Wolves,23,2000,20,1516,76,44.3,16.8,18,83,12,2,12,1,1.40,22,27,-5,-0.30,+0.18,21.8,29.4,-7.6,-0.45,+0.18
491,Moussa Niakhate,sn SEN,DF,Nott'ham Forest,27,1996,21,1460,70,42.7,16.2,15,87,13,6,25,12,0.95,20,35,-15,-0.92,-0.79,22.0,25.4,-3.5,-0.21,-0.22
492,Eddie Nketiah,eng ENG,FW,Arsenal,24,1999,27,1082,40,31.6,12.0,10,78,3,17,18,11,2.15,24,10,+14,+1.16,-0.68,22.3,10.3,+12.1,+1.00,-0.39
493,Christopher Nkunku,fr FRA,"FW,MF",Chelsea,25,1997,11,443,40,13.0,4.9,2,71,0,9,34,1,2.00,12,12,0,0.00,-0.42,9.7,8.4,+1.3,+0.26,-0.19
494,Rhys Norrington-Davies,wls WAL,DF,Sheffield Utd,24,1999,5,110,22,3.2,1.2,2,27,0,3,19,1,0.80,1,6,-5,-4.09,-2.35,1.7,2.5,-0.7,-0.60,+0.42
495,Oliver Norwood,nir NIR,MF,Sheffield Utd,32,1991,27,1440,53,42.1,16.0,16,82,12,11,11,9,0.44,12,47,-35,-2.19,-0.64,12.2,35.8,-23.6,-1.47,-0.80
496,Matheus Nunes,pt POR,MF,Wolves,24,1998,2,179,90,5.2,2.0,2,90,1,0,,0,0.00,1,5,-4,-2.01,-1.71,4.3,4.4,-0.1,-0.06,+0.51
497,Matheus Nunes,pt POR,MF,Manchester City,24,1998,17,661,39,19.3,7.3,7,71,3,10,16,16,2.47,18,8,+10,+1.36,-0.33,15.2,6.9,+8.2,+1.12,-0.08
498,Darwin Núñez,uy URU,FW,Liverpool,24,1999,36,2047,57,59.9,22.7,22,79,9,14,21,1,2.19,48,25,+23,+1.01,-0.43,52.8,25.6,+27.2,+1.19,+0.22
499,Ethan Nwaneri,eng ENG,FW,Arsenal,16,2007,1,14,14,0.4,0.2,0,,0,1,14,1,3.00,0,0,0,0.00,-1.64,0.0,0.1,-0.1,-0.69,-1.97
500,Trey Nyoni,eng ENG,MF,Liverpool,16,2007,0,,,,,0,,0,0,,2,,,,,,,,,,,
501,Christian Nørgaard,dk DEN,MF,Brentford,29,1994,31,2505,81,73.2,27.8,30,83,20,1,20,0,0.97,36,51,-15,-0.54,-1.13,40.4,43.3,-3.0,-0.11,-0.62
502,Lewis O'Brien,eng ENG,MF,Nott'ham Forest,24,1998,0,,,,,0,,0,0,,1,,,,,,,,,,,
503,Mark O'Mahony,ie IRL,FW,Brighton,18,2005,3,63,21,1.8,0.7,1,45,0,2,9,8,0.33,0,1,-1,-1.43,-1.27,0.8,1.1,-0.4,-0.52,-0.57
504,Tommi O'Reilly,eng ENG,MF,Aston Villa,19,2003,0,,,,,0,,0,0,,1,,,,,,,,,,,
505,Dara O'Shea,ie IRL,DF,Burnley,24,1999,33,2892,88,84.6,32.1,32,89,29,1,45,1,0.58,36,71,-35,-1.09,-0.75,34.8,62.7,-27.8,-0.87,-0.54
506,Michael Obafemi,ie IRL,"FW,MF",Burnley,23,2000,2,20,10,0.6,0.2,0,,0,2,10,4,1.50,1,0,+1,+4.50,+5.51,0.4,0.0,+0.4,+1.78,+2.58
507,Wilson Odobert,fr FRA,"MF,FW",Burnley,18,2004,29,2098,72,61.3,23.3,25,82,11,4,10,4,0.59,25,48,-23,-0.99,-0.03,25.4,46.7,-21.3,-0.91,-0.34
508,Odeluga Offiah,eng ENG,DF,Brighton,20,2002,4,128,32,3.7,1.4,1,73,0,3,18,4,0.25,1,3,-2,-1.41,-1.27,1.9,2.2,-0.3,-0.19,-0.24
509,Chiedozie Ogbene,ie IRL,"MF,DF",Luton Town,26,1997,30,1995,67,58.3,22.2,20,87,14,10,27,0,0.73,35,47,-12,-0.54,+0.78,30.5,45.5,-14.9,-0.67,+0.63
510,Angelo Ogbonna,it ITA,DF,West Ham,35,1988,11,635,58,18.6,7.1,7,83,5,4,13,27,1.82,12,14,-2,-0.28,+0.10,12.3,15.7,-3.4,-0.48,+0.02
511,Habeeb Ogunneye,eng ENG,DF,Manchester Utd,18,2005,0,,,,,0,,0,0,,7,,,,,,,,,,,
512,Temple Ojinnaka,it ITA,MF,Wolves,18,2005,0,,,,,0,,0,0,,1,,,,,,,,,,,
513,Wesley Okoduwa,eng ENG,FW,Wolves,15,2008,0,,,,,0,,0,0,,5,,,,,,,,,,,
514,Ademola Ola-Adebomi,eng ENG,FW,Crystal Palace,19,2004,0,,,,,0,,0,0,,3,,,,,,,,,,,
515,Michael Olakigbe,eng ENG,"DF,FW",Brentford,19,2004,8,59,7,1.7,0.7,0,,0,8,7,9,0.63,1,0,+1,+1.53,+1.79,2.0,0.8,+1.3,+1.93,+1.90
516,Michael Olise,fr FRA,"FW,MF",Crystal Palace,21,2001,19,1275,67,37.3,14.2,14,85,9,5,18,0,1.47,34,19,+15,+1.06,+1.73,23.0,18.2,+4.8,+0.34,+0.68
517,Robin Olsen,se SWE,GK,Aston Villa,33,1990,5,405,81,11.8,4.5,4,90,4,1,45,26,0.80,4,13,-9,-2.00,-2.72,4.5,10.1,-5.6,-1.25,-1.52
518,Andrew Omobamidele,ie IRL,DF,Nott'ham Forest,21,2002,11,783,71,22.9,8.7,8,90,8,3,21,8,0.73,12,15,-3,-0.34,+0.17,10.9,11.8,-0.9,-0.11,-0.03
519,Amadou Onana,be BEL,MF,Everton,21,2001,30,2091,70,61.1,23.2,23,83,16,7,27,1,1.10,21,38,-17,-0.73,-1.14,33.3,36.5,-3.1,-0.14,-0.27
520,André Onana,cm CMR,GK,Manchester Utd,27,1996,38,3420,90,100.0,38.0,38,90,38,0,,0,1.58,57,58,-1,-0.03,,56.5,68.9,-12.5,-0.33,
521,Ryan One,sct SCO,FW,Sheffield Utd,17,2006,1,8,8,0.2,0.1,0,,0,1,8,3,0.00,0,2,-2,-22.50,-20.73,0.0,1.2,-1.2,-13.13,-12.14
522,Tyler Onyango,eng ENG,MF,Everton,20,2003,1,1,1,0.0,0.0,0,,0,1,1,4,0.00,0,0,0,0.00,+0.29,0.0,0.0,0.0,0.00,+0.03
523,Fred Onyedinma,eng ENG,"DF,MF",Luton Town,26,1996,8,407,51,11.9,4.5,4,76,0,4,26,1,0.50,6,14,-8,-1.77,-1.02,2.8,10.9,-8.1,-1.78,-0.96
524,Frank Onyeka,ng NGA,MF,Brentford,25,1998,26,1161,45,33.9,12.9,11,78,3,15,20,4,0.85,17,27,-10,-0.78,-0.82,22.8,21.7,+1.1,+0.09,+0.04
525,Lewis Orford,eng ENG,MF,West Ham,17,2006,0,,,,,0,,0,0,,4,,,,,,,,,,,
526,Divock Origi,be BEL,FW,Nott'ham Forest,28,1995,20,606,30,17.7,6.7,6,57,0,14,19,7,0.60,4,6,-2,-0.30,+0.21,9.6,9.4,+0.1,+0.02,+0.13
527,Stefan Ortega,de GER,GK,Manchester City,30,1992,9,635,71,18.6,7.1,5,90,5,4,46,29,2.56,18,7,+11,+1.56,-0.09,13.7,7.5,+6.2,+0.88,-0.37
528,Ben Osborn,eng ENG,"DF,MF",Sheffield Utd,28,1994,24,1367,57,40.0,15.2,14,77,10,10,28,5,0.42,19,40,-21,-1.38,+0.72,18.2,28.4,-10.2,-0.67,+0.57
529,Gabriel Osho,ng NGA,DF,Luton Town,24,1998,21,1846,88,54.0,20.5,21,88,19,0,,1,0.81,31,47,-16,-0.78,+0.19,23.1,43.6,-20.4,-1.00,-0.13
530,Detlef Osong,eng ENG,FW,Nott'ham Forest,18,2004,0,,,,,0,,0,0,,1,,,,,,,,,,,
531,William Osula,dk DEN,FW,Sheffield Utd,19,2003,21,786,37,23.0,8.7,9,60,1,12,20,9,0.29,4,23,-19,-2.18,-0.47,5.1,20.3,-15.2,-1.74,-0.95
532,Dango Ouattara,bf BFA,"FW,DF",Bournemouth,21,2002,30,1229,41,35.9,13.7,12,74,4,18,19,2,1.40,20,24,-4,-0.29,+0.08,19.2,20.5,-1.3,-0.10,-0.06
533,David Ozoh,eng ENG,"MF,DF",Crystal Palace,18,2005,9,156,17,4.6,1.7,0,,0,9,17,15,1.00,2,5,-3,-1.73,-1.79,2.7,3.0,-0.3,-0.19,-0.11
534,João Palhinha,pt POR,MF,Fulham,28,1995,33,2699,82,78.9,30.0,31,86,18,2,23,0,1.06,43,46,-3,-0.10,+0.27,37.1,48.5,-11.4,-0.38,-0.29
535,Cole Palmer,eng ENG,"FW,MF",Chelsea,21,2002,33,2607,79,76.2,29.0,29,86,14,4,26,0,1.70,66,46,+20,+0.69,+1.35,58.5,45.1,+13.4,+0.46,+0.13
536,Cole Palmer,eng ENG,MF,Manchester City,21,2002,1,11,11,0.3,0.1,0,,0,1,11,2,3.00,0,0,0,0.00,-1.64,0.1,0.1,+0.1,+0.62,-0.57
537,Emerson Palmieri,it ITA,DF,West Ham,28,1994,36,3137,87,91.7,34.9,35,88,29,1,45,0,1.42,58,67,-9,-0.26,+1.33,47.3,67.5,-20.2,-0.58,-1.02
538,Lucas Paquetá,br BRA,"FW,MF",West Ham,25,1997,31,2622,85,76.7,29.1,31,85,15,0,,0,1.58,52,52,0,0.00,+1.58,39.2,50.5,-11.3,-0.39,+0.46
539,Ben Parkinson,eng ENG,FW,Newcastle Utd,18,2005,1,25,25,0.7,0.3,0,,0,1,25,8,0.00,0,1,-1,-3.60,-4.24,0.2,1.7,-1.5,-5.37,-5.80
540,Thomas Partey,gh GHA,"MF,DF",Arsenal,30,1993,14,788,56,23.0,8.8,9,79,4,5,16,3,2.71,20,5,+15,+1.71,+0.11,15.3,8.4,+6.9,+0.79,-0.62
541,Nathan Patterson,sct SCO,DF,Everton,21,2001,20,1005,50,29.4,11.2,9,87,8,11,20,12,1.05,12,21,-9,-0.81,-0.73,17.4,19.9,-2.5,-0.22,-0.27
542,Myles Peart-Harris,eng ENG,"DF,MF",Brentford,20,2002,3,13,4,0.4,0.1,0,,0,3,4,6,1.00,0,0,0,0.00,+0.24,0.7,0.1,+0.6,+4.42,+4.38
543,Sydie Peck,eng ENG,MF,Sheffield Utd,18,2004,1,10,10,0.3,0.1,0,,0,1,10,1,3.00,0,0,0,0.00,+1.82,0.2,0.1,+0.1,+1.06,+2.08
544,Facundo Pellistri,uy URU,"FW,MF",Manchester Utd,21,2001,9,172,19,5.0,1.9,1,60,0,8,14,11,1.11,2,2,0,0.00,+0.03,3.2,3.7,-0.5,-0.27,+0.06
545,Andreas Pereira,br BRA,MF,Fulham,27,1996,37,2613,71,76.4,29.0,34,74,5,3,28,1,1.19,39,40,-1,-0.03,+0.52,38.5,42.0,-3.5,-0.12,+0.84
546,Ivan Perišić,hr CRO,FW,Tottenham,34,1989,5,103,21,3.0,1.1,0,,0,5,21,0,2.60,4,1,+3,+2.62,+2.35,2.1,1.5,+0.7,+0.60,+0.48
547,Máximo Perrone,ar ARG,MF,Manchester City,20,2003,0,,,,,0,,0,0,,1,,,,,,,,,,,
548,Đorđe Petrović,rs SRB,GK,Chelsea,23,1999,23,1987,86,58.1,22.1,22,90,22,1,7,12,1.91,51,38,+13,+0.59,+0.53,44.2,34.3,+9.9,+0.45,+0.04
549,Cameron Peupion,au AUS,MF,Brighton,20,2002,0,,,,,0,,0,0,,6,,,,,,,,,,,
550,Ashley Phillips,wls WAL,DF,Tottenham,18,2005,0,,,,,0,,0,0,,7,,,,,,,,,,,
551,Kalvin Phillips,eng ENG,MF,West Ham,27,1995,8,309,39,9.0,3.4,3,61,0,5,25,4,0.63,4,10,-6,-1.75,-1.52,3.6,6.9,-3.3,-0.95,-0.50
552,Kalvin Phillips,eng ENG,MF,Manchester City,27,1995,4,93,23,2.7,1.0,0,,0,4,23,16,2.25,3,2,+1,+0.97,-0.68,1.7,1.6,+0.2,+0.17,-1.04
553,Jaden Philogene Bidace,eng ENG,FW,Aston Villa,21,2002,1,4,4,0.1,0.0,0,,0,1,4,0,0.00,0,1,-1,-22.50,-22.92,0.3,0.6,-0.3,-5.72,-5.81
554,Jordan Pickford,eng ENG,GK,Everton,29,1994,38,3420,90,100.0,38.0,38,90,38,0,,0,1.26,40,51,-11,-0.29,,54.0,55.2,-1.2,-0.03,
555,Axel Piesold,eng ENG,MF,Luton Town,18,2005,0,,,,,0,,0,0,,9,,,,,,,,,,,
556,Ethan Pinnock,jm JAM,DF,Brentford,30,1993,29,2521,87,73.7,28.0,28,90,28,1,1,0,1.21,44,46,-2,-0.07,+0.63,45.5,39.2,+6.2,+0.22,+0.62
557,Marcelo Pitaluga,br BRA,GK,Liverpool,20,2002,0,,,,,0,,0,0,,1,,,,,,,,,,,
558,Luke Plange,eng ENG,FW,Crystal Palace,20,2002,0,,,,,0,,0,0,,3,,,,,,,,,,,
559,Nick Pope,eng ENG,GK,Newcastle Utd,31,1992,15,1345,90,39.3,14.9,15,90,14,0,,3,1.93,36,16,+20,+1.34,+1.21,31.5,15.1,+16.4,+1.10,+1.17
560,Pedro Porro,es ESP,DF,Tottenham,23,1999,35,3089,88,90.3,34.3,35,88,31,0,,1,1.77,66,54,+12,+0.35,+0.08,61.9,57.8,+4.1,+0.12,-0.05
561,Dan Potts,eng ENG,DF,Luton Town,29,1994,0,,,,,0,,0,0,,4,,,,,,,,,,,
562,Sam Proctor,eng ENG,GK,Aston Villa,16,2006,0,,,,,0,,0,0,,3,,,,,,,,,,,
563,Jarell Quansah,eng ENG,DF,Liverpool,20,2003,17,1190,70,34.8,13.2,13,87,10,4,16,17,2.35,31,15,+16,+1.21,+0.04,32.5,13.9,+18.6,+1.40,+0.46
564,Ionuț Radu,ro ROU,GK,Bournemouth,26,1997,2,180,90,5.3,2.0,2,90,2,0,,11,1.50,3,7,-4,-2.00,-1.75,2.0,2.8,-0.8,-0.39,-0.35
565,Hákon Rafn Valdimarsson,is ISL,GK,Brentford,21,2001,0,,,,,0,,0,0,,4,,,,,,,,,,,
566,Jesurun Rak Sakyi,eng ENG,"MF,FW",Crystal Palace,20,2002,6,136,23,4.0,1.5,0,,0,6,23,7,0.33,1,3,-2,-1.32,-1.35,2.4,3.1,-0.7,-0.47,-0.39
567,Aaron Ramsdale,eng ENG,GK,Arsenal,25,1998,6,540,90,15.8,6.0,6,90,6,0,,31,2.67,11,5,+6,+1.00,-0.75,11.1,5.8,+5.3,+0.89,-0.45
568,Aaron Ramsey,eng ENG,"MF,FW",Burnley,20,2003,14,527,38,15.4,5.9,5,68,0,9,21,3,0.36,4,17,-13,-2.22,-1.47,5.4,11.5,-6.1,-1.04,-0.31
569,Jacob Ramsey,eng ENG,"FW,MF",Aston Villa,22,2001,16,853,53,24.9,9.5,8,80,5,8,26,0,2.19,22,12,+10,+1.06,+0.88,18.5,13.2,+5.3,+0.56,+0.62
570,Darren Randolph,ie IRL,GK,Bournemouth,36,1987,0,,,,,0,,0,0,,1,,,,,,,,,,,
571,Marcus Rashford,eng ENG,FW,Manchester Utd,25,1997,33,2271,69,66.4,25.2,26,83,12,7,17,0,1.61,36,37,-1,-0.04,-0.04,34.3,47.6,-13.2,-0.52,-0.59
572,David Raya,es ESP,GK,Arsenal,27,1995,32,2880,90,84.2,32.0,32,90,32,0,,3,2.28,80,24,+56,+1.75,+0.75,65.0,22.1,+42.9,+1.34,+0.45
573,Jadan Raymond,wls WAL,MF,Crystal Palace,19,2003,0,,,,,0,,0,0,,2,,,,,,,,,,,
574,Tim Ream,us USA,DF,Fulham,35,1987,18,1503,84,43.9,16.7,17,87,15,1,16,13,1.22,24,29,-5,-0.30,-0.25,20.9,27.9,-7.0,-0.42,-0.18
575,Nathan Redmond,eng ENG,"FW,MF",Burnley,29,1994,12,142,12,4.2,1.6,0,,0,12,12,3,0.58,2,5,-3,-1.90,-0.97,2.7,3.8,-1.1,-0.68,+0.10
576,Harrison Reed,eng ENG,MF,Fulham,28,1995,27,1325,49,38.7,14.7,15,78,6,12,13,10,1.52,22,23,-1,-0.07,+0.15,18.6,24.8,-6.2,-0.42,-0.17
577,Sergio Reguilón,es ESP,DF,Manchester Utd,26,1996,9,412,46,12.0,4.6,4,83,1,5,16,5,1.00,4,7,-3,-0.66,-0.72,6.7,6.0,+0.7,+0.15,+0.54
578,Sergio Reguilón,es ESP,DF,Brentford,26,1996,16,1118,70,32.7,12.4,14,77,6,2,18,0,1.19,21,21,0,0.00,+0.35,15.4,19.0,-3.6,-0.29,-0.52
579,Bobby Reid,jm JAM,FW,Fulham,30,1993,33,1423,43,41.6,15.8,17,69,1,16,16,5,1.24,22,29,-7,-0.44,-0.49,18.8,27.9,-9.1,-0.56,-0.42
580,Gio Reyna,us USA,"FW,MF",Nott'ham Forest,20,2002,9,235,26,6.9,2.6,2,61,0,7,16,4,0.67,3,3,0,0.00,+0.51,3.7,2.0,+1.6,+0.63,+0.77
581,Rodrigo Ribeiro,pt POR,"MF,FW",Nott'ham Forest,18,2005,4,17,4,0.5,0.2,0,,0,4,4,8,1.25,0,0,0,0.00,+0.48,0.1,0.1,0.0,-0.20,-0.11
582,Declan Rice,eng ENG,MF,Arsenal,24,1999,38,3225,85,94.3,35.8,37,87,29,1,24,0,2.34,84,28,+56,+1.56,-1.21,71.6,26.5,+45.1,+1.26,-0.18
583,Chris Richards,us USA,"DF,MF",Crystal Palace,23,2000,26,2094,81,61.2,23.3,23,90,23,3,8,9,1.46,43,38,+5,+0.21,+0.62,31.1,32.5,-1.3,-0.06,+0.08
584,Richarlison,br BRA,FW,Tottenham,26,1997,28,1491,53,43.6,16.6,18,74,6,10,15,1,1.82,37,18,+19,+1.15,+1.43,30.2,25.6,+4.5,+0.27,+0.26
585,Jaïro Riedewald,nl NED,"MF,FW",Crystal Palace,26,1996,9,235,26,6.9,2.6,2,77,0,7,12,20,2.33,2,3,-1,-0.38,-0.38,2.7,3.6,-0.9,-0.36,-0.29
586,Matt Ritchie,sct SCO,"FW,MF",Newcastle Utd,33,1989,13,128,10,3.7,1.4,0,,0,13,10,18,1.92,3,5,-2,-1.41,-2.09,3.3,4.3,-1.0,-0.71,-1.14
587,Connor Roberts,wls WAL,DF,Burnley,27,1995,14,823,59,24.1,9.1,8,88,6,6,20,5,0.64,7,22,-15,-1.64,-0.88,8.4,19.0,-10.7,-1.17,-0.50
588,Andrew Robertson,sct SCO,DF,Liverpool,29,1994,23,1693,74,49.5,18.8,18,86,14,5,28,0,2.04,43,22,+21,+1.12,-0.13,45.4,23.0,+22.4,+1.19,+0.17
589,Antonee Robinson,us USA,DF,Fulham,25,1997,37,3265,88,95.5,36.3,37,88,32,0,,0,1.19,52,60,-8,-0.22,-1.38,48.0,61.0,-13.0,-0.36,-0.87
590,Jack Robinson,eng ENG,DF,Sheffield Utd,29,1993,34,2885,85,84.4,32.1,31,89,27,3,40,0,0.47,30,83,-53,-1.65,+1.04,30.9,62.5,-31.6,-0.99,+0.15
591,Marek Rodák,sk SVK,GK,Fulham,26,1996,0,,,0.0,0.0,0,,0,0,,37,1.00,2,2,0,,,,,,,
592,Kaden Rodney,eng ENG,DF,Crystal Palace,18,2004,0,,,,,0,,0,0,,2,,,,,,,,,,,
593,Rodri,es ESP,MF,Manchester City,27,1996,34,2931,86,85.7,32.6,34,86,27,0,,1,2.59,87,26,+61,+1.87,+1.69,72.0,28.7,+43.3,+1.33,+1.02
594,Jay Rodriguez,eng ENG,FW,Burnley,34,1989,21,822,39,24.0,9.1,7,80,4,14,19,14,0.62,11,18,-7,-0.77,+0.27,9.3,13.4,-4.1,-0.45,+0.44
595,Mads Roerslev,dk DEN,DF,Brentford,24,1999,34,1985,58,58.0,22.1,22,79,8,12,20,3,1.09,32,40,-8,-0.36,-0.30,32.3,37.4,-5.1,-0.23,-0.69
596,Morgan Rogers,eng ENG,"MF,FW",Aston Villa,21,2002,11,638,58,18.7,7.1,8,72,4,3,20,3,1.91,12,13,-1,-0.14,-0.66,8.0,14.3,-6.3,-0.89,-1.20
597,Cristian Romero,ar ARG,DF,Tottenham,25,1998,33,2790,85,81.6,31.0,33,85,30,0,,0,1.88,63,42,+21,+0.68,+1.82,58.1,45.4,+12.7,+0.41,+1.55
598,Joe Rothwell,eng ENG,MF,Bournemouth,28,1995,11,386,35,11.3,4.3,3,70,1,8,22,8,1.18,4,12,-8,-1.87,-1.72,4.0,11.2,-7.2,-1.68,-1.83
599,Pelly Ruddock Mpanzu,cd COD,MF,Luton Town,30,1993,27,1101,41,32.2,12.2,11,74,3,16,18,11,0.70,13,29,-16,-1.31,-0.65,11.0,28.9,-17.9,-1.47,-0.79
600,José Sá,pt POR,GK,Wolves,30,1993,35,3037,87,88.8,33.7,35,87,33,0,,0,1.23,47,58,-11,-0.33,+0.61,42.5,60.2,-17.6,-0.52,+0.26
601,Dominic Sadi,eng ENG,FW,Bournemouth,19,2003,1,1,1,0.0,0.0,0,,0,1,1,4,3.00,0,0,0,0.00,+0.34,0.0,0.0,0.0,0.00,+0.06
602,Charles Sagoe Jr,eng ENG,FW,Arsenal,19,2004,0,,,,,0,,0,0,,1,,,,,,,,,,,
603,Bukayo Saka,eng ENG,FW,Arsenal,21,2001,35,2919,83,85.4,32.4,35,83,17,0,,0,2.29,78,27,+51,+1.57,-0.40,66.4,25.0,+41.3,+1.27,+0.04
604,Mohamed Salah,eg EGY,FW,Liverpool,31,1992,32,2534,79,74.1,28.2,28,87,22,4,27,0,2.09,59,30,+29,+1.03,-0.60,67.8,32.5,+35.3,+1.25,+0.57
605,William Saliba,fr FRA,DF,Arsenal,22,2001,38,3420,90,100.0,38.0,38,90,38,0,,0,2.34,91,29,+62,+1.63,,76.1,27.9,+48.2,+1.27,
606,Albert Sambi Lokonga,be BEL,MF,Luton Town,23,1999,17,1303,77,38.1,14.5,16,80,8,1,19,0,0.76,22,31,-9,-0.62,+0.40,20.2,25.2,-5.0,-0.35,+0.95
607,Imari Samuels,eng ENG,DF,Brighton,20,2003,0,,,,,0,,0,0,,1,,,,,,,,,,,
608,Ishé Samuels-Smith,eng ENG,DF,Chelsea,17,2006,0,,,,,0,,0,0,,1,,,,,,,,,,,
609,Davinson Sánchez,co COL,DF,Tottenham,27,1996,1,77,77,2.3,0.9,0,,0,1,77,3,1.00,1,2,-1,-1.17,-1.55,0.7,2.2,-1.5,-1.80,-1.97
610,Robert Sánchez,es ESP,GK,Chelsea,25,1997,16,1433,90,41.9,15.9,16,90,15,0,,2,1.19,26,25,+1,+0.06,-0.53,30.2,23.7,+6.5,+0.41,-0.04
611,Jadon Sancho,eng ENG,"FW,MF",Manchester Utd,23,2000,3,79,26,2.3,0.9,0,,0,3,26,0,2.00,2,1,+1,+1.14,+1.19,2.6,1.9,+0.8,+0.89,+1.24
612,Ibrahim Sangaré,ci CIV,MF,Nott'ham Forest,25,1997,17,1035,61,30.3,11.5,13,73,4,4,20,7,0.88,12,16,-4,-0.35,+0.18,13.9,15.0,-1.2,-0.10,-0.02
613,Yago Santiago,es ESP,"FW,MF",Tottenham,20,2003,0,,,,,0,,0,0,,3,,,,,,,,,,,
614,Andrey Santos,br BRA,MF,Chelsea,19,2004,0,,,,,0,,0,0,,1,,,,,,,,,,,
615,Andrey Santos,br BRA,MF,Nott'ham Forest,19,2004,1,8,8,0.2,0.1,0,,0,1,8,5,0.00,0,0,0,0.00,+0.47,0.3,0.0,+0.3,+3.27,+3.37
616,Pablo Sarabia,es ESP,"MF,FW",Wolves,31,1992,30,1745,58,51.0,19.4,20,77,5,10,20,7,1.33,31,27,+4,+0.21,+1.23,26.9,30.9,-4.0,-0.21,+0.71
617,Dovydas Sasnauskas,lt LTU,DF,Sheffield Utd,16,2007,0,,,,,0,,0,0,,2,,,,,,,,,,,
618,Calum Scanlon,eng ENG,MF,Liverpool,18,2005,0,,,,,0,,0,0,,2,,,,,,,,,,,
619,Oliver Scarles,eng ENG,MF,West Ham,17,2005,0,,,,,0,,0,0,,5,,,,,,,,,,,
620,Dane Scarlett,eng ENG,FW,Tottenham,19,2004,4,22,6,0.6,0.2,0,,0,4,6,4,3.00,1,0,+1,+4.09,+3.77,1.3,0.0,+1.3,+5.24,+5.14
621,Kevin Schade,de GER,"FW,MF",Brentford,21,2001,11,333,30,9.7,3.7,3,73,0,8,14,0,1.45,8,5,+3,+0.81,+1.16,6.1,3.7,+2.4,+0.65,+0.66
622,Fabian Schär,ch SUI,DF,Newcastle Utd,31,1991,36,3054,85,89.3,33.9,35,86,31,1,28,0,1.56,72,58,+14,+0.41,-1.80,63.6,57.3,+6.2,+0.18,-1.89
623,Jeffrey Schlupp,gh GHA,"FW,MF",Crystal Palace,30,1992,29,1352,47,39.5,15.0,17,70,2,12,14,3,1.34,12,25,-13,-0.87,-1.39,14.6,21.8,-7.2,-0.48,-0.65
624,Alex Scott,eng ENG,MF,Bournemouth,19,2003,23,1014,44,29.6,11.3,11,66,2,12,24,2,1.22,17,25,-8,-0.71,-0.52,17.3,17.0,+0.3,+0.02,+0.11
625,Kristian Sekularac,ch SUI,MF,Fulham,19,2003,0,,,,,0,,0,0,,2,,,,,,,,,,,
626,Matz Sels,be BEL,GK,Nott'ham Forest,31,1992,16,1440,90,42.1,16.0,16,90,16,0,,0,1.00,22,27,-5,-0.31,+0.28,24.5,20.2,+4.3,+0.27,+0.61
627,Nélson Semedo,pt POR,"DF,MF",Wolves,29,1993,36,3084,86,90.2,34.3,36,86,27,0,,0,1.19,45,60,-15,-0.44,-0.44,42.0,61.2,-19.3,-0.56,-0.10
628,Antoine Semenyo,gh GHA,FW,Bournemouth,23,2000,33,2105,64,61.5,23.4,25,76,10,8,25,3,1.39,41,33,+8,+0.34,+1.78,38.4,33.0,+5.3,+0.23,+0.74
629,Marcos Senesi,ar ARG,DF,Bournemouth,26,1997,31,2242,72,65.6,24.9,26,83,17,5,16,1,1.13,37,44,-7,-0.28,+0.18,38.0,39.7,-1.7,-0.07,-0.03
630,Femi Seriki,eng ENG,DF,Sheffield Utd,21,2002,0,,,,,0,,0,0,,12,,,,,,,,,,,
631,Teddy Sharman,eng ENG,GK,Chelsea,20,2003,0,,,,,0,,0,0,,1,,,,,,,,,,,
632,Luke Shaw,eng ENG,DF,Manchester Utd,28,1995,12,959,80,28.0,10.7,12,80,7,0,,0,1.83,16,13,+3,+0.28,+0.43,19.8,19.3,+0.4,+0.04,+0.51
633,James Shea,eng ENG,GK,Luton Town,32,1991,1,15,15,0.4,0.2,0,,0,1,15,13,0.00,0,0,0,0.00,+0.87,0.3,0.4,-0.1,-0.60,+0.34
634,Bernardo Silva,pt POR,"MF,FW",Manchester City,28,1994,33,2578,78,75.4,28.6,29,87,22,4,14,2,2.39,71,26,+45,+1.57,-0.25,61.2,27.5,+33.7,+1.18,-0.03
635,Fábio Silva,pt POR,FW,Wolves,21,2002,8,264,33,7.7,2.9,3,67,0,5,13,9,0.88,2,8,-6,-2.05,-1.79,3.5,7.5,-4.0,-1.38,-0.89
636,Thiago Silva,br BRA,DF,Chelsea,38,1984,31,2527,82,73.9,28.1,28,89,25,3,15,5,1.65,58,45,+13,+0.46,+0.36,53.9,42.5,+11.4,+0.41,-0.10
637,Luis Sinisterra,co COL,"FW,MF",Bournemouth,24,1999,20,699,35,20.4,7.8,7,59,0,13,22,4,1.35,12,18,-6,-0.77,-0.54,13.7,11.4,+2.2,+0.29,+0.44
638,Oliver Skipp,eng ENG,"MF,DF",Tottenham,22,2000,21,707,34,20.7,7.9,5,73,1,16,21,10,1.90,15,17,-2,-0.25,-0.75,14.7,17.0,-2.3,-0.30,-0.53
639,Adam Smith,eng ENG,DF,Bournemouth,32,1991,28,2150,77,62.9,23.9,25,85,15,3,12,6,1.61,39,33,+6,+0.25,+1.60,37.6,31.6,+6.0,+0.25,+0.83
640,Emile Smith Rowe,eng ENG,MF,Arsenal,23,2000,13,353,27,10.3,3.9,3,76,0,10,13,18,2.23,12,3,+9,+2.29,+0.74,7.8,2.0,+5.8,+1.47,+0.22
641,Cédric Soares,pt POR,DF,Arsenal,31,1991,3,62,21,1.8,0.7,0,,0,3,21,15,3.00,1,0,+1,+1.45,-0.18,0.9,0.5,+0.4,+0.62,-0.66
642,Dominic Solanke,eng ENG,FW,Bournemouth,25,1997,38,3325,88,97.2,36.9,37,89,28,1,32,0,1.26,51,61,-10,-0.27,+2.57,52.6,55.1,-2.5,-0.07,-0.35
643,Manor Solomon,il ISR,FW,Tottenham,24,1999,5,199,40,5.8,2.2,2,73,0,3,18,2,2.60,6,2,+4,+1.81,+1.56,4.7,1.8,+2.9,+1.31,+1.26
644,Tomáš Souček,cz CZE,MF,West Ham,28,1995,37,2870,78,83.9,31.9,34,83,25,3,16,0,1.32,51,64,-13,-0.41,-0.24,45.4,62.0,-16.7,-0.52,-0.18
645,Vinicius Souza,br BRA,MF,Sheffield Utd,24,1999,36,2668,74,78.0,29.6,29,84,20,7,32,2,0.44,27,80,-53,-1.79,+0.13,27.9,60.6,-32.7,-1.10,-0.42
646,Jay Stansfield,eng ENG,"FW,MF",Fulham,20,2002,0,,,,,0,,0,0,,1,,,,,,,,,,,
647,Jason Steele,eng ENG,GK,Brighton,32,1990,17,1530,90,44.7,17.0,17,90,17,0,,21,1.12,24,34,-10,-0.59,-0.73,28.4,24.9,+3.5,+0.20,+0.30
648,Raheem Sterling,eng ENG,"FW,MF",Chelsea,28,1994,31,1978,64,57.8,22.0,22,82,9,9,20,3,1.48,41,38,+3,+0.14,-0.55,40.7,32.6,+8.2,+0.37,-0.15
649,John Stones,eng ENG,"DF,MF",Manchester City,29,1994,16,1064,67,31.1,11.8,12,83,9,4,17,11,2.38,25,9,+16,+1.35,-0.40,22.8,12.3,+10.4,+0.88,-0.44
650,Thomas Strakosha,al ALB,GK,Brentford,28,1995,2,135,68,3.9,1.5,1,90,1,1,45,32,1.50,3,2,+1,+0.67,+0.94,1.4,1.6,-0.2,-0.16,-0.23
651,Zak Sturge,eng ENG,DF,Chelsea,19,2004,0,,,,,0,,0,0,,1,,,,,,,,,,,
652,Ronnie Stutter,eng ENG,FW,Chelsea,18,2005,0,,,,,0,,0,0,,1,,,,,,,,,,,
653,Mahamadou Susoho,es ESP,DF,Manchester City,18,2005,0,,,,,0,,0,0,,6,,,,,,,,,,,
654,James Sweet,wls WAL,DF,Arsenal,19,2003,0,,,,,0,,0,0,,1,,,,,,,,,,,
655,Dominik Szoboszlai,hu HUN,MF,Liverpool,22,2000,33,2104,64,61.5,23.4,25,79,12,8,15,0,2.12,42,23,+19,+0.81,-0.97,50.5,25.5,+25.1,+1.07,-0.09
656,Devan Tanton,co COL,DF,Fulham,19,2004,0,,,,,0,,0,0,,1,,,,,,,,,,,
657,Matt Targett,eng ENG,DF,Newcastle Utd,27,1995,3,78,26,2.3,0.9,1,73,0,2,3,8,0.33,0,4,-4,-4.62,-5.34,1.1,1.6,-0.5,-0.55,-0.96
658,James Tarkowski,eng ENG,DF,Everton,30,1992,38,3419,90,100.0,38.0,38,90,37,0,,0,1.26,40,51,-11,-0.29,-0.29,54.0,54.8,-0.9,-0.02,+29.83
659,Jimi Tauriainen,eng ENG,FW,Chelsea,19,2004,1,1,1,0.0,0.0,0,,0,1,1,4,3.00,0,0,0,0.00,-0.37,0.0,0.0,0.0,-2.63,-3.06
660,Nuno Tavares,pt POR,DF,Nott'ham Forest,23,2000,8,457,57,13.4,5.1,5,80,4,3,20,5,1.13,8,9,-1,-0.20,+0.32,6.7,5.2,+1.5,+0.30,+0.44
661,Marcus Tavernier,eng ENG,FW,Bournemouth,24,1999,30,2118,71,61.9,23.5,25,78,7,5,33,0,1.33,37,38,-1,-0.04,+0.79,34.5,32.0,+2.5,+0.11,+0.43
662,Charlie Taylor,eng ENG,DF,Burnley,29,1993,28,2331,83,68.2,25.9,25,88,22,3,40,2,0.75,31,46,-15,-0.58,+1.24,26.7,44.4,-17.7,-0.68,+0.31
663,Kenny Tete,nl NED,DF,Fulham,27,1995,14,867,62,25.4,9.6,10,82,5,4,13,14,1.07,14,21,-7,-0.73,-0.76,9.5,21.9,-12.4,-1.28,-1.29
664,Luke Thomas,eng ENG,DF,Sheffield Utd,22,2001,12,917,76,26.8,10.2,11,81,7,1,23,4,0.42,5,29,-24,-2.36,-0.74,7.9,21.8,-13.9,-1.36,-0.48
665,Youri Tielemans,be BEL,"MF,FW",Aston Villa,26,1997,32,1622,51,47.4,18.0,17,77,6,15,21,0,1.91,40,27,+13,+0.72,+0.62,33.5,30.5,+3.0,+0.17,+0.15
666,Jurriën Timber,nl NED,DF,Arsenal,22,2001,2,71,36,2.1,0.8,1,49,0,1,22,0,3.00,3,0,+3,+3.80,+2.22,1.9,0.3,+1.6,+2.00,+0.74
667,Harry Toffolo,eng ENG,DF,Nott'ham Forest,27,1995,23,1459,63,42.7,16.2,15,88,12,8,18,9,0.91,18,29,-11,-0.68,-0.36,20.6,24.0,-3.3,-0.21,-0.21
668,Takehiro Tomiyasu,jp JPN,DF,Arsenal,24,1998,22,1149,52,33.6,12.8,10,85,7,12,25,1,2.41,30,10,+20,+1.57,-0.10,24.5,12.2,+12.3,+0.96,-0.47
669,James Tomkins,eng ENG,DF,Crystal Palace,34,1989,4,10,3,0.3,0.1,0,,0,4,3,24,2.25,0,2,-2,-18.00,-18.03,0.1,0.8,-0.7,-7.21,-7.14
670,Sandro Tonali,it ITA,MF,Newcastle Utd,23,2000,8,438,55,12.8,4.9,5,74,1,3,22,1,1.63,11,5,+6,+1.23,+0.72,10.1,6.3,+3.8,+0.78,+0.45
671,Ivan Toney,eng ENG,FW,Brentford,27,1996,17,1450,85,42.4,16.1,16,90,16,1,10,1,0.82,20,30,-10,-0.62,-0.67,19.9,28.1,-8.2,-0.51,-0.98
672,Pau Torres,es ESP,DF,Aston Villa,26,1997,29,2464,85,72.0,27.4,27,88,25,2,45,5,2.07,57,37,+20,+0.73,+1.20,46.4,39.9,+6.5,+0.24,+0.53
673,Andros Townsend,eng ENG,"MF,FW",Luton Town,32,1991,27,1210,45,35.4,13.4,14,67,1,13,21,3,0.78,16,27,-11,-0.82,+0.08,11.0,25.4,-14.4,-1.07,-0.21
674,James Trafford,eng ENG,GK,Burnley,20,2002,28,2520,90,73.7,28.0,28,90,28,0,,8,0.50,27,62,-35,-1.25,-1.05,25.6,49.4,-23.8,-0.85,-0.26
675,Adama Traoré,es ESP,"FW,MF",Fulham,27,1996,17,377,22,11.0,4.2,1,78,0,16,19,2,1.06,11,13,-2,-0.48,-0.36,6.8,11.9,-5.1,-1.21,-1.00
676,Bénie Traoré,ci CIV,"FW,MF",Sheffield Utd,20,2002,8,387,48,11.3,4.3,3,86,1,5,26,11,0.13,2,13,-11,-2.56,-0.84,3.1,11.5,-8.4,-1.96,-1.08
677,Bertrand Traoré,bf BFA,"DF,FW",Aston Villa,27,1995,2,11,6,0.3,0.1,0,,0,2,6,6,3.00,0,0,0,0.00,-0.40,0.0,0.7,-0.7,-5.80,-5.91
678,Boubacar Traoré,ml MLI,MF,Wolves,21,2001,24,819,34,23.9,9.1,7,78,5,17,16,9,1.00,9,23,-14,-1.54,-1.50,9.3,18.7,-9.5,-1.04,-0.64
679,Mark Travers,ie IRL,GK,Bournemouth,24,1999,4,360,90,10.5,4.0,4,90,4,0,,25,1.50,5,5,0,0.00,+0.38,5.0,5.9,-0.9,-0.23,-0.19
680,Mike Trésor,be BEL,"FW,MF",Burnley,24,1999,16,420,26,12.3,4.7,3,62,0,13,18,9,0.63,4,10,-6,-1.29,-0.36,3.6,10.0,-6.4,-1.37,-0.67
681,Ryan Trevitt,eng ENG,MF,Brentford,20,2003,0,,,,,0,,0,0,,2,,,,,,,,,,,
682,Kieran Trippier,eng ENG,DF,Newcastle Utd,32,1990,28,2236,80,65.4,24.8,26,86,21,2,6,0,1.46,49,43,+6,+0.24,-1.05,45.1,39.5,+5.6,+0.23,-0.46
683,Leandro Trossard,be BEL,"FW,MF",Arsenal,28,1994,34,1649,49,48.2,18.3,18,72,3,16,22,3,2.32,45,10,+35,+1.91,+0.54,37.3,13.6,+23.7,+1.30,+0.05
684,Auston Trusty,us USA,DF,Sheffield Utd,24,1998,32,2572,80,75.2,28.6,28,89,24,4,21,6,0.38,22,81,-59,-2.06,-1.00,27.3,53.9,-26.7,-0.93,+0.31
685,Kostas Tsimikas,gr GRE,DF,Liverpool,27,1996,13,679,52,19.9,7.5,8,79,6,5,9,17,2.15,16,7,+9,+1.19,+0.01,14.3,8.4,+5.8,+0.77,-0.41
686,Matt Turner,us USA,GK,Nott'ham Forest,29,1994,17,1530,90,44.7,17.0,17,90,17,0,,20,1.11,24,29,-5,-0.29,+0.32,20.5,25.5,-4.9,-0.29,-0.37
687,Destiny Udogie,it ITA,DF,Tottenham,20,2002,28,2391,85,69.9,26.6,28,85,21,0,,0,1.93,56,40,+16,+0.60,+0.86,48.3,42.4,+5.9,+0.22,+0.32
688,Lesley Ugochukwu,fr FRA,MF,Chelsea,19,2004,12,301,25,8.8,3.3,3,72,1,9,9,5,1.50,3,6,-3,-0.90,-1.39,6.8,7.5,-0.7,-0.21,-0.70
689,Hwang Ui-jo,kr KOR,"FW,MF",Nott'ham Forest,30,1992,0,,,,,0,,0,0,,2,,,,,,,,,,,
690,Franco Umeh-Chibueze,ie IRL,MF,Crystal Palace,18,2005,0,,,,,0,,0,0,,5,,,,,,,,,,,
691,Enes Ünal,tr TUR,"FW,MF",Bournemouth,26,1997,16,328,21,9.6,3.6,2,67,0,14,14,0,1.31,11,9,+2,+0.55,+0.99,7.7,4.4,+3.3,+0.90,+1.06
692,Virgil van Dijk,nl NED,DF,Liverpool,32,1991,36,3177,88,92.9,35.3,36,88,35,0,,0,2.11,78,40,+38,+1.08,-1.52,82.1,43.1,+39.1,+1.11,+0.01
693,Raphaël Varane,fr FRA,DF,Manchester Utd,30,1993,22,1375,63,40.2,15.3,16,81,12,6,12,4,1.91,25,23,+2,+0.13,+0.26,25.2,27.5,-2.3,-0.15,+0.30
694,Alejo Véliz,ar ARG,FW,Tottenham,19,2003,8,50,6,1.5,0.6,0,,0,8,6,5,1.88,3,2,+1,+1.80,+1.48,2.1,1.8,+0.2,+0.45,+0.33
695,Joël Veltman,nl NED,DF,Brighton,31,1992,27,1588,59,46.4,17.6,17,80,13,10,22,2,1.30,28,32,-4,-0.23,-0.08,23.6,25.6,-2.0,-0.11,-0.28
696,Micky van de Ven,nl NED,DF,Tottenham,22,2001,27,2339,87,68.4,26.0,27,87,23,0,,1,1.85,47,38,+9,+0.35,+0.01,43.7,38.3,+5.4,+0.21,+0.26
697,Bart Verbruggen,nl NED,GK,Brighton,20,2002,21,1890,90,55.3,21.0,21,90,21,0,,17,1.38,31,28,+3,+0.14,+0.73,28.4,30.5,-2.1,-0.10,-0.30
698,Guglielmo Vicario,it ITA,GK,Tottenham,26,1996,38,3420,90,100.0,38.0,38,90,38,0,,0,1.74,74,61,+13,+0.34,,68.2,63.4,+4.8,+0.13,
699,Fabio Vieira,pt POR,"MF,FW",Arsenal,23,2000,11,297,27,8.7,3.3,2,62,0,9,19,13,2.36,11,2,+9,+2.73,+1.20,8.2,1.8,+6.4,+1.94,+0.74
700,Lawrence Vigouroux,cl CHI,GK,Burnley,29,1993,0,,,,,0,,0,0,,5,,,,,,,,,,,
701,Carlos Vinícius,br BRA,FW,Fulham,28,1995,13,315,24,9.2,3.5,2,61,0,11,18,7,1.23,6,5,+1,+0.29,+0.49,6.5,4.3,+2.2,+0.63,+1.05
702,João Virgínia,pt POR,GK,Everton,23,1999,0,,,,,0,,0,0,,38,,,,,,,,,,,
703,Radek Vítek,,GK,Manchester Utd,19,2003,0,,,,,0,,0,0,,1,,,,,,,,,,,
704,Vitinho,br BRA,"DF,MF",Burnley,24,1999,32,2314,72,67.7,25.7,26,85,16,6,20,2,0.63,31,44,-13,-0.51,+1.45,29.3,46.0,-16.7,-0.65,+0.40
705,Odisseas Vlachodimos,gr GRE,GK,Nott'ham Forest,29,1994,5,450,90,13.2,5.0,5,90,5,0,,14,0.60,6,12,-6,-1.20,-0.84,4.9,7.5,-2.6,-0.53,-0.51
706,Kyle Walker,eng ENG,DF,Manchester City,33,1990,32,2767,86,80.9,30.7,30,89,27,2,52,3,2.34,78,29,+49,+1.59,-0.20,65.1,29.5,+35.6,+1.16,-0.12
707,Reuell Walters,eng ENG,DF,Arsenal,18,2004,0,,,,,0,,0,0,,8,,,,,,,,,,,
708,Aaron Wan-Bissaka,eng ENG,DF,Manchester Utd,25,1997,22,1780,81,52.0,19.8,20,88,16,2,11,3,1.32,30,34,-4,-0.20,-0.37,25.3,37.9,-12.7,-0.64,-0.65
709,Joel Ward,eng ENG,DF,Crystal Palace,33,1989,26,1980,76,57.9,22.0,23,85,19,3,6,5,1.19,23,34,-11,-0.50,-1.12,26.0,29.9,-4.0,-0.18,-0.21
710,James Ward-Prowse,eng ENG,MF,West Ham,28,1994,37,3001,81,87.7,33.3,34,86,28,3,23,0,1.38,52,65,-13,-0.39,-0.18,45.0,62.7,-17.7,-0.53,-0.31
711,Lewis Warrington,eng ENG,FW,Everton,20,2002,1,1,1,0.0,0.0,0,,0,1,1,7,3.00,0,0,0,0.00,+0.29,0.3,0.0,+0.3,+28.00,+28.04
712,Deivid Washington,br BRA,"DF,FW",Chelsea,18,2005,2,13,7,0.4,0.1,0,,0,2,7,17,1.50,1,1,0,0.00,-0.37,0.9,1.7,-0.8,-5.42,-5.87
713,Ollie Watkins,eng ENG,FW,Aston Villa,27,1995,37,3217,87,94.1,35.7,37,87,27,0,,0,1.84,72,56,+16,+0.45,+0.89,60.6,54.9,+5.6,+0.16,+1.16
714,Adam Webster,eng ENG,DF,Brighton,28,1995,15,1144,76,33.5,12.7,13,85,11,2,18,12,1.13,16,22,-6,-0.47,-0.43,21.9,17.5,+4.5,+0.35,+0.47
715,Danny Welbeck,eng ENG,"FW,MF",Brighton,32,1990,29,1693,58,49.5,18.8,21,70,4,8,28,1,1.21,25,28,-3,-0.16,+0.05,30.8,27.6,+3.2,+0.17,+0.27
716,Maxwell Wellings,eng ENG,DF,Bournemouth,18,2005,0,,,,,0,,0,0,,7,,,,,,,,,,,
717,Timo Werner,de GER,FW,Tottenham,27,1996,13,809,62,23.7,9.0,10,76,2,3,16,0,1.62,18,16,+2,+0.22,-0.16,17.2,11.5,+5.8,+0.64,+0.67
718,Adam Wharton,eng ENG,MF,Crystal Palace,19,2004,16,1297,81,37.9,14.4,15,82,6,1,63,0,1.56,27,16,+11,+0.76,+1.27,19.9,17.6,+2.3,+0.16,+0.40
719,Ethan Wheatley,eng ENG,FW,Manchester Utd,17,2006,3,16,5,0.5,0.2,0,,0,3,5,2,1.00,0,0,0,0.00,+0.03,0.1,0.3,-0.2,-1.29,-0.97
720,Ben White,eng ENG,DF,Arsenal,25,1997,37,2988,81,87.4,33.2,35,85,27,2,7,0,2.32,81,26,+55,+1.66,+0.20,67.4,24.7,+42.7,+1.29,+0.13
721,Joe White,eng ENG,MF,Newcastle Utd,20,2002,4,13,3,0.4,0.1,0,,0,4,3,10,1.00,2,0,+2,+13.85,+13.29,1.0,0.2,+0.8,+5.51,+5.14
722,Alfie Whiteman,eng ENG,GK,Tottenham,24,1998,0,,,,,0,,0,0,,1,,,,,,,,,,,
723,Matthew Whittingham,eng ENG,MF,Wolves,18,2004,0,,,,,0,,0,0,,1,,,,,,,,,,,
724,Joseph Whitworth,eng ENG,GK,Crystal Palace,19,2004,0,,,,,0,,0,0,,1,,,,,,,,,,,
725,Neco Williams,wls WAL,DF,Nott'ham Forest,22,2001,26,1637,63,47.9,18.2,18,85,14,8,13,5,0.92,23,33,-10,-0.55,-0.15,25.6,22.9,+2.7,+0.15,+0.45
726,Willian,br BRA,FW,Fulham,34,1988,31,2053,66,60.0,22.8,24,77,9,7,29,2,1.29,34,28,+6,+0.26,+1.05,33.9,34.9,-1.0,-0.04,+0.69
727,Joe Willock,eng ENG,MF,Newcastle Utd,23,1999,9,419,47,12.3,4.7,5,67,0,4,22,0,1.56,6,9,-3,-0.64,-1.42,5.7,7.9,-2.2,-0.48,-0.98
728,Callum Wilson,eng ENG,FW,Newcastle Utd,31,1992,20,991,50,29.0,11.0,9,80,5,11,25,0,1.65,30,15,+15,+1.36,+1.07,24.2,12.3,+11.9,+1.08,+0.98
729,Harry Wilson,wls WAL,FW,Fulham,26,1997,35,1620,46,47.4,18.0,16,76,5,19,22,1,1.26,21,30,-9,-0.50,-0.65,20.6,32.1,-11.5,-0.64,-0.61
730,Yoane Wissa,cd COD,FW,Brentford,26,1996,34,2493,73,72.9,27.7,29,81,9,5,30,0,0.97,40,40,0,0.00,+0.87,42.6,37.8,+4.8,+0.17,+0.43
731,Chris Wood,nz NZL,FW,Nott'ham Forest,31,1991,31,1812,58,53.0,20.1,20,83,13,11,14,0,0.94,28,34,-6,-0.30,+0.37,29.5,26.5,+3.0,+0.15,+0.50
732,Cauley Woodrow,eng ENG,"FW,MF",Luton Town,28,1994,24,427,18,12.5,4.7,2,62,0,22,14,8,0.63,10,11,-1,-0.21,+0.75,7.8,11.5,-3.7,-0.78,+0.18
733,Joe Worrall,eng ENG,DF,Nott'ham Forest,26,1997,7,439,63,12.8,4.9,5,85,3,2,7,7,1.57,7,8,-1,-0.21,+0.31,5.1,7.2,-2.1,-0.44,-0.40
734,Jacob Wright,eng ENG,MF,Manchester City,17,2005,0,,,,,0,,0,0,,1,,,,,,,,,,,
735,James Wright,eng ENG,GK,Aston Villa,18,2004,0,,,,,0,,0,0,,3,,,,,,,,,,,
736,Yehor Yarmoliuk,ua UKR,MF,Brentford,19,2004,27,688,25,20.1,7.6,6,61,0,21,15,11,1.19,13,9,+4,+0.52,+0.95,14.1,9.5,+4.6,+0.60,+0.68
737,Ryan Yates,eng ENG,MF,Nott'ham Forest,25,1997,35,1992,57,58.2,22.1,21,83,14,14,18,2,1.00,31,38,-7,-0.32,+0.38,27.9,32.0,-4.1,-0.18,-0.23
738,Ashley Young,eng ENG,"DF,MF",Everton,38,1985,31,2280,74,66.7,25.3,27,81,14,4,21,1,1.32,28,32,-4,-0.16,+0.39,36.5,33.1,+3.3,+0.13,+0.49
739,Kadan Young,eng ENG,MF,Aston Villa,17,2006,0,,,,,0,,0,0,,1,,,,,,,,,,,
740,Illia Zabarnyi,ua UKR,DF,Bournemouth,20,2002,37,3330,90,97.4,37.0,37,90,37,0,,0,1.22,51,67,-16,-0.43,-3.43,54.0,57.2,-3.2,-0.09,-1.07
741,Nicolò Zaniolo,it ITA,"FW,MF",Aston Villa,24,1999,25,839,34,24.5,9.3,9,61,0,16,18,5,1.60,17,13,+4,+0.43,+0.05,13.1,14.7,-1.6,-0.18,-0.35
742,Anass Zaroury,ma MAR,"FW,MF",Burnley,22,2000,6,152,25,4.4,1.7,1,67,0,5,17,7,0.17,2,4,-2,-1.18,-0.22,1.8,2.8,-1.1,-0.64,+0.15
743,Oleksandr Zinchenko,ua UKR,DF,Arsenal,26,1996,27,1722,64,50.4,19.1,20,79,7,7,21,5,2.26,38,15,+23,+1.20,-0.87,38.5,12.1,+26.4,+1.38,+0.22
744,Kurt Zouma,fr FRA,DF,West Ham,28,1994,33,2838,86,83.0,31.5,32,88,29,1,31,1,1.39,53,63,-10,-0.32,+0.30,43.4,59.2,-15.7,-0.50,-0.03
745,Oliwier Zych,pl POL,GK,Aston Villa,19,2004,0,,,,,0,,0,0,,1,,,,,,,,,,,
746,Martin Ødegaard,no NOR,MF,Arsenal,24,1998,35,3091,88,90.4,34.3,35,88,22,0,,1,2.37,81,23,+58,+1.69,+0.59,68.6,24.9,+43.7,+1.27,+0.04
